0,1.5,5,0.75,3,2,1,20,3,0,4,0,4,14,3,1
0,0,0,0,0,2,0,0,0,0,0,0,0,0,0,1
0,0,0,0,0,0,0,0,0,0,0,0,0,0,0,1
0,1,1,0,0,0,2,2,0,0,2,0,2,2,0,1
0,1,3.6666666667,0.6666666667,0,1,3,11,1,0,3,0,3,4,0,1
1,1.6666666667,6.6666666667,0.6666666667,0,1,1,20,1,0,3,1,3,7,0,1
0,1,3,1,1,1,1,3,0,0,1,0,1,2,1,1
0,2,9,1,0,0,1,9,1,0,1,1,1,2,0,1
0,1,1,0.3333333333,0,0,3,3,0,0,3,0,3,3,0,1
1,1,3,0,0,0,1,3,0,1,1,0,1,1,0,1
0,1,3.5,0.5,0,1,1,7,0,0,2,0,2,3,0,1
5,0,0,0,0,0,0,0,0,1,0,0,0,0,0,1
0,0,0,0,0,0,0,0,0,0,0,0,0,0,0,1
0,1,3,0,0,0,1,3,0,0,1,0,0,1,0,1
0,1,3,0,0,0,1,3,0,0,1,0,0,1,0,1
0,1,3,0,0,0,1,3,0,0,1,0,0,1,0,1
0,0,0,0,0,0,0,0,0,0,0,0,0,0,0,1
0,0,0,0,0,0,0,0,0,0,0,0,0,0,0,1
0,1,1,0.5,0,0,2,2,0,0,2,0,2,2,0,1
0,1,4,0,0,2,1,4,0,0,1,0,1,1,0,1
2,1,1,0,0,1,1,1,0,2,1,0,0,1,0,1
0,1,3,0,0,2,1,3,0,0,1,0,1,1,0,1
0,1,4,1,0,0,1,4,0,0,1,0,1,1,0,1
0,1.3333333333,4.6666666667,0.3333333333,0,1,3,14,0,0,3,0,3,3,0,1
31,2.6721311475,37.1639344262,1.2459016393,4,3,11,2267,16,3,61,0,39,189,44,0
0,1.75,7.5,0.25,1,1,1,30,3,0,4,0,2,15,1,1
11,1.8181818182,9.0454545455,0.9545454545,2,0,1,199,7,2,22,0,18,71,2,1
0,1,1,1.6,0,0,5,5,0,0,5,0,4,5,0,1
1,2.3,10,0.6,0,0,3,100,5,0,10,0,5,23,0,1
23,1,3.9090909091,0.5454545455,3,1,3,43,7,0,11,0,11,32,9,1
19,1,3.2727272727,1.0909090909,1,0,6,36,2,4,11,0,11,18,6,1
40,1,1,1,0,1,7,7,0,17,7,0,6,7,0,1
16,1,1,1,0,2,4,4,0,4,4,0,3,4,0,1
7,2.3043478261,13.5,1.1086956522,7,0,3,621,17,0,46,1,28,188,21,1
18,1.85,8.35,1,3,3,7,167,7,9,20,1,12,53,21,1
0,1.3333333333,4.3333333333,1.3333333333,1,1,1,13,2,0,3,0,3,9,1,1
0,2,9.6,0.8,2,1,1,96,7,0,10,0,5,43,2,1
1,0,0,0,0,0,0,0,2,0,0,0,0,0,0,1
0,2.0571428571,12.8285714286,0.8571428571,1,0,5,449,8,0,35,0,6,89,5,1
62,2.5857142857,14.8714285714,1.1,4,1,5,1041,37,4,70,2,34,280,20,0
4,1,1,0,0,0,1,1,0,1,1,0,0,1,0,1
3,1,3,0.3333333333,0,2,2,9,1,2,3,0,3,5,0,1
0,17,87,1,2,0,1,87,0,0,1,0,1,3,2,1
7,1,1,2,0,0,1,1,0,2,1,0,0,1,0,1
3,1,1,4,0,0,1,1,0,1,1,0,0,1,0,1
4,0,0,0,0,1,0,0,0,4,0,0,0,0,0,1
1,0,0,0,0,1,0,0,0,1,0,0,0,0,0,1
6,1,1,1,0,0,1,1,0,1,1,0,0,1,0,1
5,1,1,3,0,0,1,1,0,2,1,0,0,1,0,1
1,1,1,2,0,0,1,1,0,0,1,0,0,1,0,1
0,1,1,0,0,0,1,1,0,0,1,0,0,1,0,1
4,1,1,1,0,0,2,2,0,3,2,0,1,2,0,1
2,1,3.6666666667,1,0,0,1,11,2,0,3,0,3,6,0,1
1,1,3.75,1.5,1,1,1,15,2,0,4,0,4,9,1,1
0,1,3.25,0.75,0,2,3,13,1,0,4,0,4,6,0,1
9,1,1,0.3571428571,0,0,14,14,0,1,14,0,13,14,0,1
37,1.9,6.8,0.7,0,1,7,68,3,5,10,0,5,16,0,1
26,1,3.25,0.5,1,2,3,13,1,14,4,0,3,7,3,1
30,1,1,1,0,0,1,1,0,23,1,0,0,1,0,1
0,3.25,17.75,0.5,1,2,3,71,2,0,4,0,4,8,3,1
0,2.6666666667,10.3333333333,0.4444444444,2,3,2,93,4,0,9,0,8,31,4,1
0,1.8,7.4,0.4,1,3,1,37,1,0,5,0,4,13,1,1
0,2,10,0.6,3,2,2,50,4,0,5,0,5,20,6,1
4,1.4210526316,12.8947368421,0.4736842105,2,3,3,245,11,0,19,0,16,72,6,1
12,1.2,4.2,0.8666666667,0,1,1,63,4,6,15,0,15,33,0,1
0,7.6666666667,34,0.3333333333,1,2,1,102,9,0,3,0,3,15,1,1
0,8,36,1.5,2,2,1,72,4,0,2,0,2,11,2,1
0,2,8.5,0.5,2,2,2,17,1,0,2,0,2,5,4,1
0,2,10.5,0.5,2,2,1,21,1,0,2,0,2,6,2,1
0,7.5,35,1,1,2,1,70,2,0,2,0,2,8,1,1
0,3.5,14.5,1,1,2,1,29,2,0,2,0,2,8,1,1
1,1.5,5,0.3333333333,1,1,5,30,3,0,6,0,4,15,5,1
1,1.6666666667,5.3333333333,0.3333333333,1,1,5,32,7,0,6,0,4,19,5,1
0,2.3,8.3,0.5,4,3,1,83,10,0,10,0,6,42,4,1
1,2.1,7.3,0.5,3,3,2,73,5,0,10,0,7,34,6,1
0,1,3,0.5,1,0,1,6,1,0,2,0,2,5,1,1
1,2.0909090909,7.9090909091,0.5454545455,5,3,2,87,7,0,11,0,8,45,10,1
0,2.2857142857,8.5714285714,0.4285714286,3,3,2,60,3,0,7,0,5,24,6,1
0,2.625,10.5625,0.5625,5,3,2,169,9,0,16,0,8,58,10,1
1,1,3,0.5,0,0,2,12,2,0,4,0,4,8,0,1
0,2.3636363636,11.7272727273,0.4545454545,3,3,2,129,7,0,11,0,9,41,6,1
0,1,3,1.5,1,2,2,6,0,0,2,0,2,3,2,1
0,4,14.25,0.5,0,2,3,57,3,0,4,0,4,8,0,1
0,2,7,0.4285714286,3,3,2,49,3,0,7,0,5,22,6,1
0,2.375,9.25,0.5,4,3,2,74,3,0,8,0,5,26,8,1
1,1.3333333333,4,0.6666666667,0,0,1,12,1,0,3,0,3,6,0,1
0,2.5714285714,9.8571428571,0.4285714286,3,3,2,69,3,0,7,0,5,24,6,1
0,2,7.2857142857,0.4285714286,3,3,2,51,4,0,7,0,5,22,6,1
0,2.8,9.7,0.5,4,3,1,97,10,0,10,0,6,42,4,1
7,1.5263157895,5.0526315789,0.8947368421,3,2,3,96,5,0,19,0,19,50,9,1
12,1,1,1,0,0,1,1,0,4,1,0,0,1,0,1
0,0,0,0,0,2,0,0,0,0,0,0,0,0,0,1
0,0,0,0,0,2,0,0,0,0,0,0,0,0,0,1
7,1.5,5.5,1,1,1,1,11,1,7,2,0,2,6,1,1
0,2.6666666667,12,1,1,2,1,36,2,0,3,0,3,8,1,1
0,2,6,1,0,1,1,12,1,0,2,0,2,4,0,1
0,1.8,7,0.8,6,2,1,35,8,0,5,0,4,30,6,1
0,2,7.4,0.8,6,2,1,37,8,0,5,0,4,29,6,1
0,1,3,1,1,2,1,3,0,0,1,0,1,2,1,1
0,2,6,1,1,2,1,6,0,0,1,0,1,2,1,1
0,2.75,10,1,2,1,1,40,1,0,4,0,3,11,2,1
0,1,4,1,0,2,1,4,1,0,1,0,1,2,0,1
7,3.2,15.9,1,4,0,2,159,5,0,10,3,7,30,8,1
0,5,26,1,0,0,1,26,1,0,1,0,1,2,0,1
4,1.3225806452,4.3870967742,0.5483870968,2,0,7,136,14,0,31,0,31,76,14,1
0,3,10.5,1,0,1,2,21,1,0,2,0,2,3,0,1
0,3.5,13,1,1,1,2,26,1,0,2,0,2,4,2,1
2,2.5384615385,15.9230769231,1.0769230769,10,1,5,207,7,0,13,1,5,59,50,1
5,1.1666666667,3.8333333333,3.6666666667,0,0,6,23,0,4,6,0,5,6,0,1
0,1.4444444444,7.2222222222,2,5,1,1,65,3,0,9,0,9,41,5,1
0,3,13,5,1,1,1,13,0,0,1,0,1,2,1,1
0,14,71.5,5,4,1,2,143,0,0,2,0,2,14,8,1
0,8.75,42.5,3.5,5,1,3,170,0,0,4,0,3,24,15,1
0,2.6,17.2,3.4,6,1,5,86,0,0,5,0,5,21,30,1
8,3.25,19.5,2.25,5,1,3,78,7,0,4,0,2,19,15,1
12,1.25,5.25,2,1,1,1,21,2,6,4,0,4,14,1,1
0,2,10,1.5,3,1,1,40,1,0,4,0,4,18,3,1
0,4,18,2,4,2,3,72,0,0,4,0,3,25,12,1
0,4.6666666667,22,2,4,2,2,66,1,0,3,0,3,20,8,1
0,1.5,6.5,2.5,3,2,2,13,0,0,2,0,2,8,6,1
0,2,11.25,3,7,2,1,45,5,0,4,0,4,35,7,1
0,2,13,3,5,2,1,52,5,0,4,0,4,28,5,1
0,1.5,6,2.5,5,2,1,24,3,0,4,0,4,22,5,1
0,1,4,1,0,1,2,8,0,0,2,0,2,2,0,1
4,3.75,14.5,0.5,1,1,2,58,0,2,4,0,2,8,2,1
0,3.5,17.5,0.5,2,2,2,35,0,0,2,0,2,5,4,1
5,1,1,1,0,0,1,1,0,2,1,0,0,1,0,1
4,1.1428571429,3.5714285714,0.4285714286,0,0,4,25,3,1,7,0,7,13,0,1
0,1.3333333333,4.3333333333,0.6666666667,1,1,1,13,1,0,3,0,3,9,1,1
0,2.6666666667,11.6666666667,0.3333333333,0,1,2,35,2,0,3,1,2,7,0,1
0,2,9.5,0.5,1,2,2,19,0,0,2,0,2,3,2,1
9,3.4090909091,20.6136363636,1.8409090909,12,0,4,907,13,0,44,0,27,141,48,0
0,2.6,11.6,0.8,4,0,1,58,5,0,5,0,4,27,4,1
6,1,2.8333333333,1,0,0,5,17,1,2,6,0,0,8,0,1
0,1,3.5,2,1,1,2,7,0,0,2,0,0,3,2,1
0,1.8,6.6,2,1,1,2,33,4,0,5,0,0,15,2,1
1,2.3333333333,8.3333333333,2.6666666667,1,0,2,25,2,0,3,0,0,9,2,1
1,1,4,2,0,0,1,4,2,0,1,0,1,2,0,1
2,1,1,3,0,0,1,1,0,1,1,0,0,1,0,1
0,5,26.4444444444,1.7777777778,0,0,1,238,10,0,9,8,1,32,0,1
0,1,3,1,0,0,1,3,1,0,1,0,1,1,0,1
0,4.1538461538,28.2307692308,0.9230769231,0,0,6,367,13,0,13,2,10,33,0,1
0,9.5,45,1.5,0,4,1,90,16,0,2,0,0,17,0,1
0,1.25,6.25,0.6666666667,3,6,3,75,4,0,12,2,6,38,9,1
0,3.1428571429,14.1428571429,1.2142857143,4,3,4,198,6,0,14,2,12,61,16,1
0,3.25,11.875,0.875,3,2,1,95,2,0,8,1,8,26,3,1
0,3.5,28,1.8333333333,7,4,1,168,2,0,6,0,1,60,7,1
1,1,3.5,0.5,0,0,13,91,13,0,26,0,26,39,0,1
0,1.1666666667,6.8333333333,1.6666666667,2,4,1,41,1,0,6,0,4,26,2,1
0,1.1666666667,3.3333333333,1,1,4,6,20,0,0,6,0,6,7,6,1
1,2,9,1,2,5,1,9,0,1,1,0,0,3,2,1
0,1,3,0,1,4,1,6,1,0,2,1,0,6,1,1
0,1,2,0,0,4,1,2,0,0,1,0,1,1,0,1
0,1,3.3333333333,1.6666666667,1,4,3,10,0,0,3,0,3,8,3,1
12,1.6,5.8,0.6,1,1,3,58,6,0,10,1,9,23,3,1
0,1,2,0,0,0,1,2,34,0,1,34,0,1,0,1
2,5.125,27.03125,1.4375,9,1,2,865,24,1,32,1,5,148,18,1
3,1.4,5.6,0.8,2,4,2,28,1,1,5,0,4,13,4,1
0,5,27.6666666667,0.3333333333,0,0,1,83,4,0,3,0,3,12,0,1
286,1.7142857143,8.5476190476,1.3968253968,6,1,28,1077,33,1,126,12,109,323,168,0
0,1.3333333333,5.3333333333,0.6666666667,1,1,2,16,1,0,3,0,1,6,2,1
806,1.2,4.1,0.6,1,0,4,41,3,32,10,0,10,22,4,1
13,1.6551724138,6.7931034483,1.4137931034,6,0,22,197,12,3,29,7,29,51,132,0
3,1.75,5.25,0.5,0,0,1,21,5,0,4,3,3,8,0,1
4,2.9230769231,17.6923076923,0.5384615385,1,0,3,230,5,0,13,0,6,34,3,1
0,1.5,6.25,0.25,1,1,2,25,2,0,4,0,3,10,2,1
5,1,1,1,0,0,1,1,0,2,1,0,0,1,0,1
3,1.0909090909,3.7272727273,0.9090909091,1,2,3,41,0,0,11,0,8,26,3,1
1,2,6.625,1.25,0,0,1,53,1,0,8,0,7,16,0,1
0,1,2.5,0,0,0,2,5,1,0,2,1,1,2,0,1
1,1,1,1,0,0,2,2,0,1,2,0,1,2,0,1
1,3,12.2857142857,1.4285714286,2,1,1,86,3,0,7,0,5,20,2,1
0,1,1,3,0,1,1,1,0,0,1,0,0,1,0,1
1,2,12.4,2,2,1,1,62,7,0,5,0,5,24,2,1
12,2.0217391304,8.5,1.5217391304,1,1,6,391,10,0,46,0,37,121,6,1
5,0,0,0,0,0,0,0,0,3,0,0,0,0,0,1
1,1,1,2,0,1,1,1,0,1,1,0,0,1,0,1
1,1,1,3,0,1,2,2,0,1,2,0,1,2,0,1
10,2.12,8.36,0.92,2,1,3,209,11,0,25,0,23,65,6,1
7,1,1,1,0,2,2,2,0,4,2,0,1,2,0,1
31,1.6551724138,7.2068965517,0.724137931,6,1,2,209,10,1,29,0,27,95,12,1
0,1,4,0.5,2,1,1,8,1,0,2,0,2,7,2,1
0,1,4,0.5,2,1,1,8,1,0,2,0,2,7,2,1
490,1.4137931034,5.5862068966,0.7586206897,7,1,8,162,6,144,29,0,19,109,56,0
1,2.1428571429,11.8571428571,0.7142857143,4,2,3,83,1,0,7,0,7,19,12,1
0,1.75,6.5,1,2,0,1,26,2,0,4,0,4,11,2,1
17,1,1,1,0,0,1,1,0,13,1,0,0,1,0,1
7,2.0666666667,9.4666666667,0.7333333333,6,2,3,426,25,4,45,1,34,139,18,1
0,1,3,0.5,0,0,1,6,1,0,2,0,2,4,0,1
7,1.5,6.0833333333,0.7083333333,11,2,4,146,15,2,24,1,13,85,44,0
3,3.1034482759,14.6896551724,0.7586206897,9,2,3,426,14,0,29,0,20,152,27,1
0,1,3,0.3333333333,0,1,2,9,1,0,3,0,3,5,0,1
2,1,3,0.3333333333,0,0,2,9,1,0,3,0,3,5,0,1
1,1,1,0,0,0,1,1,3,0,1,0,0,1,0,1
1,2.6666666667,14.3333333333,1,8,2,1,86,4,0,6,1,3,38,8,1
16,1.5,4.5,0.5,0,2,2,18,2,3,4,0,4,8,0,1
1,2.4,13,0.8,2,2,3,65,3,0,5,0,3,15,6,1
3,1,1,2.5,0,0,4,4,0,2,4,0,3,4,0,1
0,5.25,30.25,2.125,3,1,2,242,4,0,8,0,6,27,6,1
2,1.1176470588,3.7058823529,0.3529411765,4,4,12,63,9,0,17,4,17,38,48,1
0,1,3,0.4,0,0,3,15,2,0,5,0,5,9,0,1
0,1.8333333333,6.8333333333,0.3333333333,4,2,4,41,1,0,6,0,4,25,16,1
0,3.1428571429,12.9047619048,0.8095238095,7,2,2,271,14,0,21,0,17,103,14,1
1,1,3,0,1,1,3,9,1,0,3,0,3,6,3,1
0,2,7.5,0.75,2,2,2,30,3,0,4,0,4,12,4,1
0,2.4,9.2,0.8,5,2,1,46,3,0,5,0,5,20,5,1
0,3.4,21,0.4,4,2,1,105,4,0,5,0,2,24,4,1
0,2.6666666667,15,0,5,3,3,45,2,0,3,0,0,12,15,1
0,1.5,9.5,0,2,3,2,19,0,0,2,0,0,6,4,1
0,1.8571428571,6.5,0.9285714286,3,2,1,91,4,0,14,0,14,57,3,1
0,3.1666666667,15.2916666667,0.8333333333,6,3,2,367,21,0,24,0,17,96,12,1
1,1,4,0.5,1,4,1,8,1,0,2,0,1,5,1,1
1,1,139,0,1,1,5,695,4,0,5,0,4,6,5,1
0,1.3888888889,6,0.6111111111,6,4,7,108,3,0,18,0,16,76,42,1
0,2.5,11.5,0.7,5,2,2,115,6,0,10,1,10,36,10,1
0,2.5,8,0.5,2,2,1,16,1,0,2,0,2,6,2,1
0,2,6,0.6666666667,1,2,1,18,2,0,3,0,3,8,1,1
0,2.75,18.75,0.75,4,2,1,75,3,0,4,2,1,21,4,1
0,1,11.5,0,4,2,1,23,0,0,2,0,1,13,4,1
13,1,1,0.5,0,0,2,2,0,1,2,0,1,2,0,1
12,1,1,0,0,0,1,1,0,1,1,0,0,1,0,1
0,3.4,18.6,1.4,0,0,3,93,1,0,5,0,2,9,0,1
22,2.5,14.78125,0.65625,8,1,5,473,24,11,32,0,3,181,40,0
0,5.3333333333,34,0,5,2,1,102,1,0,3,0,2,37,5,1
0,2,43,0,3,2,1,43,1,0,1,0,1,6,3,1
0,2,23,0,3,2,1,23,1,0,1,0,1,6,3,1
0,2.5,20,1,3,2,1,40,0,0,2,0,1,18,3,1
0,10,76,0,6,2,1,76,0,0,1,0,1,28,6,1
0,5.5,35.5,0,5,2,1,71,0,0,2,0,1,27,5,1
0,1,7.5,0,4,2,2,15,0,0,2,0,1,12,8,1
0,1,3,0,1,5,1,3,0,0,1,0,1,2,1,1
2,1.8787878788,7.6060606061,0.696969697,8,2,4,251,23,0,33,0,28,128,32,1
1,2.7777777778,10.2777777778,0.7222222222,3,1,12,185,11,0,18,0,10,36,36,1
0,3.6666666667,16,0.3333333333,4,3,1,48,1,0,3,0,2,18,4,1
0,3,10,0,2,2,1,10,0,0,1,0,1,3,2,1
0,1.6666666667,4.3333333333,0.6666666667,1,3,3,13,0,0,3,0,3,4,3,1
0,2.4,8.9,0.3,3,2,1,89,3,0,10,0,8,33,3,1
45,1,1,0,0,0,1,1,0,39,1,0,0,1,0,1
19,1,3,0.8333333333,0,1,2,72,2,8,24,0,20,48,0,1
1,1.25,4.75,0.75,0,1,2,19,3,0,4,0,4,8,0,1
1,1.8,6.1,0.9,0,1,1,61,7,0,10,0,8,30,0,1
1,1.5,7,0.75,1,1,1,28,4,0,4,0,4,12,1,1
0,1.6666666667,6,0.3333333333,1,1,1,36,2,0,6,0,5,16,1,1
0,2.3636363636,9.3636363636,0.8181818182,4,1,1,103,6,0,11,0,8,43,4,1
0,2.25,10.25,0.75,1,1,1,41,5,0,4,0,4,12,1,1
0,1,3,0.3333333333,0,1,1,9,1,0,3,0,3,6,0,1
0,1.5,4.5,0.5,0,1,1,9,1,0,2,0,2,4,0,1
0,1.75,6.5,0.5,5,3,1,26,3,0,4,0,4,16,5,1
0,2.875,11.25,0.625,3,1,1,90,5,0,8,0,6,27,3,1
0,1,4.3333333333,0.3333333333,1,1,2,13,6,0,3,0,3,10,2,1
0,2.8,15.4,0.8,1,1,1,77,15,0,5,9,4,24,1,1
0,2.6666666667,11.6666666667,0.6666666667,3,1,1,35,2,0,3,0,3,12,3,1
0,1.5,4.5,0.5,2,1,2,9,1,0,2,0,2,5,4,1
1,3.2,15.6,1,2,2,1,78,5,0,5,0,4,19,2,1
0,1.5,4.5,0.5,0,1,1,9,1,0,2,0,2,4,0,1
0,1.5714285714,5.5714285714,0.8571428571,3,1,2,39,5,0,7,0,7,20,6,1
0,3,10,0,1,2,1,10,0,0,1,0,1,3,1,1
0,1.25,3.75,0.75,1,1,2,15,1,0,4,0,4,8,2,1
0,3,10,0,2,2,1,10,0,0,1,0,1,3,2,1
0,1.6666666667,4.3333333333,0.6666666667,1,3,3,13,0,0,3,0,3,4,3,1
0,2.5,9.1666666667,1.0833333333,0,1,2,110,21,0,12,12,12,56,0,1
0,2,8.4285714286,0.4285714286,1,1,2,59,10,0,7,7,6,31,2,1
0,2.4444444444,9.1111111111,0.5555555556,3,1,1,82,5,0,9,0,7,33,3,1
0,1.6666666667,5,0.3333333333,1,1,1,15,1,0,3,0,2,8,1,1
0,3,11.6666666667,0.6666666667,2,1,1,35,2,0,3,0,3,11,2,1
0,2.6666666667,10.6666666667,0.6666666667,1,1,1,32,2,0,3,0,3,8,1,1
0,1.75,7.25,0.75,3,1,1,29,2,0,4,0,3,14,3,1
0,2,11,0,2,2,1,11,0,0,1,0,1,3,2,1
0,1.7142857143,5.7142857143,0.7142857143,3,2,5,40,0,0,7,0,7,15,15,1
6,2.9795918367,13.6326530612,0.9591836735,13,2,2,668,29,2,49,0,30,209,26,0
0,2.5714285714,11.4285714286,1.1428571429,4,3,1,80,6,0,7,0,6,26,4,1
0,2.2,9,0.8,3,2,1,45,4,0,5,0,5,17,3,1
0,2.3333333333,9.4444444444,0.6666666667,5,2,2,85,9,0,9,3,8,37,10,1
0,1,2,0,0,3,1,2,0,0,1,0,1,1,0,1
3,2.8461538462,18.8461538462,0.7692307692,1,0,3,245,18,0,13,0,5,72,3,1
0,2.5882352941,15.2352941176,0.9411764706,12,3,1,259,10,0,17,0,12,87,12,1
2,2.3333333333,33,1.6666666667,2,0,2,99,3,0,3,0,1,14,4,1
3,1,3.3333333333,1,0,0,1,30,4,0,9,0,9,23,0,1
0,3.2352941176,18.4705882353,1.2352941176,5,3,1,314,19,0,17,0,8,90,5,1
1,1.4285714286,5.4285714286,0.8571428571,0,0,1,38,3,0,7,0,7,19,0,1
1,1.4,5,0.4,0,0,1,25,2,0,5,0,5,11,0,1
1,3.8333333333,15.6666666667,0.3333333333,4,3,1,94,6,0,6,0,6,24,4,1
1,1.2,4.2,1,0,0,1,21,3,0,5,0,0,12,0,1
0,1,3,1,1,2,1,6,1,0,2,0,1,5,1,1
1,1.6666666667,8,0.3333333333,1,2,3,24,0,0,3,0,1,6,3,1
0,2.5,12.1666666667,0.6666666667,1,2,1,73,4,0,6,0,5,17,1,1
0,2.2,8,0.8,1,2,2,40,5,0,5,0,5,13,2,1
10,1.2307692308,4.2307692308,0.3076923077,2,3,2,55,2,3,13,0,10,29,4,1
6,2.9583333333,13.75,0.875,7,4,1,330,14,2,24,0,15,111,7,1
0,1,3,0.3333333333,1,1,3,9,8,0,3,8,3,9,3,1
0,1,3,0,0,1,1,3,2,0,1,2,1,1,0,1
2,2.1489361702,9.4468085106,0.914893617,11,3,1,444,16,0,47,0,41,150,11,1
0,1,2.75,0.75,0,1,2,11,4,0,4,0,3,12,0,1
0,4,19.3333333333,0.6666666667,2,2,1,58,1,0,3,0,2,9,2,1
1,1.8666666667,8.1333333333,1.1333333333,8,3,1,122,6,0,15,0,8,59,8,1
0,1,4,1,1,4,1,4,0,0,1,0,0,2,1,1
0,1,3.4,0.2,2,1,2,17,1,0,5,0,3,14,4,1
0,1,3,0,0,2,1,3,1,0,1,0,1,2,0,1
0,1.6666666667,5.6666666667,0.6666666667,2,2,2,17,2,0,3,0,3,9,4,1
0,1.5714285714,9.5714285714,1.1428571429,5,5,4,67,4,0,7,0,4,26,20,1
1,1.2222222222,4.7777777778,0.8888888889,5,2,1,43,7,0,9,0,9,33,5,1
0,0,0,0,0,2,0,0,0,0,0,0,0,0,0,1
0,1.75,8,0.75,3,2,1,32,4,0,4,0,4,14,3,1
1,1.75,5,0.25,1,1,3,20,4,0,4,1,4,12,3,1
4,3.25,13.625,0.625,0,0,2,109,2,0,8,0,7,17,0,1
3,1.9117647059,8.8235294118,0.8823529412,6,2,1,300,26,2,34,4,33,130,6,1
0,1,3,0,1,1,1,3,0,0,1,0,1,5,1,1
2,1,3,0.5,0,0,2,12,2,0,4,0,4,8,0,1
7,1,2.9166666667,0.7916666667,0,0,21,70,19,2,24,0,20,46,0,1
5,1.3636363636,5.6363636364,0.6363636364,1,1,3,62,5,0,11,0,11,25,3,1
0,7.25,48,1.25,6,1,1,192,3,0,4,0,1,43,6,1
1,1.4285714286,5.1428571429,0.2857142857,0,0,2,36,4,0,7,0,7,16,0,1
0,1,4,1,0,1,1,8,2,0,2,0,2,6,0,1
1,8,41.6666666667,1.3333333333,6,1,1,125,0,1,3,0,1,36,6,1
0,3,20,2,1,2,1,20,0,0,1,0,0,2,1,1
1,2.3,12.9,0.8,3,2,2,129,6,0,10,0,7,35,6,1
0,2.6666666667,10,0.6666666667,1,0,1,30,4,0,3,0,3,13,1,1
21,1.7826086957,7.1086956522,0.7391304348,10,2,4,327,23,1,46,0,32,182,40,0
20,2.59375,15.09375,0.75,5,0,3,483,15,0,32,1,26,111,15,1
6,2.9166666667,16.25,0.9166666667,7,1,2,195,9,0,12,0,12,69,14,1
9,2.78125,14.34375,1.21875,13,3,2,459,18,4,32,0,19,146,26,0
0,1,3,0,0,1,1,3,2,0,1,2,1,3,0,1
13,1,1,0.6,0,0,5,5,0,5,5,0,4,5,0,1
3,1.6666666667,6.6666666667,0.4444444444,1,1,2,60,5,0,9,0,8,29,2,1
0,1.7692307692,6.6153846154,0.5384615385,4,2,1,86,5,0,13,0,9,42,4,1
1,2,7,0,1,2,1,7,0,0,1,0,1,3,1,1
2,2.7272727273,12.8636363636,1.1818181818,8,2,1,283,15,1,22,2,16,79,8,1
0,1.6,6.6,0.6,4,2,1,33,3,0,5,0,4,21,4,1
1,2.0588235294,9.5882352941,0.8823529412,9,3,1,163,11,0,17,1,15,82,9,1
1,3,16.125,0.25,2,1,2,129,13,0,8,0,7,31,4,1
0,1,3.2105263158,0.5263157895,1,0,4,61,5,0,19,0,19,42,4,1
0,1,3,0,0,1,1,3,0,0,1,0,1,1,0,1
0,1,4,0,0,1,1,4,0,0,1,0,1,1,0,1
0,2.4615384615,11.9230769231,0.8461538462,2,2,1,155,12,0,13,0,13,46,2,1
1,1,3,0.5,0,0,2,12,2,0,4,0,4,8,0,1
0,2,12.5,0.25,1,0,1,50,1,0,4,0,4,10,1,1
2,2.5555555556,11.5,1.0555555556,8,2,5,207,20,0,18,0,17,66,40,1
0,0,0,0,0,1,0,0,0,0,0,0,0,0,0,1
3,1,1,0,0,0,3,3,0,2,3,0,2,3,0,1
0,1,2.6666666667,0,0,1,3,8,0,0,3,0,3,3,0,1
0,1.25,4.25,0.25,1,1,1,17,2,0,4,0,4,10,1,1
1,4.2222222222,25.7777777778,1,6,0,1,232,12,0,9,0,1,71,6,1
0,2,11.3333333333,0,4,3,3,34,2,0,3,0,0,11,12,1
0,1.5,7.5,0,2,3,2,15,0,0,2,0,0,6,4,1
0,3.4,15.2,0.8,3,2,1,152,16,0,10,0,3,59,3,1
0,2.5454545455,15.8181818182,0.9090909091,9,2,1,174,6,0,11,0,7,51,9,1
1,1.75,7.625,0.625,6,2,2,61,6,0,8,0,8,32,12,1
1,1.5714285714,5.2857142857,0.4285714286,4,4,1,37,3,0,7,0,6,20,4,1
1,1,3,0,1,1,2,6,2,0,2,0,1,5,2,1
2,3.6216216216,19.6756756757,1.2432432432,13,4,5,728,21,2,37,0,17,198,65,0
0,1,3,0,0,1,1,3,0,0,1,0,1,1,0,1
1,1,2.75,0.25,1,1,4,11,0,0,4,0,4,7,4,1
10,1.7903225806,7.1935483871,0.8709677419,12,2,3,446,18,0,62,0,43,262,36,0
10,1.625,6.4204545455,0.4886363636,11,3,20,565,49,2,88,0,76,300,220,0
0,1,3,1,1,3,1,3,0,0,1,0,1,2,1,1
1,2.2,10.219047619,1,25,2,3,1073,36,0,105,0,82,405,75,1
1,1,3,0.5,0,0,2,12,2,0,4,0,4,8,0,1
2,1.3333333333,4.1666666667,0.5,2,1,2,25,2,1,6,0,6,16,4,1
1,1,4.5,0,0,2,1,9,1,0,2,0,2,4,0,1
2,1,3,0.3333333333,0,0,1,9,1,0,3,0,3,6,0,1
1,1,3,0.5,0,0,2,12,1,0,4,0,4,7,0,1
2,1,3,0.5,0,0,1,6,1,0,2,0,2,4,0,1
0,1,5,0,0,1,1,5,0,0,1,0,1,1,0,1
1,1,3,0.5,0,0,1,6,1,0,2,0,1,4,0,1
1,1,3,0.4545454545,0,0,6,33,5,0,11,0,11,21,0,1
1,4,16.4,0.6,3,4,2,82,3,0,5,0,5,15,6,1
1,1.4285714286,5.2857142857,0.5714285714,2,0,3,37,2,0,7,0,7,16,6,1
1,2.6666666667,9.3333333333,1,1,3,2,28,1,0,3,0,0,6,2,1
3,1.8076923077,8.4230769231,0.5384615385,6,2,2,219,14,1,26,0,21,79,12,1
0,4.5,35,2,2,0,1,70,4,0,2,0,0,14,2,1
0,12.5,86.5,0.5,6,2,1,173,0,0,2,0,1,40,6,1
0,1.6666666667,7.0833333333,0.8333333333,1,1,4,85,7,0,12,0,5,31,4,1
0,2.2857142857,13.4285714286,1,1,2,3,94,4,0,7,0,7,16,3,1
13,2.1111111111,16.1111111111,1.7777777778,1,0,5,145,3,2,9,0,6,18,5,1
5,1,3.5,2,1,1,1,7,1,5,2,0,1,5,1,1
1,3,16,4,0,1,1,16,0,1,1,0,1,1,0,1
0,2,8,2.5,0,2,2,16,0,0,2,0,2,2,0,1
0,2,15.5,2.5,0,2,2,31,0,0,2,0,2,2,0,1
0,3,19.5,3,2,2,1,39,1,0,2,0,2,6,2,1
0,3,18,3,2,2,1,36,1,0,2,0,2,6,2,1
0,2.2,13,2.2,2,2,2,65,0,0,5,0,3,11,4,1
0,2,14.5,2.5,0,2,2,29,0,0,2,0,2,2,0,1
0,1.8823529412,6.4705882353,0.8235294118,7,2,4,110,11,0,17,0,14,61,28,1
0,1,3,0,0,1,1,3,1,0,1,0,1,2,0,1
0,0,0,0,0,2,0,0,0,0,0,0,0,0,0,1
7,1,2.5,0.5,0,0,2,10,1,2,4,0,0,7,0,1
0,1.5,7,1,2,1,2,14,0,0,2,0,0,6,4,1
3,1.25,4.25,0.5,3,1,3,17,1,1,4,0,0,10,9,1
0,1,3.5,0.5,2,2,2,7,0,0,2,0,0,5,4,1
0,1,3,1,1,3,1,3,0,0,1,0,1,2,1,1
0,1.8461538462,7.8461538462,0.6923076923,7,2,1,102,5,0,13,0,12,53,7,1
2,3.1428571429,16.1428571429,0.8571428571,6,2,3,113,4,1,7,0,7,31,18,1
0,1.5,4.5,0.5,1,2,1,9,1,0,2,0,2,5,1,1
4,1.1428571429,3.8571428571,1.1428571429,1,2,2,27,2,2,7,0,4,16,2,1
0,1.3333333333,5.6666666667,2,1,2,3,17,0,0,3,0,3,5,3,1
5,2.7894736842,10.9473684211,0.7368421053,12,3,4,208,8,0,19,0,15,67,48,1
1,2,6.6666666667,0.6666666667,1,1,1,20,1,0,3,0,3,7,1,1
1,1.9,5.5,0.5,1,0,3,55,4,0,10,0,10,24,3,1
1,1.25,4.1666666667,0.5,1,0,2,50,5,0,12,0,12,30,2,1
1,1.3,4.5,0.5,1,0,2,45,4,0,10,0,10,26,2,1
0,1.75,6.5,1.5,2,1,1,26,1,0,4,0,4,13,2,1
0,5.1818181818,25.0909090909,0.9090909091,8,2,2,276,11,0,11,0,7,85,16,1
0,1,3,0.5,0,1,1,6,1,0,2,0,2,4,0,1
0,2.1538461538,9.6923076923,0.7692307692,5,2,2,126,9,0,13,3,7,54,10,1
5,2.8333333333,13.2222222222,0.7777777778,2,0,3,238,18,0,18,11,18,73,6,1
2,2,8.1764705882,0.8235294118,1,0,3,139,5,0,17,0,16,49,3,1
3,2.7222222222,12.3333333333,0.8333333333,2,0,3,222,3,0,18,0,17,66,6,1
0,3.6,19,0.8,4,2,1,95,4,0,5,0,5,17,4,1
0,1,3,1,0,0,1,3,1,0,1,0,1,1,0,1
0,2.6,12.2,0.8,4,2,1,122,7,0,10,1,9,37,4,1
0,1,3,0,0,1,1,3,0,0,1,0,1,1,0,1
45,1.1219512195,3.5609756098,0.7804878049,3,2,1,146,1,22,41,0,39,125,3,1
0,2.75,11.75,0.5,2,2,1,47,2,0,4,0,3,11,2,1
0,5.3,25,1.7,7,3,3,250,1,0,10,0,2,78,21,1
0,2.3333333333,10,0.6666666667,3,2,1,30,2,0,3,0,3,10,3,1
0,2.125,9.4583333333,0.625,9,2,2,227,14,0,24,0,18,101,18,1
0,2.6923076923,16.3846153846,0.7692307692,9,3,1,213,9,0,13,0,7,62,9,1
5,1.9090909091,8.1818181818,0.4545454545,6,3,2,90,6,3,11,2,9,43,12,1
0,1,5,0,2,4,1,5,0,0,1,0,1,4,2,1
0,1,5,0,2,4,1,5,1,0,1,1,1,5,2,1
0,1,4,0,1,4,1,4,0,0,1,0,1,3,1,1
0,1.5,6.7,0.5,4,3,6,134,12,0,20,6,19,61,24,1
0,1.4444444444,6.1111111111,0.4444444444,3,3,2,55,6,0,9,3,8,32,6,1
12,1.3333333333,5.5,0.8333333333,3,2,3,33,8,3,6,5,3,19,9,1
0,1.6875,7.625,0.5625,4,3,1,122,13,0,16,7,13,64,4,1
0,1.64,8.44,0.56,4,3,1,211,19,0,25,10,19,98,4,1
0,1.5789473684,7.4736842105,0.5789473684,4,3,1,142,11,0,19,5,14,68,4,1
0,1.8571428571,8.1904761905,0.619047619,4,3,1,172,13,0,21,6,15,82,4,1
0,1.4444444444,7.0555555556,0.5555555556,4,3,6,127,14,0,18,7,15,53,24,1
0,1.8,8.7,0.6,4,3,1,87,7,0,10,4,7,46,4,1
0,1.7142857143,7.380952381,0.5714285714,4,3,1,155,17,0,21,9,17,80,4,1
0,1.75,7.75,0.6,4,3,1,155,13,0,20,6,15,77,4,1
0,1.5652173913,6.6956521739,0.5217391304,4,3,1,154,17,0,23,8,19,79,4,1
0,1.5789473684,6.8947368421,0.5263157895,4,3,1,131,13,0,19,6,15,68,4,1
0,2,11.75,0.5,4,3,1,47,3,0,4,2,3,26,4,1
0,1.6666666667,8.4166666667,0.5833333333,4,3,4,101,4,0,12,2,8,47,16,1
0,1.6,7.8,0.5333333333,5,3,1,117,13,0,15,7,13,60,5,1
26,1.1818181818,5.3636363636,0.5454545455,5,2,6,59,20,13,11,14,8,38,30,1
0,5.6666666667,28.3333333333,0.6666666667,2,2,3,85,0,0,3,0,1,9,6,1
3,2.3333333333,16.3333333333,0.3333333333,3,0,1,49,3,0,3,0,3,17,3,1
2,1,1,0,0,0,1,1,0,2,1,0,0,1,0,1
0,1,3,1,0,0,2,6,0,0,2,0,2,2,0,1
5,1,3.6,0.4,2,1,2,18,2,0,5,0,5,14,4,1
11,1,3,1,0,1,2,9,1,5,3,0,2,5,0,1
7,2.7857142857,13.8571428571,1.2142857143,8,0,1,194,2,0,14,0,14,53,8,1
25,2.5714285714,11.1428571429,0.7142857143,0,0,2,78,14,7,7,11,7,26,0,1
0,1,3,0.3333333333,2,2,3,9,0,0,3,0,3,6,6,1
1,1.1428571429,6.7142857143,0.2857142857,4,1,2,47,5,0,7,0,7,30,8,1
0,1,3,0.3333333333,2,2,3,9,0,0,3,0,3,6,6,1
0,1,3,0.3333333333,2,2,3,9,0,0,3,0,3,6,6,1
1,1.1428571429,6.8571428571,0.2857142857,4,1,2,48,5,0,7,0,7,30,8,1
0,1,3,0.3333333333,2,2,3,9,0,0,3,0,3,6,6,1
1,1.1428571429,6.7142857143,0.2857142857,4,1,2,47,5,0,7,0,7,30,8,1
4,1.1666666667,5.1666666667,0.3333333333,2,1,2,31,4,0,6,0,6,21,4,1
0,1,4,0.5,3,2,2,16,1,0,4,0,4,13,6,1
1,1,3,0.25,1,1,2,12,1,0,4,0,4,8,2,1
0,4.2307692308,23.1923076923,1.0384615385,9,3,1,603,15,0,26,0,11,127,9,1
1,0,0,0,0,0,0,0,4,0,0,0,0,0,0,1
0,3.6666666667,25,1,1,1,1,75,2,0,3,0,2,10,1,1
0,3,20.5,0.5,1,1,1,41,1,0,2,0,2,5,1,1
0,3.5384615385,19.3076923077,1.1538461538,5,2,1,251,11,0,13,0,8,53,5,1
0,1,3,0,0,1,1,3,1,0,1,0,1,2,0,1
1,1,4,1.5,0,0,1,8,2,0,2,0,1,5,0,1
0,2.0833333333,12.25,1.0833333333,7,2,7,294,18,0,24,1,13,110,49,1
0,2.2307692308,13.7692307692,0.5384615385,5,2,1,179,8,0,13,0,9,69,5,1
6,3.8181818182,16.1818181818,1.0909090909,3,0,1,178,33,0,11,0,10,87,3,1
9,1,1,1,0,0,4,4,0,1,4,0,3,4,0,1
0,1.4814814815,7.1111111111,0.4814814815,9,3,2,192,5,0,27,0,25,101,18,1
0,0,0,0,0,2,0,0,0,0,0,0,0,0,0,1
1,0,0,0,0,0,0,0,11,0,0,11,0,0,0,1
0,1,3,0,0,1,1,3,4,0,1,4,1,5,0,1
0,1,6,0,0,1,1,6,2,0,1,2,1,3,0,1
15,2.9090909091,17.0909090909,1,8,1,2,564,20,6,33,8,10,133,16,0
0,2,7,1.5,0,1,1,14,1,0,2,0,1,4,0,1
0,2.25,14.5833333333,1.1666666667,2,2,4,175,8,0,12,0,6,53,8,1
4,3.1875,20.25,0.875,3,0,3,324,19,0,16,0,10,80,9,1
0,1,3,1,0,0,1,3,0,0,1,0,1,1,0,1
1,3.5,15.4,1.2,2,1,3,154,12,0,10,0,8,50,6,1
2,1.6363636364,9.9090909091,0.6363636364,2,0,1,327,10,0,33,0,29,107,2,1
2,1.2857142857,5.1428571429,0.2857142857,0,0,1,36,3,0,7,0,7,16,0,1
0,2.5,10.5,0.5,0,0,1,21,1,0,2,0,2,4,0,1
0,2,10.1538461538,0.6153846154,3,2,1,132,7,0,13,0,9,48,3,1
0,2,8.8,0.8,1,2,2,44,4,0,5,0,2,17,2,1
0,2.7777777778,17.6666666667,1.2592592593,8,2,2,477,32,0,27,0,15,122,16,1
1,2.8,16.8,1.1,9,2,4,504,34,1,30,5,22,138,36,0
0,1.6,8.4,1,2,3,2,42,3,0,5,0,3,16,4,1
0,2.7741935484,16.4516129032,1.0967741935,9,2,4,510,28,0,31,2,22,132,36,0
0,1,3,0.5,0,0,1,6,1,0,2,0,1,4,0,1
0,1,3,0.5,0,0,1,6,1,0,2,0,1,4,0,1
5,2.6363636364,14.9090909091,1.3181818182,1,0,3,328,21,0,22,14,16,103,3,1
3,1.5454545455,7,0.7272727273,3,2,1,77,7,0,11,0,9,48,3,1
4,1,1,2,0,0,1,1,0,3,1,0,0,1,0,1
1,2.2857142857,8.4285714286,1,2,2,1,59,2,0,7,0,6,34,2,1
0,2.7142857143,17.4285714286,2.1428571429,6,0,4,122,0,0,7,0,0,24,24,1
1,1.4,4.2,0.4,0,0,1,21,2,0,5,0,3,11,0,1
0,2.8333333333,11.1666666667,0.6666666667,5,2,1,67,4,0,6,0,5,23,5,1
0,2.5,10.5,0.5,4,2,1,42,2,0,4,0,3,16,4,1
0,2.0833333333,10,1.25,3,2,1,120,7,0,12,0,6,37,3,1
0,2.1666666667,9.8333333333,0.75,5,2,1,118,5,0,12,0,8,45,5,1
1,1,3,0.5,0,4,3,18,3,0,6,0,3,12,0,1
1,3.6,16.2,1.2,2,0,2,81,0,0,5,0,0,11,4,1
0,1.6666666667,8,0.8333333333,2,1,1,48,3,0,6,0,5,23,2,1
0,1.3333333333,5,1,0,1,1,15,1,0,3,0,3,6,0,1
0,1.8571428571,8.5714285714,0.7142857143,0,1,1,60,3,0,7,0,5,20,0,1
1,2.6315789474,15.3157894737,1.3684210526,1,0,1,291,19,0,19,11,13,100,1,1
0,3.4444444444,19,1,7,3,1,342,26,0,18,0,13,90,7,1
0,2.4736842105,11.7368421053,1.0526315789,6,3,1,223,9,0,19,0,18,65,6,1
7,1.2857142857,3.6428571429,0.3571428571,3,1,5,51,5,2,14,0,12,32,15,1
3,1.1111111111,4,0.2222222222,2,2,2,36,3,1,9,0,8,29,4,1
9,1,1,0.3333333333,0,0,3,3,5,3,3,4,3,3,0,1
0,3.1428571429,14.8571428571,0.5714285714,7,3,1,104,7,0,7,0,6,39,7,1
3,1.125,4,0.625,3,2,3,32,3,0,8,0,8,21,9,1
0,1.9090909091,10.5454545455,0.2727272727,4,2,2,116,6,0,11,0,6,61,8,1
0,1.7352941176,8.0588235294,1.0294117647,5,2,3,274,42,0,34,0,28,123,15,1
0,2.2222222222,13.3333333333,1,5,2,1,120,12,0,9,0,8,45,5,1
0,1.8260869565,9.9130434783,1,6,2,1,228,20,0,23,0,18,84,6,1
3,1.6363636364,6.2727272727,0.4848484848,9,2,6,207,13,0,33,0,32,101,54,1
1,1,2.6666666667,0.3333333333,0,0,2,8,1,0,3,0,3,5,0,1
0,5,24,1,4,1,1,48,1,0,2,1,1,18,4,1
4,1,1,1,0,0,1,1,0,3,1,0,0,1,0,1
0,2.5,10.75,1.75,0,0,3,43,0,0,4,0,3,5,0,1
0,5,24,1,4,1,1,48,1,0,2,1,1,18,4,1
0,7.5,37,1,5,1,1,74,1,0,2,1,1,24,5,1
0,2.5333333333,15.8333333333,0.5,7,2,2,475,17,0,30,0,27,111,14,1
0,1,3,0,0,1,1,3,1,0,1,0,1,2,0,1
1,14,52,1,0,0,1,52,14,0,1,0,0,15,0,1
0,2,18,1,1,0,1,18,1,0,1,0,1,3,1,1
1,3.3125,18.1875,1.625,0,0,1,291,7,0,16,0,8,42,0,1
0,2.1,7.6,0.5,4,3,1,76,4,0,10,0,7,42,4,1
2,1.625,6.75,1.5,3,1,6,54,2,1,8,0,4,19,18,1
0,2.6666666667,17.1666666667,0.1666666667,9,2,2,103,1,0,6,0,3,51,18,1
4,1,1,0.25,0,0,4,4,0,1,4,0,3,4,0,1
0,1.75,10,1.75,0,0,3,40,0,0,4,0,2,5,0,1
0,3,14,1,0,1,2,42,0,0,3,0,2,4,0,1
1,1.7804878049,7.8048780488,0.6585365854,9,3,9,320,17,0,41,0,35,118,81,0
0,1,3,0.5,0,0,1,6,1,0,2,0,2,4,0,1
4,1,1,1,0,0,2,2,0,2,2,0,1,2,0,1
0,2.6,12.2,1,0,1,2,61,1,0,5,1,2,9,0,1
0,3,22.5,1,5,3,1,180,6,0,8,0,6,43,5,1
3,2,18.9285714286,0.5,6,0,3,265,12,0,14,2,8,59,18,1
0,1,3,0,1,1,1,3,0,0,1,0,1,3,1,1
7,1.0476190476,3.2857142857,0.5714285714,0,0,10,69,12,2,21,0,21,44,0,1
1,1.8888888889,9,0.6666666667,4,1,1,81,2,0,9,0,5,45,4,1
0,1.8461538462,8.9230769231,1.3076923077,1,2,2,116,8,0,13,0,11,40,2,1
0,0,0,0,0,0,0,0,14,0,0,0,0,0,0,1
0,5.4,21.4,1.8,1,0,5,107,0,0,5,0,4,6,5,1
2,1,1,1,0,0,1,1,0,1,1,0,0,1,0,1
0,1.5,5,0.5,0,1,2,10,1,0,2,0,2,2,0,1
0,1,2.6666666667,0.6666666667,0,0,3,8,0,0,3,0,2,3,0,1
0,1.3333333333,5,0.3333333333,0,1,1,15,2,0,3,0,3,10,0,1
0,2,6,0.3333333333,0,1,1,18,2,0,3,0,3,9,0,1
0,1.5416666667,6.875,0.875,2,2,14,165,6,0,24,2,19,55,28,1
0,1.2,4.4,0.6,0,0,1,22,2,0,5,0,5,12,0,1
2,2.0588235294,8.9411764706,0.7647058824,3,0,3,152,12,0,17,4,13,52,9,1
0,1,3,0,0,1,1,3,0,0,1,0,1,1,0,1
0,2.1428571429,8.5714285714,0.4285714286,1,1,1,60,4,0,7,0,7,22,1,1
0,4.6666666667,17.6666666667,1,0,1,1,53,3,0,3,0,2,10,0,1
1,1,11.5,0.5,0,1,2,23,2,0,2,0,2,3,0,1
11,1,1,1,0,1,5,5,0,8,5,0,4,5,0,1
1,2.5443037975,12.5949367089,1.0632911392,16,2,2,995,40,0,79,2,39,402,32,0
1,1,5.5,0,1,1,2,11,0,0,2,0,2,3,2,1
0,1.25,10.25,1.75,1,0,2,41,5,0,4,0,2,22,2,1
0,1,3.3333333333,0.3333333333,1,1,3,10,3,0,3,3,3,8,3,1
1,0,0,0,0,0,0,0,3,0,0,3,0,0,0,1
0,1.5,5.5,2,3,3,1,11,1,0,2,0,1,8,3,1
0,1,4,3,0,2,1,4,0,0,1,0,1,1,0,1
2,1,1,4.3333333333,0,0,3,3,0,1,3,0,2,3,0,1
13,1,1,1,0,0,1,1,0,2,1,0,0,1,0,1
2,1,1,1,0,1,1,1,0,1,1,0,0,1,0,1
3,1,1,1,0,0,9,9,4,1,9,3,9,9,0,1
0,1,6.5,3.5,1,1,4,26,1,0,4,0,4,8,4,1
0,1,3.3333333333,0.6666666667,1,1,2,20,3,0,6,0,4,16,2,1
8,2.1851851852,8.6296296296,0.8148148148,2,1,9,233,10,0,27,0,21,76,18,1
3,3.243902439,18.2926829268,2.2195121951,6,1,3,750,24,1,41,0,26,203,18,1
0,4.6666666667,37.6666666667,0.6666666667,0,0,2,113,3,0,3,1,2,7,0,1
0,1,4,0,1,3,1,4,0,0,1,0,1,2,1,1
0,2,10.75,1.3333333333,0,2,1,129,9,0,12,0,11,39,0,1
2,1.5833333333,6.5,1.1666666667,1,2,6,78,6,1,12,0,12,26,6,1
0,2,7.2727272727,1.1818181818,1,2,9,80,1,0,11,0,10,16,9,1
4,0,0,0,0,0,0,0,22,2,0,21,0,0,0,1
0,1.9333333333,10.2,1.2,2,2,2,153,8,0,15,0,11,70,4,1
1,2.2727272727,13.5454545455,0.6363636364,7,2,1,149,10,0,11,2,6,48,7,1
1,1.8235294118,8.6470588235,0.5882352941,10,3,3,147,8,0,17,0,16,61,30,1
0,1.3333333333,4.3333333333,1,1,1,3,13,0,0,3,0,3,4,3,1
3,1.2,4.6,2.2,0,1,2,23,0,2,5,0,2,8,0,1
0,2.3333333333,10.6666666667,1.3333333333,1,2,2,32,2,0,3,1,0,7,2,1
4,1,1,3,0,0,1,1,0,1,1,0,0,1,0,1
0,2,9.75,1.75,0,0,3,39,0,0,4,0,3,5,0,1
0,2.5,14.5,2,1,2,2,29,1,0,2,1,0,3,2,1
11,3.0322580645,14.9032258065,1.1612903226,9,2,2,924,55,2,62,1,41,279,18,1
0,1.2307692308,4.2307692308,0.1538461538,0,1,4,55,3,0,13,0,13,28,0,1
1,6,27.4615384615,1.1538461538,6,2,1,357,6,0,13,0,4,104,6,1
3,2.2105263158,9.0526315789,0.6315789474,4,0,1,172,7,1,19,0,15,72,4,1
0,1.3333333333,5.3333333333,0.6666666667,2,1,3,16,1,0,3,0,3,8,6,1
1,5,12,0,2,1,2,24,1,0,2,0,2,12,4,1
1,2,6.3333333333,0.3333333333,2,1,3,19,1,0,3,0,2,9,6,1
0,1,4,0,1,1,2,8,1,0,2,0,1,4,2,1
0,1.3333333333,6,0,1,1,3,18,1,0,3,0,1,5,3,1
0,8,57,2,1,0,1,57,0,0,1,0,0,8,1,1
5,1.3421052632,4.6842105263,0.4868421053,5,2,20,356,50,0,76,12,71,184,100,0
1,5,12,0,2,1,2,24,1,0,2,0,2,12,4,1
0,2,6.3333333333,0.3333333333,2,1,3,19,1,0,3,0,2,9,6,1
0,1,4,0,1,1,2,8,1,0,2,0,1,4,2,1
9,1,1,0.2857142857,0,0,7,7,0,2,7,0,6,7,0,1
2,1,1,0,0,0,1,1,0,1,1,0,1,1,0,1
3,6.6,36.35,1.95,7,1,1,727,9,0,20,0,2,169,7,1
0,1.2307692308,4.2307692308,0.1538461538,0,1,4,55,3,0,13,0,13,28,0,1
1,6,27.5384615385,1.1538461538,6,2,1,358,6,0,13,0,4,107,6,1
3,2.2105263158,9.2631578947,0.6315789474,5,0,1,176,7,1,19,0,15,75,5,1
0,1.3333333333,5.3333333333,0.6666666667,3,1,3,16,1,0,3,0,3,9,9,1
0,1,6,0,1,3,1,6,0,0,1,0,1,3,1,1
2,2,8.6666666667,0.75,2,2,1,104,9,0,12,0,10,41,2,1
5,1,3.3333333333,1,1,0,2,10,1,2,3,0,3,6,2,1
0,1,3.5,1,1,1,1,7,1,0,2,0,2,5,1,1
0,1.3333333333,4,1,2,1,1,12,1,0,3,0,3,8,2,1
1,5.5,24.75,1.5,3,1,4,99,0,0,4,0,4,12,12,1
1,2,9.9,0.7,1,2,1,99,9,0,10,0,9,30,1,1
0,1,3,1,0,1,1,6,1,0,2,0,0,4,0,1
2,2.1,8.5,0.7,2,2,1,85,9,0,10,0,9,31,2,1
5,1,3.3333333333,1,1,0,2,10,1,2,3,0,3,6,2,1
0,1,3.5,1,1,1,1,7,1,0,2,0,2,5,1,1
0,1.3333333333,4,1,2,1,1,12,1,0,3,0,3,8,2,1
1,3.6666666667,17.6666666667,1.6666666667,3,1,3,53,0,0,3,0,3,8,9,1
0,2.4255319149,11.0638297872,0.914893617,6,3,3,520,42,0,47,0,40,195,18,1
0,1,3,0,0,1,1,3,0,0,1,0,1,1,0,1
0,1,5,0,0,1,1,5,0,0,1,0,1,1,0,1
1,1.5,5,0.5,2,3,1,20,4,0,4,0,4,13,2,1
0,2.6,10,0.8,5,3,1,50,5,0,5,0,4,24,5,1
33,2,8.7142857143,0.8571428571,4,2,4,122,11,15,14,0,12,46,16,1
0,3.25,17.5,0.5,5,3,1,70,2,0,4,0,4,18,5,1
0,2.5,13.75,0.75,4,3,3,55,1,0,4,1,4,11,12,1
0,2,6,0.5,1,3,1,12,1,0,2,1,2,7,1,1
0,2,6,0.5,1,3,1,12,1,0,2,1,2,7,1,1
0,2.75,10.625,0.75,6,3,1,85,16,0,8,0,5,48,6,1
7,1,1,1,0,1,2,2,0,1,2,0,1,2,0,1
3,1.2857142857,4.5714285714,0.7142857143,1,2,2,32,5,2,7,0,7,23,2,1
0,1,3,0,1,3,1,3,0,0,1,0,1,4,1,1
0,1.48,4.52,0.48,1,3,1,113,12,0,25,0,25,63,1,1
0,2.5,26,0.75,3,3,1,104,3,0,4,0,4,15,3,1
0,1.75,6.375,0.5,2,3,2,51,4,0,8,0,8,21,4,1
0,1,1,1,0,0,1,1,0,0,1,0,0,1,0,1
0,1.75,6,0.5,1,1,1,24,3,0,4,0,3,13,1,1
0,2,6.5,0.5,1,3,1,13,1,0,2,0,2,6,1,1
0,2.1818181818,6.4545454545,0.4545454545,1,3,1,71,11,0,11,0,11,35,1,1
0,2,10.3333333333,0.6666666667,1,3,1,31,2,0,3,0,3,9,1,1
1,1.25,4.5,0.75,1,3,3,18,3,0,4,1,4,9,3,1
0,5,22,1,6,4,2,44,0,0,2,0,2,11,12,1
0,2.3333333333,10.3333333333,0.6666666667,2,3,1,31,2,0,3,0,3,12,2,1
2,3.5,22,1,2,3,1,44,1,1,2,0,2,10,2,1
1,2.3,9.8,0.4,3,2,1,98,5,0,10,0,5,32,3,1
2,3.5384615385,16.1538461538,0.9230769231,0,0,1,210,11,0,13,0,7,58,0,1
0,2.5,6.5,0.5,0,1,2,13,4,0,2,4,2,6,0,1
0,2,5.5,0.5,1,1,2,11,3,0,2,3,2,6,2,1
0,1,6.3333333333,0,1,1,2,19,10,0,3,0,3,15,2,1
0,1.9166666667,9.6666666667,0.5833333333,5,2,1,348,19,0,36,0,32,120,5,1
0,1,3,0.3333333333,0,0,2,9,1,0,3,0,3,5,0,1
0,1.1666666667,9.3333333333,0.6666666667,6,3,1,56,5,0,6,0,6,34,6,1
0,3.375,17.375,1,10,2,1,278,9,0,16,0,14,67,10,1
3,2.5714285714,11.4285714286,0.9285714286,6,2,1,160,14,1,14,0,12,57,6,1
0,1.8125,8.75,0.5625,5,3,4,140,10,0,16,6,8,63,20,1
1,1.7857142857,7.2142857143,0.3571428571,0,0,4,101,7,0,14,5,13,34,0,1
0,1,3.1,0.8,2,2,1,31,1,0,10,0,10,31,2,1
1,2.2,11.1333333333,1.0666666667,9,4,1,167,6,0,15,0,14,73,9,1
1,1,3,1,0,0,1,3,1,0,1,0,1,2,0,1
1,1,3,1,0,0,3,9,3,0,3,0,3,6,0,1
0,1.5714285714,6.4285714286,0.7142857143,4,2,3,45,3,0,7,0,6,25,12,1
9,1.3513513514,5.2972972973,0.4594594595,6,2,6,196,18,4,37,0,12,118,36,0
1,1.5,9.5,0.75,2,3,4,38,0,0,4,0,3,14,8,1
1,1.3333333333,10,0.6666666667,2,3,3,30,0,0,3,0,2,11,6,1
6,0,0,0,0,0,0,0,26,1,0,25,0,0,0,1
1,1.6,9.4,0.8,2,3,5,47,0,0,5,0,4,17,10,1
1,1.5,8.5,0.75,3,3,4,34,0,0,4,0,3,14,12,1
1,1.8571428571,7.7857142857,1.5714285714,2,2,10,109,6,0,14,0,11,31,20,1
0,1.4,6.6,0,5,2,3,33,2,0,5,0,5,17,15,1
1,1.8333333333,7.5,0.5,1,0,3,45,3,0,6,0,6,13,3,1
0,1.5,7.1875,1.3125,0,2,3,115,7,0,16,0,13,44,0,1
1,2.5454545455,14.6363636364,0.9090909091,4,2,1,161,11,0,11,0,10,41,4,1
10,1.9230769231,8.6923076923,1.0769230769,1,0,7,113,5,2,13,0,4,26,7,1
0,1,4.25,1.25,1,1,2,17,3,0,4,0,4,12,2,1
2,1.4,5.1333333333,0.5333333333,0,0,2,77,4,0,15,0,15,34,0,1
5,1,1,1,0,0,1,1,0,1,1,0,0,1,0,1
1,2.6666666667,12.3333333333,1.125,9,3,2,296,9,0,24,0,13,109,18,1
3,2.5384615385,15.5384615385,2.5384615385,1,1,5,202,7,1,13,0,6,58,5,1
0,3.8333333333,20.5,3.5,2,2,2,123,5,0,6,0,4,33,4,1
2,2,11.5333333333,1.9333333333,1,1,5,173,5,1,15,0,9,59,5,1
0,2.7692307692,13.0769230769,1.8461538462,2,2,3,170,4,0,13,0,7,54,6,1
7,1.1666666667,4.6666666667,0.5555555556,2,2,2,84,7,3,18,0,16,51,4,1
0,3.6428571429,17.4285714286,1.1428571429,5,3,2,244,14,0,14,0,12,56,10,1
2,3.25,15.75,0.5,5,3,2,126,8,0,8,0,8,39,10,1
1,1.5714285714,3.7142857143,0.4285714286,1,0,4,26,3,0,7,0,7,14,4,1
1,1.5714285714,3.7142857143,0.4285714286,1,0,4,26,3,0,7,0,7,14,4,1
1,1,3,0.5,0,1,1,6,1,0,2,0,2,4,0,1
1,1.05,3.6,0.9,0,1,8,72,5,0,20,0,20,37,0,1
0,1,3.5,0.5,3,3,2,14,1,0,4,0,3,12,6,1
0,1,2.8571428571,1.5714285714,1,1,7,20,1,0,7,0,7,10,7,1
0,1.7692307692,9.0769230769,0.8846153846,7,2,1,236,25,0,26,6,19,105,7,1
1,2,7,0,1,2,1,7,0,0,1,0,1,3,1,1
1,2.8333333333,15.2916666667,1.0833333333,10,3,3,367,16,0,24,0,15,102,30,1
2,1,4.5,0.6666666667,5,4,6,27,0,2,6,0,5,16,30,1
0,1.25,4.75,0.5,3,5,3,19,1,0,4,0,3,10,9,1
0,1.25,4.75,0.5,3,5,3,19,1,0,4,0,3,10,9,1
0,2.7619047619,13.5238095238,0.7619047619,6,3,2,284,9,0,21,0,15,91,12,1
17,1.7222222222,6.5,0.5740740741,7,2,18,351,26,8,54,0,8,175,126,0
0,1,3,0,1,1,1,3,0,0,1,0,1,4,1,1
0,1,3,0,1,1,1,3,0,0,1,0,1,4,1,1
1,1.1428571429,6.8571428571,0.7142857143,4,3,5,48,1,0,7,0,5,23,20,1
1,1.1666666667,7.8333333333,0.8333333333,4,3,6,47,0,0,6,0,5,22,24,1
1,1.1,6.3,0.9,4,3,10,63,0,0,10,0,9,30,40,1
23,0,0,0,0,0,0,0,48,2,0,47,0,0,0,1
1,1.5,13.5,0.5,4,3,2,27,0,0,2,0,1,10,8,1
1,1.25,9.5,0.75,4,3,4,38,0,0,4,0,3,16,16,1
1,1.0909090909,5.9090909091,0.9090909091,4,3,11,65,0,0,11,0,10,34,44,1
1,1.5454545455,7,0.9090909091,5,3,11,77,0,0,11,0,10,40,55,1
0,1,3,0,1,1,1,3,0,0,1,0,1,5,1,1
1,1.4,9.4,0.8,4,3,5,47,0,0,5,0,4,20,20,1
0,1.0588235294,4.0588235294,0.8235294118,5,4,10,69,7,0,17,0,12,48,50,1
0,3,17,2,0,1,1,17,0,0,1,0,1,1,0,1
3,2,10.7037037037,0.5555555556,12,2,2,289,16,1,27,1,15,104,24,1
1,1.5714285714,6.8571428571,1,3,1,1,48,3,0,7,0,5,21,3,1
1,1,3,0.5,0,0,2,12,2,0,4,0,4,8,0,1
1,1,3,0.5,0,0,2,12,2,0,4,0,4,8,0,1
2,1,1,2,0,0,1,1,0,1,1,0,0,1,0,1
4,1.9230769231,7.0769230769,0.8461538462,5,2,2,92,4,2,13,0,7,43,10,1
2,3.6666666667,17.8333333333,0.75,3,2,2,214,14,0,12,0,8,48,6,1
1,1,3,1,0,1,1,3,1,0,1,0,1,2,0,1
1,1.4,5.8,0.2,3,0,1,29,4,0,5,0,2,18,3,1
0,2.3636363636,8.8181818182,0.9090909091,4,2,1,97,6,0,11,0,11,48,4,1
1,2.0476190476,10.0476190476,0.5714285714,9,2,9,211,6,0,21,0,17,66,81,1
1,1.3333333333,8,1,1,0,1,24,2,0,3,0,3,8,1,1
0,1,3,0,0,1,1,3,0,0,1,0,1,1,0,1
0,2.6666666667,13.3333333333,0.6666666667,6,3,1,40,2,0,3,0,3,15,6,1
0,1.0625,3.75,1,3,1,7,60,2,0,16,0,16,47,21,1
2,2.8571428571,15.5714285714,0.2857142857,1,0,1,109,7,0,7,0,4,26,1,1
1,1.3333333333,3.6666666667,0.3333333333,0,0,2,11,1,0,3,0,3,5,0,1
0,1.5,5,0.5,1,2,1,10,1,0,2,0,2,5,1,1
4,2,7.8604651163,0.7906976744,7,2,3,338,16,0,43,0,31,145,21,1
0,2.6,10.2,0.4,4,2,1,51,2,0,5,0,4,16,4,1
0,1.25,3.5,0.25,2,0,2,14,1,0,4,0,2,9,4,1
6,1.7222222222,6.5555555556,1.5,1,1,4,118,8,3,18,0,10,55,4,1
0,1,3.5,0.5,0,0,1,7,1,0,2,0,1,4,0,1
0,1.5,5.5555555556,0.8888888889,6,3,9,100,6,0,18,0,16,51,54,1
0,1,3,0,0,1,1,3,1,0,1,0,1,2,0,1
0,0,0,0,0,2,0,0,0,0,0,0,0,0,0,1
1,1.6153846154,6.2307692308,0.8076923077,3,3,2,162,7,0,26,0,18,78,6,1
6,2.2,12.8,0.95,6,0,1,512,35,0,40,0,30,192,6,1
1,1.5,6,0.5,1,1,2,12,2,0,2,0,1,8,2,1
0,2,7.75,0.75,3,2,1,31,4,0,4,0,4,14,3,1
3,2.3214285714,10.4285714286,0.75,12,3,2,292,16,0,28,0,21,124,24,1
2,1,3.3333333333,0.6666666667,2,0,1,10,2,0,3,0,3,9,2,1
1,1.8666666667,7.9333333333,0.2666666667,3,0,2,119,6,0,15,0,10,53,6,1
1,1.75,6.75,0.25,1,0,1,27,5,0,4,0,1,15,1,1
1,1.4,5,0.4,1,0,1,25,3,0,5,0,1,14,1,1
0,1.8571428571,6,0.7142857143,6,2,2,42,6,0,7,0,7,28,12,1
0,3,13,0.75,2,2,1,52,3,0,4,0,4,14,2,1
5,1.6428571429,6.5535714286,0.5535714286,11,3,10,367,31,0,56,8,52,179,110,0
0,1,3,1,1,3,1,3,0,0,1,0,1,2,1,1
12,2.4666666667,12,0.3333333333,5,1,6,180,12,5,15,9,5,68,30,1
0,3.25,28.75,0.75,3,1,4,115,0,0,4,0,3,18,12,1
1,2,16,0,6,2,1,32,1,1,2,1,1,14,6,1
0,3,15,0,5,2,1,45,2,0,3,1,2,15,5,1
8,1,1,0.25,0,0,4,4,0,1,4,0,3,4,0,1
0,2.5,9.5,1.75,0,0,3,38,3,0,4,3,2,6,0,1
0,1.5,21,0.5,3,2,2,42,5,0,2,5,1,7,6,1
0,2,10.4,0.2,6,2,5,52,7,0,5,7,3,22,30,1
0,1,4.5,0,0,3,2,9,1,0,2,1,1,2,0,1
0,1,3,1,0,3,1,3,0,0,1,0,1,1,0,1
2,2,8,0.5,3,2,1,16,1,1,2,0,2,8,3,1
2,2.2083333333,11.0416666667,0.7916666667,6,3,1,265,21,1,24,7,20,96,6,1
0,1.4,5.4,0.6,1,2,2,54,5,0,10,0,9,25,2,1
2,2.7954545455,11.25,1,10,3,2,495,29,0,44,0,30,151,20,1
0,1,3,0,0,1,1,3,2,0,1,2,1,3,0,1
0,1,3,0,0,1,1,3,0,0,1,0,1,1,0,1
1,2.4,9.6,1,4,0,1,48,2,0,5,0,4,18,4,1
3,1.9166666667,8.25,1,0,0,2,99,11,0,12,0,9,41,0,1
0,2.46875,9.59375,0.96875,6,2,3,307,14,0,32,0,26,125,18,1
1,2.2777777778,13.9444444444,1.2777777778,12,2,3,251,3,0,18,0,11,91,36,1
1,1.5,5.3333333333,1,2,3,5,32,1,0,6,0,3,15,10,1
1,1.4,6.2,0.6,3,3,4,31,1,0,5,0,4,24,12,1
1,4.4761904762,21.1428571429,1.2857142857,17,3,1,444,14,0,21,5,9,121,17,0
0,1.1428571429,3.5714285714,0.5714285714,4,6,6,25,2,0,7,0,7,15,24,1
1,1,3.125,0,1,1,7,25,7,0,8,6,8,23,7,1
1,1.6666666667,7,0.3333333333,1,1,1,21,3,0,3,0,2,11,1,1
0,1,4,0,1,6,1,4,0,0,1,0,1,3,1,1
0,1.6666666667,9.3333333333,1,1,1,1,28,3,0,3,0,1,12,1,1
1,1.2222222222,3.8888888889,0.6666666667,3,2,2,35,7,0,9,0,9,27,6,1
0,2.3157894737,9.5789473684,0.8421052632,11,2,2,182,12,0,19,1,13,79,22,1
1,1,1,0,0,0,2,2,0,0,2,0,1,2,0,1
0,0,0,0,0,4,0,0,0,0,0,0,0,0,0,1
0,2.8,10.5,0.8,4,2,1,105,12,0,10,0,7,37,4,1
2,1.75,9.5,0.75,3,2,1,38,2,0,4,0,3,14,3,1
1,2.1111111111,8.6666666667,1.1111111111,4,0,2,78,8,0,9,0,9,32,8,1
1,1,6.3333333333,0,1,1,2,19,10,0,3,0,3,15,2,1
1,0,0,0,0,5,0,0,0,1,0,0,0,0,0,1
4,1.8333333333,7.0833333333,0.5833333333,5,2,2,85,3,2,12,0,7,41,10,1
0,2.1666666667,12.6666666667,1.8333333333,7,3,3,76,1,0,6,0,3,28,21,1
1,2.3333333333,9,0.6666666667,1,1,1,27,3,0,3,0,3,11,1,1
0,2.3076923077,10.8461538462,0.6153846154,10,2,2,141,7,0,13,0,10,56,20,1
0,4,24.3333333333,0.6666666667,7,3,1,73,5,0,3,2,2,33,7,1
1,1.3333333333,4,0.3333333333,1,1,1,12,1,0,3,0,3,8,1,1
1,1,4,0.8,0,1,1,20,2,0,5,0,5,11,0,1
3,1.5,5.5,0.5,5,2,3,66,13,1,12,8,10,40,15,1
1,1,5.3333333333,0,2,1,2,16,8,0,3,6,3,18,4,1
0,1.6,9.4,1.1,4,5,7,94,5,0,10,0,7,33,28,1
0,2.75,11.5,0.625,5,2,2,92,4,0,8,0,7,32,10,1
1,2.2857142857,10.9142857143,0.7714285714,9,2,2,382,19,0,35,0,17,130,18,1
6,1,1,1.6666666667,0,0,3,3,1,1,3,0,3,3,0,1
2,1,1,1,0,1,1,1,0,1,1,0,0,1,0,1
1,1,1,1,0,2,1,1,0,1,1,0,0,1,0,1
4,1,1,1,0,0,1,1,0,2,1,0,0,1,0,1
1,1,1,1,0,0,1,1,0,1,1,0,0,1,0,1
3,2.1454545455,9.2727272727,0.8181818182,20,3,7,510,32,0,55,1,40,228,140,1
1,1.2,3.8,0.7,1,0,3,38,5,0,10,0,10,24,3,1
0,1,3,0.5,0,0,2,12,2,0,4,0,4,8,0,1
0,1,3,0.5,0,0,2,12,2,0,4,0,4,8,0,1
0,2.25,7.75,0.75,0,2,2,31,2,0,4,0,4,8,0,1
0,1.3333333333,3.6666666667,1,1,1,3,11,0,0,3,0,3,4,3,1
0,1,3,0.4545454545,0,0,6,33,5,0,11,0,11,21,0,1
8,3.1095890411,17.0684931507,1.4657534247,22,3,1,1246,37,1,73,0,35,361,22,0
0,1,3,0,0,1,1,3,0,0,1,0,1,1,0,1
0,1,3,0,0,1,1,3,0,0,1,0,1,1,0,1
1,2,5.75,0.5,0,0,1,23,2,0,4,0,3,9,0,1
0,1,434.6,0.2,1,1,5,2173,5,0,5,1,3,11,5,1
7,1,1,0.6,0,0,5,5,0,3,5,0,4,5,0,1
64,1.8787878788,6.7878787879,0.7424242424,7,2,2,448,10,3,66,0,63,314,14,0
1,2.4,8.3,0.7,3,2,1,83,3,0,10,0,9,51,3,1
13,1.8108108108,6.8108108108,0.6216216216,8,4,5,252,14,2,37,2,30,176,40,0
7,1.9411764706,7.7058823529,0.8823529412,3,2,2,131,9,2,17,0,12,71,6,1
2,2,8.25,0.75,6,2,1,99,2,0,12,0,9,48,6,1
3,1.6666666667,5.8333333333,0.3333333333,0,0,1,35,2,2,6,0,4,13,0,1
0,1,3,0,0,1,1,3,0,0,1,0,1,1,0,1
0,1,3,0,0,1,1,3,0,0,1,0,1,1,0,1
72,2.1785714286,8.3571428571,0.5357142857,1,0,3,234,4,0,28,0,27,63,3,1
6,1.375,4.625,0.875,3,1,1,37,3,1,8,0,8,23,3,1
0,1.3333333333,4.1666666667,0.5,2,0,3,25,4,0,6,0,5,16,6,1
13,1.5897435897,6.2051282051,0.3846153846,7,0,1,242,10,0,39,0,34,142,7,1
1,2.3333333333,9.5555555556,0.3333333333,1,1,1,86,2,0,9,0,8,23,1,1
7,1.25,4,0.5,1,1,4,16,10,2,4,6,4,11,4,1
186,1.4090909091,5.5909090909,0.7727272727,2,1,2,123,2,32,22,0,7,64,4,1
0,3.5,13,2,5,2,2,52,0,0,4,0,2,19,10,1
1,1.7142857143,6,0.1428571429,4,3,7,42,0,0,7,0,6,23,28,1
1,0,0,0,0,1,0,0,0,1,0,0,0,0,0,1
142,1.6666666667,5.6666666667,0.5555555556,0,0,2,51,2,71,9,0,8,21,0,1
8,1.5,4.75,0.25,0,0,1,19,1,1,4,0,4,8,0,1
0,1.1111111111,3.6666666667,0.4444444444,1,0,2,33,2,0,9,0,9,21,2,1
3,1.8333333333,6.25,0.6666666667,3,2,3,75,2,0,12,0,10,45,9,1
1,1,3,0.5,0,0,1,6,1,0,2,0,2,4,0,1
13,1.5,4.8333333333,0.1666666667,4,3,6,29,0,6,6,0,5,19,24,1
5,2.1153846154,7.5769230769,1,1,2,1,197,1,1,26,0,25,128,1,1
4,2.64,11.24,0.64,4,2,3,281,13,0,25,2,19,108,12,1
1,1,3,0.6666666667,0,0,2,18,2,0,6,0,6,14,0,1
0,1,2.5,0.5,1,0,2,5,0,0,2,0,2,3,2,1
0,1,2.6666666667,0.3333333333,1,1,3,8,7,0,3,3,3,6,3,1
2,1.6,4.6,0.6,0,0,2,23,1,0,5,0,5,9,0,1
1,1,3,0.3333333333,0,0,1,9,1,0,3,0,3,6,0,1
4,1,4.5,0.25,1,1,4,18,6,2,4,5,3,8,4,1
21,2.5333333333,9.9333333333,0.7333333333,8,2,3,149,6,0,15,0,13,81,24,1
1,1,8,0,1,1,2,24,1,0,3,0,3,6,2,1
0,1.75,5.75,1,0,1,3,23,1,0,4,0,4,6,0,1
0,1.6666666667,10,1,2,3,3,30,1,0,3,0,3,10,6,1
4,1.0833333333,3.5,0.75,3,1,1,42,2,2,12,0,10,39,3,1
0,1.875,7.75,0.875,6,4,2,62,2,0,8,0,6,34,12,1
1,1,3,0.5,0,0,1,6,1,0,2,0,2,4,0,1
1,1.5,5.5,0.375,2,2,11,88,5,0,16,1,16,32,22,1
0,2.3333333333,9.5,0.8333333333,2,4,1,57,5,0,6,0,6,20,2,1
6,1,3,1,0,3,3,9,3,3,3,0,3,6,0,1
0,7.5,16,0.5,0,0,2,32,16,0,2,16,1,18,0,1
0,1.4285714286,6,1,2,4,5,42,2,0,7,0,7,17,10,1
10,1,1,0,0,0,1,1,0,7,1,0,0,1,0,1
0,2.6666666667,13,0.6666666667,2,4,1,39,2,0,3,0,3,11,2,1
16,1,3,1,0,2,1,15,1,3,5,0,5,10,0,1
0,2.4,12,0.8,3,4,1,60,4,0,5,0,5,18,3,1
0,2.25,13,0.75,1,4,1,52,2,0,4,0,4,11,1,1
0,2.625,11.875,0.625,3,4,1,95,6,0,8,0,8,29,3,1
0,1,3,0,0,1,1,3,0,0,1,0,1,1,0,1
0,1,7.2857142857,0.8571428571,1,3,3,51,7,0,7,0,7,18,3,1
3,1,2,1,1,3,2,4,0,3,2,0,2,3,2,1
0,1,3.6666666667,0.3333333333,1,2,1,11,1,0,3,0,3,8,1,1
0,1.0769230769,3.5384615385,0.7692307692,3,2,1,46,3,0,13,0,12,43,3,1
0,1.2,4.6,0.8,2,2,3,23,1,0,5,0,5,13,6,1
0,1.0625,3.8125,0.75,3,3,1,61,6,0,16,0,15,53,3,1
25,1,3,0.5,0,0,3,18,3,0,6,0,6,12,0,1
25,1,1,1,0,0,1,1,0,2,1,0,0,1,0,1
78,2.3513513514,10.6216216216,0.8648648649,6,2,8,393,4,1,37,2,29,132,48,0
1,1,3,0.3333333333,2,1,2,18,1,0,6,0,6,14,4,1
10,2.7826086957,9.6086956522,0.8695652174,4,2,2,221,4,1,23,0,18,111,8,1
1,1.4444444444,5.5555555556,0.7777777778,1,0,1,50,3,0,9,0,8,24,1,1
0,1,3.3333333333,1,2,3,3,10,0,0,3,0,2,6,6,1
4,1.625,9.75,0.5,1,0,2,78,7,0,8,0,6,23,2,1
0,3.6666666667,12.6666666667,1,1,0,1,38,0,0,3,0,2,10,1,1
1,2.1111111111,6.7777777778,0.5555555556,0,0,1,61,4,0,9,0,7,25,0,1
4,2.4444444444,10.3333333333,0.6666666667,8,2,1,279,7,0,27,0,19,129,8,1
1,1.3333333333,5.1666666667,1,1,0,1,31,5,0,6,0,5,20,1,1
0,1,3,0,0,1,1,3,3,0,1,0,1,4,0,1
1,1.5,19.6666666667,0.6666666667,2,1,6,118,12,0,6,5,5,13,12,1
1,1,1,2,0,0,1,1,0,0,1,0,0,1,0,1
5,3.5185185185,12.6666666667,0.9259259259,5,2,1,342,20,0,27,0,23,180,5,1
14,1.3333333333,4.2222222222,0.6666666667,1,0,2,38,2,1,9,0,9,21,2,1
9,1.7142857143,5.8571428571,0.7142857143,3,2,2,41,6,0,7,1,5,33,6,1
1,2.3333333333,13.3333333333,0.6666666667,1,1,1,40,1,0,3,0,2,9,1,1
1,1.4,27.4,1.6,3,1,3,137,1,0,5,0,4,17,9,1
91,1.4827586207,5.7586206897,0.7931034483,1,2,8,167,9,9,29,2,27,114,8,0
92,1,1,0,0,0,3,3,0,19,3,0,2,3,0,1
13,1,1,1,0,0,1,1,0,5,1,0,0,1,0,1
7,1,3,0.5,0,0,3,18,3,1,6,0,6,12,0,1
4,2.3076923077,9.7692307692,0.6153846154,6,3,1,127,3,2,13,0,10,64,6,1
1,1.25,2.75,0.5,0,0,1,11,2,0,4,0,3,10,0,1
16,2.5833333333,8.25,0.3333333333,5,2,4,99,3,2,12,0,7,46,20,1
5,1,1,0,0,0,1,1,0,2,1,0,0,1,0,1
5,1.9047619048,6.6666666667,0.619047619,3,3,3,140,5,2,21,0,14,83,9,1
0,2.3,9,0.5,4,2,2,90,2,0,10,0,7,47,8,1
26,2.5625,8.8125,0.375,3,2,3,141,3,3,16,0,13,65,9,1
5,1.25,3.25,0,1,3,1,13,1,3,4,0,0,9,1,1
0,1.5,5.25,0.25,5,4,4,21,0,0,4,0,4,16,20,1
0,1.6,4.4,0.6,0,6,4,22,1,0,5,0,2,7,0,1
0,1.3333333333,4.3333333333,1,0,3,1,13,1,0,3,0,2,6,0,1
2,3.6,12,1.2,2,3,1,60,1,0,5,0,3,21,2,1
0,3,18,2,3,3,1,18,1,0,1,0,0,6,3,1
12,1.75,5.5,1.25,1,2,3,22,0,9,4,0,3,12,3,1
0,1.8,6.2,1.2,3,3,2,31,2,0,5,0,3,16,6,1
2,1,2.25,0.25,1,5,3,9,0,2,4,0,1,6,3,1
3,2,7.7777777778,0.4444444444,3,4,4,70,1,1,9,0,3,25,12,1
0,5,21,0,1,3,1,21,0,0,1,0,0,4,1,1
0,2.375,7.875,0.75,0,1,2,63,3,0,8,0,3,21,0,1
26,1,1,0,0,0,1,1,0,1,1,0,0,1,0,1
8,2.037037037,7.2592592593,0.5555555556,6,3,5,196,4,0,27,0,25,120,30,1
2,1.0909090909,4.0909090909,0.9090909091,1,1,3,45,4,0,11,0,11,29,3,1
0,1.9696969697,7.6666666667,0.4848484848,6,3,4,253,7,0,33,0,29,188,24,1
0,2,9,0,3,5,1,9,0,0,1,0,0,4,3,1
0,1,2.8,0.6,0,6,5,14,0,0,5,0,2,5,0,1
0,1,3,0.5,0,1,2,6,1,0,2,0,2,2,0,1
0,2.5,11.5,0.5,1,3,1,23,0,0,2,0,0,7,1,1
0,3,29,1,1,4,1,29,0,0,1,0,0,2,1,1
1,4,14.6,0.8,5,4,5,73,0,0,5,0,4,21,25,1
0,5,31,0,4,5,1,31,0,0,1,0,0,9,4,1
2,2,9.3333333333,0.3333333333,1,3,2,28,2,0,3,0,0,9,2,1
0,2.25,7.5,0.25,1,1,2,30,3,0,4,0,4,10,2,1
0,1.75,8.25,0.25,1,1,2,33,2,0,4,0,4,11,2,1
0,1,3.5,0.75,0,3,1,14,2,0,4,0,4,10,0,1
0,1.5,6,0.8333333333,4,4,2,36,1,0,6,0,5,21,8,1
0,2.3571428571,9,0.5,3,2,1,126,5,0,14,0,10,64,3,1
0,1.9230769231,6.2307692308,0.2307692308,4,3,3,81,2,0,13,0,11,59,12,1
8,1.4090909091,4.8636363636,0.5454545455,4,3,7,107,1,2,22,0,17,65,28,1
1,2.8333333333,11.25,0.6666666667,7,2,1,135,5,0,12,0,8,66,7,1
9,2.2307692308,7.4615384615,0.3846153846,3,2,4,97,5,0,13,2,8,50,12,1
1,1.5,4.5,0,1,1,2,18,1,0,4,0,2,9,2,1
0,1.6666666667,5.6666666667,0,1,1,2,17,2,0,3,0,3,8,2,1
8,2,7.1111111111,0.5555555556,2,3,2,64,1,2,9,0,8,42,4,1
0,2.7142857143,9.4285714286,0.8571428571,5,2,1,66,5,0,7,0,5,40,5,1
1,1.3636363636,5.1818181818,0.5454545455,2,1,1,57,7,0,11,0,11,31,2,1
0,3,10,2,1,3,1,10,0,0,1,0,0,2,1,1
0,1,3,1,1,1,1,3,0,0,1,0,1,2,1,1
0,2,7,2,1,3,1,7,0,0,1,0,0,2,1,1
0,1.75,6,0.625,1,1,1,48,5,0,8,0,8,21,1,1
0,2,7.75,0.75,1,3,3,31,1,0,4,0,4,8,3,1
0,1.3333333333,4.5,0.6666666667,3,1,1,54,7,0,12,0,10,36,3,1
0,1,3,2,1,3,1,3,0,0,1,0,0,2,1,1
0,1.6666666667,4.3333333333,0.6666666667,1,3,3,13,0,0,3,0,3,4,3,1
19,1,1,1,0,0,1,1,0,17,1,0,0,1,0,1
11,2.4285714286,7.7142857143,0.5714285714,1,2,2,54,1,5,7,0,6,28,2,1
0,1,3.2,0.6,2,1,1,16,2,0,5,0,5,13,2,1
0,1,3,2,1,3,1,3,0,0,1,0,0,2,1,1
0,1.25,3.75,0.75,2,1,2,15,7,0,4,3,4,9,4,1
0,1,2.6666666667,0.3333333333,1,1,3,8,1,0,3,0,3,6,3,1
0,2,7,2,1,3,1,7,0,0,1,0,0,2,1,1
4,1.25,4.75,0.25,3,4,1,19,2,2,4,0,3,12,3,1
1,2.3333333333,10.6666666667,1,4,4,1,32,1,0,3,0,1,16,4,1
3,1.4210526316,4.6842105263,0.4736842105,3,3,4,89,2,0,19,0,17,53,12,1
0,1,5.5,0,1,1,1,11,1,0,2,0,2,5,1,1
1,2.1818181818,9.0909090909,0.4545454545,6,4,4,100,4,0,11,0,9,65,24,1
0,3.75,16.25,1,6,4,1,65,2,0,4,0,2,22,6,1
2,1,1,1,0,0,1,1,0,1,1,0,0,1,0,1
1,1.5454545455,5.1818181818,0.5454545455,3,3,5,57,0,0,11,0,7,31,15,1
7,1,1,0,0,0,1,1,0,2,1,0,0,1,0,1
0,2.2307692308,7.8461538462,0.5,5,3,3,204,6,0,26,0,21,97,15,1
1,1.7142857143,7.5,0.5714285714,8,4,5,105,3,0,14,0,12,64,40,1
4,1.5666666667,5.2333333333,0.8333333333,1,2,1,157,1,2,30,0,29,83,1,1
0,2,7.3333333333,1,1,4,3,22,0,0,3,0,3,6,3,1
16,1,2.25,1,0,3,3,9,1,8,4,0,3,6,0,1
38,1.8333333333,4.5,0.6666666667,1,2,3,27,1,6,6,0,6,15,3,1
13,1.2903225806,4.2258064516,0.9032258065,2,3,3,131,1,5,31,0,30,73,6,1
0,2.4,9.9,0.9,7,4,3,99,10,0,10,1,10,43,21,1
1,2.6666666667,10.2222222222,0.8888888889,4,4,3,92,7,0,9,4,9,34,12,1
1,2.2307692308,8.3846153846,0.8461538462,6,4,1,109,13,0,13,6,13,58,6,1
0,0,0,0,0,2,0,0,0,0,0,0,0,0,0,1
0,2,9,0.6666666667,2,4,3,27,0,0,3,0,3,9,6,1
1,3,12.7142857143,0.8571428571,3,4,2,89,4,0,7,4,7,25,6,1
0,3,13.6666666667,1.3333333333,2,4,1,41,3,0,3,0,2,10,2,1
9,0,0,0,0,1,0,0,0,1,0,0,0,0,0,1
1,2.4,9.5,0.7,6,3,2,95,4,0,10,0,10,42,12,1
2,2.4444444444,8.3333333333,0.8888888889,6,4,2,75,10,0,9,4,9,44,12,1
40,1,1,3,0,0,1,1,0,5,1,0,0,1,0,1
0,2.25,9,1,1,4,3,36,1,0,4,0,4,9,3,1
5,2,7.625,1,5,3,1,61,5,2,8,0,7,30,5,1
6,1,1,0.5,0,0,2,2,0,4,2,0,1,2,0,1
4,1,1,0.4285714286,0,0,7,7,0,2,7,0,6,7,0,1
1,2.2,9.4,0.4,0,1,1,47,2,0,5,0,5,12,0,1
1,2.6666666667,13.1666666667,0.5,0,1,1,79,6,0,6,0,6,18,0,1
0,2,6,1,0,1,2,12,0,0,2,0,2,2,0,1
0,1.6666666667,7,0.3333333333,0,1,3,21,0,0,3,0,3,3,0,1
1,2.175,10,0.95,12,4,7,400,22,0,40,0,36,151,84,1
0,1,3,0,0,1,1,3,0,0,1,0,1,1,0,1
0,1,3,0,0,1,1,3,0,0,1,0,1,1,0,1
0,1,3,0,0,1,1,3,0,0,1,0,1,1,0,1
1,1.6666666667,6.8333333333,0.4166666667,0,1,2,82,4,0,12,0,12,35,0,1
1,2,7.3333333333,1,1,4,3,22,0,1,3,0,3,6,3,1
0,1.5,5.25,0.25,2,5,4,21,0,0,4,0,4,8,8,1
0,2,7.6666666667,1,1,4,3,23,0,0,3,0,3,6,3,1
1,2.625,10,0.75,6,3,2,80,4,0,8,0,8,31,12,1
0,1,3,0,0,1,1,3,0,0,1,0,1,1,0,1
0,1.5,5,2,2,1,1,10,0,0,2,0,2,5,2,1
51,1,1,0.875,0,0,24,24,0,4,24,0,23,24,0,1
8,1,1,0.3333333333,0,0,3,3,0,1,3,0,2,3,0,1
0,4.5714285714,19.8095238095,2.0476190476,2,0,11,416,3,0,21,1,15,40,22,0
0,1.7333333333,6.2,0.6,6,4,3,93,2,0,15,0,14,48,18,1
0,1.5,5.5,2,2,2,1,11,1,0,2,0,2,9,2,1
1,3.5,11.125,0.875,5,4,2,89,23,0,8,3,8,54,10,1
0,1,11,0,0,1,1,11,0,0,1,0,1,1,0,1
0,0,0,0,0,2,0,0,0,0,0,0,0,0,0,1
2,2.1666666667,9.0833333333,1,2,0,1,109,7,0,12,1,9,36,2,1
2,1.6153846154,6,0.7692307692,1,0,1,78,3,0,13,1,12,33,1,1
1,1.8333333333,7,0.8333333333,4,4,2,42,2,0,6,1,6,19,8,1
0,1,3,0,0,1,1,3,2,0,1,2,1,3,0,1
0,1,3.5,2,2,1,1,7,0,0,2,0,2,5,2,1
1,1.6666666667,5.6666666667,0.3333333333,1,1,1,17,1,0,3,0,3,7,1,1
1,1.6666666667,6.8333333333,0.5,2,1,1,41,2,0,6,0,6,16,2,1
3,1.25,4,0.75,1,2,1,16,2,0,4,1,4,11,1,1
3,1.4761904762,5.4761904762,0.4285714286,3,5,4,115,8,1,21,0,15,75,12,1
0,7,35,6,4,3,1,35,0,0,1,0,0,12,4,1
3,1.4285714286,4.5714285714,1.5714285714,2,1,6,32,5,1,7,3,7,15,12,1
7,2.9583333333,17.0416666667,0.7916666667,8,2,2,409,7,0,24,2,13,129,16,1
3,1,1,2,0,1,2,2,0,2,2,0,1,2,0,1
0,4,27.3333333333,1.3333333333,3,2,3,82,0,0,3,0,3,18,9,1
0,5,50.5,1.5,3,2,2,202,6,0,4,0,3,21,6,1
0,1.6666666667,6.6666666667,0.4444444444,5,5,2,60,1,0,9,0,4,32,10,1
0,8,44,6,5,3,1,44,0,0,1,0,0,14,5,1
12,2.7419354839,12.6451612903,1,9,2,1,392,5,0,31,0,19,155,9,1
1,1,3.5,1,0,1,1,7,2,0,2,0,2,4,0,1
1,1,3.5,1,0,1,1,7,2,0,2,0,2,4,0,1
2,2.5,28.5,1,0,0,2,57,12,1,2,1,2,13,0,1
0,5,24,1,2,2,1,24,0,0,1,0,1,3,2,1
1,1.8,8.3,2.7,3,0,5,83,1,0,10,1,9,24,15,1
0,1.2307692308,4,0.4615384615,4,0,1,52,6,0,13,0,11,43,4,1
0,2.1538461538,9,1.2307692308,0,1,13,117,3,0,13,1,13,13,0,1
0,5,18,1,2,2,1,18,0,0,1,0,1,3,2,1
0,1.5555555556,6,0.6666666667,1,1,1,54,6,0,9,0,6,30,1,1
2,1.7,6.1,0.5,3,1,1,61,6,0,10,0,7,36,3,1
7,1.2857142857,5,0.8571428571,1,1,3,35,1,3,7,0,6,14,3,1
0,1.3333333333,14.5833333333,0.9166666667,0,0,7,175,15,0,12,4,9,26,0,1
6,1.875,6.5625,0.75,2,1,4,105,8,3,16,1,10,48,8,1
0,5.6666666667,28.3333333333,0.6666666667,1,2,3,85,0,0,3,0,1,7,3,1
1,1.5454545455,7.2727272727,0.8181818182,0,1,1,80,2,0,11,0,8,24,0,1
0,5,26.3333333333,0.6666666667,2,2,3,79,0,0,3,0,1,8,6,1
7,1,1,0.8,0,0,10,10,0,1,10,0,9,10,0,1
7,1.9230769231,9.1538461538,0.7692307692,0,0,1,119,1,1,13,0,13,26,0,1
0,1,3.5,1,1,1,2,7,0,0,2,0,2,3,2,1
4,3.9473684211,20.1578947368,1.8421052632,1,0,4,383,10,0,19,0,14,57,4,1
1,1,5,2,0,0,1,5,5,0,1,3,1,3,0,1
0,1,4.8333333333,2,0,0,2,29,0,0,6,0,6,10,0,1
5,1.3,4.6,0.7,1,0,2,46,5,0,10,0,10,26,2,1
6,1.3333333333,4.3333333333,0.6666666667,0,2,2,13,1,2,3,0,3,5,0,1
41,1,1,1,0,0,3,3,0,14,3,0,2,3,0,1
1,1,3,0.5,0,1,2,6,0,1,2,0,2,2,0,1
106,2.2388059701,10.2686567164,2.5671641791,1,0,28,688,16,0,67,3,66,133,28,0
0,4,12,1,2,2,1,12,0,0,1,0,1,3,2,1
0,1,2.3333333333,1,0,1,3,7,0,0,3,0,3,3,0,1
9,2,9.5,0.875,0,1,1,76,10,2,8,0,6,33,0,1
0,1.6666666667,4.7777777778,1.1111111111,0,1,9,43,1,0,9,0,9,9,0,1
0,2.6666666667,14.3333333333,0.3333333333,0,0,2,43,3,0,3,1,3,7,0,1
0,2.7222222222,21.9444444444,0.4444444444,1,0,8,395,29,0,18,18,13,63,8,0
0,2,8.1818181818,0.2727272727,2,0,3,90,4,0,11,0,8,30,6,1
0,1,3,0.3333333333,0,1,2,9,0,0,3,0,3,4,0,1
0,1,3,0.4,0,1,2,15,0,0,5,0,4,8,0,1
1,3.125,15.5833333333,1.0833333333,2,1,3,374,4,0,24,0,13,61,6,1
6,1,3,0.6666666667,0,0,1,9,1,3,3,0,3,6,0,1
0,1,3,0,0,1,1,3,0,0,1,0,1,1,0,1
0,1,3,1,1,1,1,3,0,0,1,0,1,2,1,1
1,1.8333333333,8.1666666667,0.9166666667,1,1,3,98,3,0,12,0,8,29,3,1
1,1.3636363636,4.7272727273,1.2727272727,0,1,4,52,6,0,11,0,10,32,0,1
0,1.1111111111,4,0.3333333333,0,1,2,36,1,0,9,0,8,17,0,1
1,1.8888888889,7.4444444444,1,1,1,4,67,2,0,9,0,9,17,4,1
9,2.1428571429,7.5714285714,0.8571428571,0,1,2,53,5,4,7,0,4,21,0,1
0,1,3.6,0.6,0,2,1,18,2,0,5,0,3,11,0,1
4,1.4,4.88,0.6,0,1,23,122,6,0,25,0,25,32,0,1
0,1.375,4.625,1,1,0,5,37,1,0,8,0,7,13,5,1
3,1,2.4,0.8,0,1,3,12,1,0,5,0,5,8,0,1
0,3.1666666667,16.5,0.5,2,1,2,99,1,0,6,0,4,26,4,1
0,1,3,1,0,0,2,6,0,0,2,0,2,2,0,1
0,1,3,1,0,2,1,3,0,0,1,0,1,1,0,1
2,2.2857142857,8,0.7142857143,0,0,1,56,5,0,7,1,4,21,0,1
0,1,5.3333333333,0.8333333333,1,1,6,32,1,0,6,0,5,16,6,1
0,2,8,1,1,2,1,8,0,0,1,0,0,4,1,1
0,1.3333333333,4.6666666667,1.6666666667,1,1,2,14,3,0,3,0,3,9,2,1
1,2.3333333333,9.3333333333,0.3333333333,1,0,1,28,17,0,3,16,3,10,1,1
3,3,11.2222222222,0.7777777778,0,1,2,101,5,1,9,0,9,27,0,1
0,2.1,10.1,2.3,0,0,2,101,0,0,10,0,9,18,0,1
2,1.1666666667,5,2,0,0,1,30,1,0,6,0,6,12,0,1
2,1.7777777778,6.8888888889,1,1,1,3,62,3,1,9,0,7,23,3,1
0,3,16,1.3333333333,2,2,2,48,1,0,3,0,2,8,4,1
2,1.7777777778,7,1.2222222222,1,1,3,63,1,1,9,0,6,22,3,1
0,2.6666666667,13.6666666667,1.3333333333,2,2,2,41,1,0,3,0,2,8,4,1
2,1.8888888889,7.5555555556,1,1,1,4,68,1,1,9,0,7,20,4,1
0,3.6666666667,18.6666666667,1.3333333333,2,2,2,56,1,0,3,0,2,9,4,1
9,1,1,3,0,1,1,1,2,3,1,1,1,1,0,1
1,1.5,6.25,0.5,0,1,3,25,0,0,4,0,3,5,0,1
27,1,1,1.1666666667,0,0,6,6,4,4,6,3,6,6,0,1
2,1.6666666667,7,0.6666666667,0,0,4,42,0,1,6,0,4,8,0,1
0,2,7,1.8,0,0,4,35,0,0,5,0,5,6,0,1
0,2.4285714286,9.2857142857,0.8571428571,1,1,1,65,6,0,7,0,6,25,1,1
0,4.3529411765,25.9411764706,4.2941176471,15,0,5,441,3,0,17,1,13,63,75,1
1,1,1,1,0,0,1,1,0,0,1,0,0,1,0,1
0,1,1,0,0,0,1,1,1,0,1,0,1,1,0,1
0,2.5,12,2,1,0,1,24,2,0,2,0,2,7,1,1
0,2.25,31,1.25,1,0,2,124,6,0,4,0,1,13,2,1
0,0,0,0,0,2,0,0,0,0,0,0,0,0,0,1
1,2.375,18,0.5,2,1,4,144,2,1,8,0,4,36,8,1
12,1.4074074074,5.1851851852,0.6666666667,3,0,10,140,6,2,27,0,21,61,30,1
0,4.3333333333,20.6666666667,2.3333333333,1,0,1,62,14,0,3,0,2,23,1,1
5,1.4375,4.6875,0.625,3,0,1,75,9,0,16,0,13,49,3,1
6,1.5,8.6666666667,3.3333333333,2,1,1,52,3,0,6,0,6,19,2,1
0,2.6666666667,10.3333333333,2.3333333333,1,4,1,31,1,0,3,0,1,9,1,1
1,2.7142857143,10.7142857143,0.8571428571,0,1,1,75,7,1,7,0,6,21,0,1
0,3.5,15.6,1.5,0,0,8,156,6,0,10,1,9,17,0,1
7,2.3333333333,13.2222222222,1.1111111111,1,0,5,119,2,0,9,0,8,19,5,1
0,1,3,1,1,0,1,18,1,0,6,0,6,17,1,1
0,1.1666666667,4.5,1.1666666667,0,1,1,27,2,0,6,0,6,18,0,1
2,1,1,1,0,0,1,1,0,2,1,0,0,1,0,1
7,1,1,0.5,0,0,2,2,0,3,2,0,1,2,0,1
0,2,11,1,0,0,1,11,0,0,1,0,1,1,0,1
0,1,5,1,1,2,1,5,0,0,1,0,0,3,1,1
1,1.6875,7.03125,1.1875,0,1,27,225,7,0,32,0,26,45,0,1
2,1.7142857143,6.5714285714,0.4285714286,0,0,1,46,4,0,7,1,6,17,0,1
2,1,3,0.6666666667,0,0,1,9,1,1,3,0,2,6,0,1
1,1,3,1,0,1,1,3,0,1,1,0,1,1,0,1
1,1.4,5.4,0.5,1,0,1,54,6,0,10,1,9,27,1,1
0,0,0,0,0,0,0,0,11,0,0,11,0,0,0,1
4,1.4,5.6,1.2,2,1,1,28,2,1,5,0,4,14,2,1
0,1.5,6,2.25,1,2,1,24,1,0,4,0,3,10,1,1
0,2.9375,14.4375,0.875,6,3,5,231,18,0,16,0,12,81,30,1
1,1,3,0,0,0,1,3,2,0,1,0,1,2,0,1
2,8.2941176471,44.8823529412,2.8235294118,0,0,1,763,22,0,17,0,0,68,0,1
5,0,0,0,0,0,0,0,11,2,0,10,0,0,0,1
2,4.8928571429,28.8571428571,0.6428571429,3,1,1,808,34,0,28,0,5,237,3,1
1,1.5,9,1,1,0,2,18,15,0,2,0,0,5,2,1
2,4.7428571429,32.6,1.1142857143,4,1,2,1141,26,0,35,2,9,200,8,0
1,1,8,1,2,0,1,8,20,0,1,0,0,6,2,1
2,1.2857142857,4.5714285714,0.5714285714,0,0,1,32,2,0,7,0,0,14,0,1
0,1,3,1,0,1,1,3,0,0,1,0,1,1,0,1
3,1.8064516129,7.0967741935,0.6451612903,2,0,1,220,21,0,31,2,13,116,2,1
1,1.8,5.8,1.4,0,1,2,29,1,0,5,0,3,9,0,1
1,1.8,7.6,0.6,0,0,1,38,2,0,5,0,3,12,0,1
1,1,4,0.5,1,1,1,8,1,0,2,0,2,4,1,1
2,2.7619047619,13.1904761905,1,0,0,1,277,11,0,21,2,17,101,0,1
4,0,0,0,0,0,0,0,51,2,0,50,0,0,0,1
7,1.7258064516,8.2096774194,0.9516129032,1,1,3,509,21,0,62,4,55,268,3,1
4,3.2083333333,15.625,1.0416666667,4,1,8,375,15,0,24,0,19,98,32,1
2,2.3076923077,13,1.5,3,1,4,338,24,0,26,7,19,124,12,1
0,2.8421052632,15.2631578947,3.5789473684,0,0,8,290,3,0,19,0,13,34,0,1
4,1.6923076923,7.5384615385,0.8461538462,0,1,3,98,3,2,13,0,9,33,0,1
3,1.25,6.65,0.45,2,1,3,133,8,0,20,0,19,66,6,1
3,1,1,3,0,1,1,1,0,3,1,0,0,1,0,1
0,3,24.75,1.25,3,0,3,198,2,0,8,0,7,20,9,1
0,1,2,0.5,0,0,1,4,7,0,2,6,1,4,0,1
0,1.4,4.6,0.8,0,1,2,23,1,0,5,0,5,9,0,1
4,1.1538461538,5.0769230769,0.5384615385,0,0,1,66,8,0,13,1,13,48,0,1
0,1.125,3.375,0.375,0,1,6,27,4,0,8,0,8,14,0,1
0,2.5,14.5,1,0,1,1,58,1,0,4,0,4,8,0,1
0,3,15.625,1.125,1,1,1,125,2,0,8,0,7,19,1,1
1,1.2,4.2,0.8,0,0,1,21,2,0,5,2,4,13,0,1
0,1,3,1.5,0,2,4,12,1,0,4,1,4,5,0,1
0,1,2.75,1.5,0,2,4,11,1,0,4,1,4,5,0,1
5,0,0,0,0,0,0,0,7,3,0,6,0,0,0,1
1,1.1428571429,4.2857142857,0.8571428571,0,2,2,30,3,0,7,0,7,18,0,1
3,1.3,4.4,0.9,0,2,2,44,3,0,10,0,10,24,0,1
0,1,4.3333333333,0.6666666667,1,1,1,13,3,0,3,0,3,8,1,1
0,1,3,0.5,0,0,1,6,4,0,2,3,1,4,0,1
2,1.95,8.9,1.05,3,2,3,178,8,0,20,1,19,71,9,1
0,0,0,0,0,0,0,0,0,0,0,0,0,0,0,1
0,1,3,1,1,1,2,6,3,0,2,0,1,3,2,1
0,1,1,0,0,0,1,1,9,0,1,0,0,1,0,1
2,1.125,4.625,0.875,0,0,2,74,25,0,16,1,16,79,0,1
9,1,1,1,0,0,3,3,0,3,3,0,2,3,0,1
0,2,38.4,1.2,1,0,4,192,5,0,5,0,1,12,4,1
1,1.5,4.5,0.5,0,0,1,9,2,0,2,0,1,5,0,1
14,1.7272727273,7.25,0.6136363636,2,0,3,319,15,0,44,2,38,137,6,1
13,1,1,0.5,0,0,6,6,0,4,6,0,5,6,0,1
12,2.5416666667,15.9166666667,0.9166666667,8,0,4,382,29,0,24,0,13,121,32,0
1,0,0,0,0,0,0,0,2,0,0,0,0,0,0,1
1,2.75,12,1.25,1,1,1,48,3,0,4,0,2,15,1,1
1,1,4,2,0,0,1,4,2,0,1,0,0,3,0,1
4,1.1666666667,4.4166666667,0.75,0,0,3,53,14,0,12,3,12,40,0,1
3,2.5,16.9166666667,1.0625,6,1,6,812,39,0,48,4,19,277,36,1
1,1,3,0.5,0,0,1,6,4,0,2,3,1,4,0,1
1,1,3,1,0,0,1,3,6,0,1,0,0,2,0,1
5,1.1666666667,4.3333333333,0.75,0,0,3,52,3,0,12,0,12,28,0,1
0,1.9166666667,9.8333333333,1.25,4,0,6,118,1,0,12,0,5,29,24,1
0,1,3,0,2,2,1,3,0,0,1,0,1,3,2,1
3,1.2857142857,5.1428571429,0.8571428571,0,2,1,36,3,2,7,0,3,18,0,1
0,1,3,2,0,3,1,3,0,0,1,0,0,1,0,1
0,1,3,2,1,3,1,3,0,0,1,0,0,2,1,1
0,0,0,0,0,0,0,0,0,0,0,0,0,0,0,1
0,1,3,0,0,1,1,3,0,0,1,0,1,1,0,1
0,1,10.2,0.4,2,1,4,51,3,0,5,0,4,11,8,1
0,1.5,5,0.5,0,0,2,10,0,0,2,0,1,2,0,1
0,4,23,0,1,1,1,23,0,0,1,0,1,3,1,1
0,1.5,13.6,0.1,4,2,2,136,2,0,10,0,10,69,8,1
0,1,3,1,0,0,2,6,0,0,2,0,1,2,0,1
326,1.2777777778,5.9444444444,1.3055555556,1,1,6,214,6,162,36,0,34,94,6,1
0,1,3,1,0,0,1,6,1,0,2,0,2,4,0,1
0,1.25,4,1,2,2,7,32,1,0,8,0,8,14,14,1
0,1,3.5,0.25,1,2,4,14,0,0,4,0,4,7,4,1
0,1,15.3333333333,1,0,1,2,46,0,0,3,0,2,4,0,1
0,1.5454545455,14.6666666667,0.1212121212,3,2,8,484,1,0,33,0,32,209,24,1
0,1,3,0.3333333333,1,2,3,9,0,0,3,0,3,5,3,1
0,1,1.6666666667,0,0,2,3,5,0,0,3,0,3,3,0,1
0,1,1,0,0,0,1,1,0,0,1,0,0,1,0,1
0,1,2,0,0,2,2,4,0,0,2,0,2,2,0,1
0,1,2,0,0,0,2,4,0,0,2,0,2,2,0,1
0,1,2,0,0,0,2,4,0,0,2,0,1,2,0,1
0,1,2.5,0,0,0,2,5,0,0,2,0,2,2,0,1
0,1,2,0.5,0,2,2,4,0,0,2,0,2,2,0,1
0,1,2,0.5,0,0,2,4,0,0,2,0,2,2,0,1
0,1,2,0,0,2,2,4,0,0,2,0,1,2,0,1
0,1.2727272727,6.0909090909,0.6363636364,2,2,12,134,4,0,22,0,18,73,24,1
0,1,4,0.2,1,2,5,20,0,0,5,0,4,9,5,1
0,1.0769230769,4.2307692308,0.3846153846,2,2,4,55,6,0,13,0,11,46,8,1
0,1.1428571429,6,1,2,2,4,42,1,0,7,0,4,17,8,1
0,1.3333333333,6.3333333333,1,0,1,1,19,2,0,3,0,3,7,0,1
0,1,3.75,0.25,2,2,4,15,1,0,4,0,4,11,8,1
0,1,5.7857142857,0.0714285714,2,2,4,81,1,0,14,0,14,71,8,1
0,1,3.6,0.2,2,2,5,18,1,0,5,0,5,13,10,1
0,1,3,0.25,1,2,4,12,0,0,4,0,4,7,4,1
0,1,4.2,0.2,2,2,4,21,1,0,5,0,5,17,8,1
0,1,3.75,0.25,2,2,4,15,1,0,4,0,4,11,8,1
0,1.3235294118,6.2352941176,0.4411764706,2,2,9,212,1,0,34,0,26,97,18,1
0,2,6,1,0,1,1,6,0,0,1,0,1,1,0,1
0,1,4,0.1111111111,2,2,9,36,0,0,9,0,9,31,18,1
0,1.3846153846,6.8461538462,0.0769230769,3,2,13,89,0,0,13,0,13,44,39,1
0,1.8,9.5166666667,0.9166666667,2,1,37,571,3,0,60,0,53,113,74,1
0,1.1875,5.5,0.5625,0,1,4,88,4,0,16,0,12,36,0,1
0,1,9,0,1,1,2,18,0,0,2,0,2,4,2,1
0,1,3,1,0,0,2,6,0,0,2,0,2,2,0,1
0,1,3.25,0.25,1,2,4,13,0,0,4,0,4,7,4,1
0,1,6.3333333333,0,5,2,6,38,0,0,6,0,6,38,30,1
0,1,3,0,2,2,1,3,0,0,1,0,1,3,2,1
1,1.1,2.8,1,1,2,7,28,2,0,10,0,10,20,7,1
0,1,3,0,0,3,2,6,0,0,2,0,2,2,0,1
0,1,10.5,0.5,1,1,2,21,0,0,2,0,2,9,2,1
0,1.6666666667,16.6666666667,0,1,1,3,50,0,0,3,0,3,8,3,1
0,1,3.5,1,1,1,2,7,0,0,2,0,2,4,2,1
0,1.2666666667,14.4,0.4,4,1,4,216,3,0,15,0,12,54,16,1
0,1,1,0,0,2,2,2,0,0,2,0,2,2,0,1
0,1,1,0,0,2,2,2,0,0,2,0,2,2,0,1
0,1.4,3.8,0.6,1,2,3,19,2,0,5,0,4,13,3,1
0,1,1,0,0,2,2,2,0,0,2,0,2,2,0,1
0,1,6.3333333333,0.5,2,2,3,38,0,0,6,0,5,14,6,1
0,2,32,0,2,1,1,32,0,0,1,0,1,3,2,1
0,1,2,1,0,2,1,2,0,0,1,0,0,1,0,1
0,1,5.3333333333,0.1666666667,1,2,6,32,0,0,6,0,6,14,6,1
0,1,3.8571428571,0.1428571429,2,2,7,27,0,0,7,0,7,16,14,1
0,1.3333333333,3.7777777778,0.1111111111,1,2,6,34,0,0,9,0,8,19,6,1
0,1,3,0,1,2,1,3,0,0,1,0,1,2,1,1
0,1,3,0,1,2,1,3,0,0,1,0,1,2,1,1
0,1.75,7.5,0.25,1,2,4,30,0,0,4,0,4,7,4,1
0,1,4.2,0.2,1,2,5,21,0,0,5,0,5,10,5,1
0,1,7.75,2.5,1,1,1,31,6,0,4,0,4,24,1,1
0,1.2162162162,6.6216216216,0.1891891892,8,2,29,245,0,0,37,0,35,127,232,1
1,1.3333333333,2.7777777778,0.8888888889,3,2,7,25,3,0,9,0,7,18,21,1
1,2,6.2222222222,1.1111111111,4,2,7,56,5,0,9,0,7,23,28,1
1,1.2,3.7,0.9,2,2,1,37,2,0,10,0,7,23,2,1
1,1.4444444444,3.5555555556,1,3,2,7,32,4,0,9,0,7,20,21,1
0,1,3.7,0.1,1,2,8,37,0,0,10,0,8,23,8,1
0,1,3.7419354839,0.0322580645,2,2,31,116,0,0,31,0,31,105,62,1
0,1,4.0909090909,0.0909090909,2,2,11,45,0,0,11,0,11,33,22,1
0,1,3.5714285714,0.2857142857,3,2,5,25,1,0,7,0,6,17,15,1
0,1.6666666667,11.1666666667,0.1666666667,2,2,6,67,0,0,6,0,6,15,12,1
0,1,3.4444444444,0.1111111111,2,2,9,31,0,0,9,0,9,21,18,1
0,1,3,0.0625,1,2,16,48,0,0,16,0,16,31,16,1
0,1.2,11.7,1,6,1,2,117,0,0,10,0,7,30,12,1
1,1,3,1,0,4,1,6,1,0,2,0,1,4,0,1
1,1,2.6666666667,1,0,2,3,8,0,0,3,0,2,3,0,1
0,1.0740740741,6.2222222222,0.2592592593,3,2,16,168,3,0,27,0,24,81,48,1
0,1,3,0.25,1,2,4,12,0,0,4,0,4,7,4,1
0,1,6,0.5,1,1,2,12,0,0,2,0,2,6,2,1
0,1,8,0.3333333333,1,1,3,24,0,0,3,0,3,11,3,1
0,1,3.8333333333,0.1666666667,1,2,6,23,0,0,6,0,6,14,6,1
0,1,3,0.3333333333,1,2,3,9,0,0,3,0,3,5,3,1
0,1,3.2857142857,0.1428571429,1,2,7,23,0,0,7,0,7,13,7,1
0,1,4,0.0909090909,1,2,11,44,0,0,11,0,11,21,11,1
0,1,4.6,0.2,1,2,5,23,0,0,5,0,5,13,5,1
0,1,3,0.1666666667,1,2,6,18,0,0,6,0,6,11,6,1
0,1,3.6666666667,0.1111111111,1,2,9,33,0,0,9,0,9,17,9,1
0,1,3,0.1111111111,1,2,9,27,0,0,9,0,9,17,9,1
0,1,3,0.1111111111,1,2,9,27,0,0,9,0,9,17,9,1
0,1,3.358490566,0.0188679245,1,2,53,178,0,0,53,0,53,105,53,1
0,1.1111111111,3.5555555556,0.1111111111,1,2,9,32,0,0,9,0,9,18,9,1
0,1.1111111111,3.6666666667,0.1111111111,1,2,9,33,0,0,9,0,9,18,9,1
0,1.2222222222,6.2222222222,0.037037037,3,2,25,168,1,0,27,0,27,82,75,1
0,1,14,0,1,1,1,28,1,0,2,0,2,8,1,1
0,1,16,0,2,1,1,16,1,0,1,0,1,4,2,1
0,1,2.0909090909,1.8181818182,0,1,11,23,0,0,11,0,11,11,0,1
0,1.5555555556,8.3333333333,0.2222222222,1,2,6,75,4,0,9,0,8,32,6,1
0,1.2857142857,17.4285714286,0.5714285714,2,2,4,122,0,0,7,0,6,19,8,1
0,1,3,0.0526315789,1,2,19,57,0,0,19,0,19,37,19,1
0,1,3.25,0.25,1,2,4,13,0,0,4,0,4,7,4,1
0,2.3333333333,11,0.6666666667,0,2,1,33,4,0,3,0,1,11,0,1
0,1,15,0,0,1,2,30,0,0,2,0,1,2,0,1
4,0,0,0,0,1,0,0,0,4,0,0,0,0,0,1
1,1,10.75,0.5,0,0,3,43,1,1,4,0,2,6,0,1
0,0,0,0,0,2,0,0,2,0,0,0,0,0,0,1
0,0,0,0,0,2,0,0,0,0,0,0,0,0,0,1
0,0,0,0,0,2,0,0,0,0,0,0,0,0,0,1
0,0,0,0,0,2,0,0,0,0,0,0,0,0,0,1
0,1.4285714286,5,0.1428571429,2,2,7,35,0,0,7,0,7,17,14,1
0,1,2.6666666667,1,2,2,3,8,0,0,3,0,3,5,6,1
0,1,3,1.5,2,2,2,6,0,0,2,0,2,4,4,1
0,1,4.3333333333,0.3333333333,2,2,3,13,0,0,3,0,3,7,6,1
0,1,7,0.5,5,1,2,14,0,0,2,0,2,8,10,1
1,1,4.5,0.5,1,4,2,9,1,0,2,0,1,6,2,1
0,1,3,0.1666666667,1,2,6,18,0,0,6,0,6,11,6,1
0,1,3.1666666667,0.2222222222,1,1,5,57,0,0,18,0,15,37,5,1
0,1,3,0.25,1,2,4,12,0,0,4,0,4,7,4,1
0,2,11.5,0,3,1,1,23,1,0,2,0,2,8,3,1
0,2.5,14,0.25,4,2,2,56,9,0,4,0,4,28,8,1
1,1,4.375,0.625,1,0,1,35,8,0,8,0,7,32,1,1
0,1.1428571429,2.4285714286,1,2,2,6,17,0,0,7,0,7,10,12,1
0,1.125,8.625,0.25,3,1,2,69,6,0,8,0,5,49,6,1
0,1.5,9.8,0.4,1,1,3,98,5,0,10,0,5,36,3,1
0,1.375,6.9375,0.0625,2,2,16,111,0,0,16,0,16,42,32,1
0,1.2307692308,5.3076923077,0.2307692308,1,2,8,69,0,0,13,0,12,30,8,1
0,1.1315789474,3.6578947368,0.0789473684,1,2,38,139,0,0,38,0,38,74,38,1
0,1,3,0.0909090909,1,2,11,33,0,0,11,0,11,21,11,1
0,1,3.2,0.2,3,2,7,32,1,0,10,0,9,22,21,1
0,1,3.9,0.1,1,2,10,39,0,0,10,0,10,21,10,1
0,1.4666666667,8.1333333333,0.0666666667,3,2,15,122,0,0,15,0,15,42,45,1
0,1,5,0.25,3,2,3,20,3,0,4,0,4,14,9,1
0,1.0714285714,4.5,0.1428571429,2,2,9,63,0,0,14,0,12,35,18,1
0,1.4571428571,6.3428571429,0.1142857143,5,2,14,222,5,0,35,0,33,103,70,1
0,1.0769230769,13.0769230769,0.0769230769,3,1,2,170,2,0,13,0,13,67,6,1
0,1.3333333333,4.3888888889,0.0555555556,1,2,18,79,3,0,18,0,17,36,18,1
0,1.275862069,7.275862069,0.0344827586,6,2,27,211,4,0,29,0,29,89,162,1
0,6,19,1,0,0,1,19,0,0,1,0,1,1,0,1
0,1,3,1,0,0,1,3,0,0,1,0,1,1,0,1
0,6,27,1,0,0,1,27,0,0,1,0,1,1,0,1
0,7,21,1,0,0,1,21,0,0,1,0,1,1,0,1
0,1,4,1,0,0,1,4,0,0,1,0,1,1,0,1
0,1.3076923077,5,0.0769230769,2,2,13,65,0,0,13,0,13,35,26,1
0,1.08,4.56,0.04,1,2,25,114,0,0,25,0,25,49,25,1
0,1,4.3125,0.375,2,2,7,69,0,0,16,0,13,42,14,1
0,1.375,8.75,0,1,2,16,140,0,0,16,0,16,49,16,1
0,1.0666666667,7.2666666667,0.0666666667,4,2,21,218,6,0,30,6,29,100,84,1
0,1.2,4.2,0.2,1,2,5,21,0,0,5,0,5,10,5,1
0,1,4.45,0.1,2,2,18,89,1,0,20,0,19,48,36,1
0,1,3,0.1111111111,1,2,9,27,0,0,9,0,9,17,9,1
0,1,1.75,0.75,0,1,4,7,0,0,4,0,4,4,0,1
0,1,3.25,0.125,1,2,8,26,0,0,8,0,8,15,8,1
2,1.4285714286,6.8571428571,0.4285714286,2,1,2,48,2,1,7,0,3,21,4,1
0,1,3.7368421053,0.0526315789,1,2,18,71,1,0,19,0,19,42,18,1
0,1,3,2,0,1,1,3,0,0,1,0,1,1,0,1
0,1,3,2,0,1,1,3,0,0,1,0,1,1,0,1
0,1,3,0.3333333333,1,2,3,9,0,0,3,0,3,5,3,1
0,1.0769230769,5.5384615385,0.0769230769,4,2,8,72,2,0,13,2,12,36,32,1
0,1.3333333333,6,0.1851851852,2,2,11,162,5,0,27,0,22,73,22,1
0,2.2,10.8,0.6,1,2,3,54,2,0,5,0,4,12,3,1
0,1.3,7.3,0.2,1,2,6,73,3,0,10,0,9,29,6,1
0,1,3.8,0.2,1,2,5,19,1,0,5,0,5,12,5,1
0,1,3.8888888889,0.3333333333,1,2,7,35,1,0,9,1,8,18,7,1
0,1,5.0625,0.5,3,2,7,81,3,0,16,0,12,35,21,1
0,2,21.2,1.4,0,1,2,106,0,0,5,0,2,8,0,1
0,1,7,0,0,1,1,7,0,0,1,0,1,1,0,1
0,2,6,1,0,1,1,6,0,0,1,0,1,1,0,1
0,1,4,0.5,0,1,2,8,0,0,2,0,2,2,0,1
0,1.2352941176,8.4117647059,0.1764705882,1,2,12,143,0,0,17,0,14,34,12,1
0,1.2,11.25,0.5,2,2,12,225,0,0,20,0,15,56,24,1
0,1,5.0769230769,0.2307692308,2,2,4,66,2,0,13,0,11,61,8,1
0,1.1818181818,6.1818181818,0.4545454545,3,1,4,68,0,0,11,0,9,42,12,1
1,1,6,2.5,1,2,1,12,1,0,2,0,0,7,1,1
1,1.0909090909,1.8181818182,1.1818181818,0,2,10,20,1,0,11,0,10,13,0,1
0,0,0,0,0,0,0,0,0,0,0,0,0,0,0,1
0,1,2,0.5,0,1,2,4,0,0,2,0,2,2,0,1
0,1,2.6666666667,0.3333333333,0,1,3,8,0,0,3,0,3,3,0,1
0,1,4,1,0,1,1,4,0,0,1,0,1,1,0,1
2,1,1,0.5,0,1,2,2,0,2,2,0,2,2,0,1
0,1,2,0.5,0,2,2,4,0,0,2,0,2,2,0,1
0,1,2,0.5,0,2,2,4,0,0,2,0,2,2,0,1
0,1,3.75,0.125,0,1,8,30,0,0,8,0,8,8,0,1
4,1,1,0.5,0,1,2,2,0,4,2,0,2,2,0,1
0,1,1,0,0,2,1,1,0,0,1,0,1,1,0,1
0,1,1,0,0,2,1,1,0,0,1,0,1,1,0,1
0,0,0,0,0,2,0,0,0,0,0,0,0,0,0,1
0,1,1,0,0,2,1,1,0,0,1,0,1,1,0,1
0,1,1,0,0,1,1,1,0,0,1,0,1,1,0,1
0,1,2.5,0.5,0,1,2,5,0,0,2,0,2,2,0,1
0,1,15.3333333333,0.3333333333,0,1,3,46,0,0,3,0,2,3,0,1
0,1.5,4.5,0.5,0,1,2,9,0,0,2,0,2,2,0,1
0,1,3,0,0,0,1,3,0,0,1,0,1,1,0,1
0,1,3,0.5,0,1,2,6,0,0,2,0,2,2,0,1
0,1,3.6666666667,0,1,2,3,11,0,0,3,0,3,8,3,1
0,1.3636363636,3.5454545455,1.1818181818,0,2,10,39,2,0,11,0,11,14,0,1
0,1,3,0.5,0,1,2,6,0,0,2,0,2,2,0,1
0,2,8.6666666667,0.3333333333,2,2,3,26,3,0,3,0,3,10,6,1
0,2.5,26,0.5,5,1,2,52,0,0,2,0,2,10,10,1
0,1,3.75,0.25,2,2,4,15,1,0,4,0,4,10,8,1
1,2.6086956522,13.9565217391,0.1956521739,9,2,11,642,8,0,46,0,42,319,99,1
1,1.6666666667,5.6666666667,0.6666666667,1,4,1,17,2,0,3,0,3,10,1,1
1,1.6666666667,6,1,0,4,1,18,2,0,3,0,3,6,0,1
1,1,3,1,0,3,2,6,0,0,2,0,2,2,0,1
4,1.3333333333,6.3333333333,2.3333333333,1,3,1,19,2,4,3,0,0,9,1,1
0,1,3,0,0,4,1,3,0,0,1,0,1,1,0,1
0,1,3,0,0,4,1,3,0,0,1,0,1,1,0,1
0,1,3,0,0,4,1,3,0,0,1,0,1,1,0,1
0,1,3,0,0,4,1,3,0,0,1,0,1,1,0,1
0,1,4.5,0.25,0,1,4,18,1,0,4,0,3,5,0,1
0,1,10.0833333333,0.0833333333,4,2,5,121,23,0,12,0,8,81,20,1
0,1,3,0.125,1,2,8,24,0,0,8,0,8,15,8,1
0,1.4444444444,8.7777777778,0.1111111111,2,2,5,79,2,0,9,0,9,30,10,1
0,1,3.3333333333,0.3333333333,1,2,3,10,0,0,3,0,3,5,3,1
0,1,9.6666666667,0.3333333333,1,2,3,29,0,0,3,0,3,6,3,1
0,1.5,8.5,0,2,1,2,17,0,0,2,0,2,6,4,1
0,1,6.5,2,1,3,2,13,0,0,2,0,1,3,2,1
0,1,3.8181818182,0.0909090909,1,2,11,42,1,0,11,0,11,22,11,1
0,1,6.3636363636,0.0909090909,3,2,11,70,0,0,11,0,11,31,33,1
0,1.2666666667,16,0.2,9,2,7,240,13,0,15,0,12,198,63,1
0,3,22,1,3,0,1,22,0,0,1,0,1,4,3,1
0,1.6,12.6,0.4,7,1,1,126,5,0,10,0,5,52,7,1
0,2.1428571429,11.7142857143,0.2857142857,3,2,7,82,0,0,7,0,7,18,21,1
0,2.75,28.875,0.125,3,2,2,231,2,0,8,0,8,39,6,1
0,1.3043478261,13.9565217391,0.1304347826,15,2,11,321,14,0,23,0,20,240,165,0
0,1,3,0.2,1,2,5,15,1,0,5,0,5,9,5,1
0,1.25,4.9375,0.0625,1,2,16,79,1,0,16,0,16,32,16,1
0,1.125,3.625,0.125,1,2,8,29,1,0,8,0,8,17,8,1
0,2,11.7142857143,0.4285714286,2,2,4,82,4,0,7,4,6,30,8,1
0,1,3.1666666667,0.3333333333,1,2,4,19,3,0,6,0,5,14,4,1
0,1,3.2142857143,0.0714285714,1,2,14,45,0,0,14,0,14,27,14,1
0,1.5,5,0.5,2,2,1,10,2,0,2,0,2,7,2,1
0,1,2,1,0,2,2,4,0,0,2,0,2,2,0,1
0,2,13.3333333333,0.6666666667,1,1,2,40,0,0,3,0,3,7,2,1
0,1.4166666667,6.5,0.0833333333,3,2,12,78,1,0,12,0,12,32,36,1
0,1.25,7.125,0.125,2,2,8,57,1,0,8,0,8,14,16,1
0,1,7,0.125,2,2,4,56,3,0,8,0,8,41,8,1
0,1,3,0.1666666667,1,2,6,18,0,0,6,0,6,11,6,1
0,1.3333333333,5.4666666667,0.2,2,2,14,82,0,0,15,0,15,35,28,1
0,1,3.3409090909,0.0227272727,1,2,44,147,1,0,44,0,44,89,44,1
0,1,4,0,2,2,1,4,1,0,1,1,1,4,2,1
0,1,14.25,0.25,3,1,2,57,2,0,4,0,4,18,6,1
0,1.2,6.9,0.1,4,2,9,69,1,0,10,1,9,34,36,1
1,1,3,0,1,4,1,3,0,0,1,0,1,2,1,1
0,1.625,5.625,0.125,2,2,4,45,3,0,8,0,8,33,8,1
1,1,3,0,0,0,1,12,2,0,4,0,4,7,0,1
0,1.8461538462,13.0769230769,0.9230769231,4,1,7,170,10,0,13,10,7,64,28,1
0,1,3.2857142857,0.7142857143,0,1,7,23,0,0,7,0,7,7,0,1
0,1.04,5.72,0.32,2,2,7,143,1,0,25,0,20,65,14,1
0,1.1111111111,7.2222222222,0.3333333333,2,2,7,65,0,0,9,0,8,28,14,1
0,1.3333333333,2.7777777778,0.8888888889,3,2,7,25,3,0,9,0,7,18,21,1
0,1,6,0.25,2,2,5,96,0,0,16,0,15,69,10,1
0,1.2608695652,4.6086956522,0.1304347826,1,2,17,106,0,0,23,0,21,44,17,1
0,1,3,1,0,2,1,3,0,0,1,0,1,1,0,1
0,1,3.5833333333,0.0833333333,1,2,12,43,0,0,12,0,12,24,12,1
1,2.25,10.75,0.25,0,0,2,43,2,0,4,0,4,8,0,1
0,1,4,0,1,0,1,4,0,0,1,0,1,2,1,1
0,2,7,1,0,0,1,7,0,0,1,0,1,1,0,1
0,1.05,3.75,0.4,2,2,10,75,2,0,20,0,18,45,20,1
0,1,9.6666666667,0.1666666667,3,1,2,58,3,0,6,0,5,32,6,1
0,1,3.25,0.125,1,2,8,26,0,0,8,0,8,15,8,1
0,1,3,0,1,2,1,3,0,0,1,0,1,2,1,1
0,1,3,0.5,1,0,1,6,1,0,2,0,2,5,1,1
0,1,3,0.5,1,0,1,6,1,0,2,0,2,5,1,1
0,1.8,9.6,0.6,3,2,1,48,2,0,5,0,5,16,3,1
0,1,3.75,0.0833333333,2,2,12,45,0,0,12,0,12,27,24,1
0,1,3.5,0.1428571429,3,2,7,49,1,0,14,0,13,32,21,1
0,1,4.16,0.2,3,2,10,104,1,0,25,0,22,73,30,1
0,1,3,0.1428571429,1,2,7,21,0,0,7,0,7,13,7,1
0,1,3.5,0.25,2,2,4,14,1,0,4,1,4,10,8,1
0,1,3.6,0.2,1,2,5,18,1,0,5,1,5,13,5,1
0,1,3.25,0.125,1,2,8,26,0,0,8,0,8,15,8,1
0,1,3,0,1,2,1,3,0,0,1,0,1,2,1,1
0,1.92,10.68,1.04,5,2,7,267,1,0,25,0,17,64,35,1
0,3,52,0,3,1,1,52,0,0,1,0,1,6,3,1
0,1.4444444444,6.1481481481,0.037037037,3,2,26,166,1,0,27,0,27,72,78,1
0,1,3.75,0.25,1,2,4,15,0,0,4,0,4,10,4,1
7,3.8333333333,33.5,0.1666666667,3,1,2,201,1,4,6,0,4,36,6,1
0,1,3.3529411765,0.0588235294,1,2,17,57,0,0,17,0,17,33,17,1
5,0,0,0,0,0,0,0,0,3,0,0,0,0,0,1
3,0,0,0,0,0,0,0,0,2,0,0,0,0,0,1
1,0,0,0,0,1,0,0,0,1,0,0,0,0,0,1
1,0,0,0,0,1,0,0,0,1,0,0,0,0,0,1
0,0,0,0,0,1,0,0,0,0,0,0,0,0,0,1
0,0,0,0,0,1,0,0,0,0,0,0,0,0,0,1
0,0,0,0,0,2,0,0,0,0,0,0,0,0,0,1
0,0,0,0,0,2,0,0,0,0,0,0,0,0,0,1
0,1,3,1,1,2,3,9,0,0,3,0,3,6,3,1
0,1,3.3333333333,0.3333333333,1,1,1,10,1,0,3,0,3,8,1,1
0,1,3,0.5,0,0,1,6,1,0,2,0,2,4,0,1
0,1,3.3333333333,0.6666666667,1,2,2,10,1,0,3,0,3,7,2,1
0,1,3.3333333333,0.6666666667,1,2,2,10,1,0,3,0,3,7,2,1
0,1.0666666667,3.6666666667,0.1333333333,1,2,11,55,0,0,15,0,12,29,11,1
0,2,19.5714285714,0.1428571429,6,1,3,137,2,0,7,0,7,38,18,1
0,1.4285714286,19.7142857143,0.1428571429,1,1,7,138,0,0,7,0,7,16,7,1
0,1,3.2857142857,0.1428571429,2,2,7,23,0,0,7,0,7,19,14,1
0,1.75,14.5,0.25,5,2,3,58,0,0,4,0,3,15,15,1
1,2.5,12,0.25,1,1,3,48,1,0,4,0,4,9,3,1
0,1,3,0,1,1,1,3,0,0,1,0,1,2,1,1
0,1,3,0,0,1,1,3,0,0,1,0,1,1,0,1
0,1,3,0,0,1,1,3,0,0,1,0,1,1,0,1
0,2.1428571429,15.8571428571,0.1428571429,3,2,7,111,0,0,7,0,7,26,21,1
0,1,3,0.5,0,2,2,6,0,0,2,0,1,2,0,1
0,1.3529411765,9.1764705882,0.1764705882,3,2,14,156,1,0,17,0,16,52,42,1
0,1.125,3.75,0.5,3,2,5,30,3,0,8,0,8,21,15,1
0,1,3,0.25,1,2,4,12,0,0,4,0,4,7,4,1
0,2.3333333333,8.8333333333,0.8333333333,2,2,1,53,5,0,6,0,6,18,2,1
0,1,3,0.25,1,2,4,12,0,0,4,0,4,7,4,1
0,2,25.4285714286,0.1428571429,4,1,3,178,1,0,7,0,7,42,12,1
1,1,3,0.25,1,2,4,12,0,0,4,0,3,7,4,1
0,1.5,11.3,0.1,4,2,6,113,1,0,10,1,10,44,24,1
0,1,3,0.2,1,2,5,15,0,0,5,0,5,9,5,1
0,1,3.2222222222,0.1111111111,1,2,9,29,0,0,9,0,9,17,9,1
0,3.4705882353,29.5882352941,0.0588235294,6,1,2,503,3,0,17,2,17,105,12,1
0,3.6,32,0.2,2,1,2,160,1,0,5,0,5,30,4,1
0,1.7777777778,12,0.1111111111,2,1,3,108,1,0,9,0,9,31,6,1
0,1,3,0.1666666667,1,2,6,18,0,0,6,0,6,11,6,1
0,0,0,0,0,4,0,0,0,0,0,0,0,0,0,1
0,1,3,1,1,3,1,3,0,0,1,0,1,2,1,1
0,1,3,1,1,2,2,6,0,0,2,0,2,4,2,1
0,1.125,3.875,0.125,1,2,8,31,0,0,8,0,8,17,8,1
0,1.7272727273,8.9090909091,0.2727272727,8,2,2,98,2,0,11,0,9,45,16,1
0,1,6.7,0,3,1,1,67,1,0,10,0,10,54,3,1
0,1,4.8,0.2,3,2,5,24,0,0,5,0,5,11,15,1
0,2,35,0.3333333333,4,1,1,105,0,0,3,0,2,17,4,1
1,1,3.6666666667,0,0,1,3,11,2,0,3,0,3,5,0,1
1,1.3333333333,4.3333333333,0,0,1,2,13,1,0,3,0,3,5,0,1
0,2.75,22.5,0,5,2,4,90,0,0,4,0,2,18,20,1
0,1,3.5,0.25,3,2,4,14,1,0,4,0,2,11,12,1
19,1.625,6.75,0.6875,5,1,3,108,11,9,16,0,12,58,15,1
1,1,3,0.1666666667,1,2,6,18,0,0,6,0,5,11,6,1
0,1.3333333333,5.6666666667,0.3333333333,2,1,3,17,1,0,3,0,3,8,6,1
1,1.25,6.25,0.25,1,2,4,25,0,0,4,0,3,8,4,1
0,1.75,19,0.25,3,2,2,76,1,0,4,0,4,19,6,1
0,3,46.25,0.25,3,2,2,185,0,0,4,0,4,30,6,1
0,2,30.5,0.25,4,2,2,122,0,0,4,0,4,25,8,1
0,2.5,27.75,0.25,3,2,2,111,0,0,4,0,4,20,6,1
0,1.75,19.5,0.25,3,2,2,78,0,0,4,0,4,22,6,1
0,1,3,0.3333333333,0,1,3,9,0,0,3,0,3,3,0,1
1,1.1,3.5,0.4,0,1,2,35,2,0,10,2,9,21,0,1
0,1,3,1,0,1,2,6,0,0,2,0,2,2,0,1
0,1.8541666667,13,0.2083333333,16,2,25,624,2,0,48,0,43,198,400,1
1,1.4545454545,4.7272727273,0.4545454545,3,2,5,52,3,0,11,0,9,32,15,1
0,1,4.2857142857,0,2,2,3,30,2,0,7,0,7,18,6,1
0,2,26,0.25,4,2,2,104,0,0,4,0,4,25,8,1
0,1,3,0.2,1,2,5,15,0,0,5,0,5,9,5,1
0,2,21.2222222222,0.2222222222,3,2,3,191,0,0,9,0,8,35,9,1
0,1,6,0,1,1,1,24,1,0,4,0,4,11,1,1
0,1.5,11.75,0.25,2,2,2,47,0,0,4,0,4,14,4,1
0,2.6666666667,26,0.3333333333,5,2,2,78,0,0,3,0,2,18,10,1
0,1,3.8571428571,0.1428571429,1,2,7,27,0,0,7,0,7,15,7,1
0,2.1875,22.875,0.1875,5,1,2,366,2,0,16,0,13,118,10,1
0,2.6666666667,26,0.3333333333,5,2,2,78,0,0,3,0,2,18,10,1
0,1,10.3333333333,0,3,2,3,31,0,0,3,0,3,9,9,1
1,1,3,0.5,1,2,1,6,1,0,2,0,2,5,1,1
1,1.3333333333,5,0.3333333333,3,2,2,15,1,0,3,0,3,10,6,1
0,1.6666666667,8.3333333333,0.3333333333,1,1,2,25,1,0,3,0,3,6,2,1
0,1,21.6666666667,0.3333333333,0,1,3,65,0,0,3,0,3,3,0,1
0,1,7.625,0.125,0,1,8,61,0,0,8,0,8,8,0,1
0,1,4.2857142857,0,0,0,7,30,0,0,7,0,7,7,0,1
0,1,14,0.0588235294,1,1,2,238,1,0,17,0,17,49,2,1
0,1,11,0.3333333333,1,1,3,33,0,0,3,0,3,8,3,1
0,1,15,0.5,2,1,2,30,0,0,2,0,2,5,4,1
0,2.45,25.65,0.25,1,1,3,513,3,0,20,0,17,60,3,1
0,1,13,0.2,1,1,5,65,0,0,5,0,5,17,5,1
0,2.6,20,0.2,1,1,4,100,1,0,5,0,5,9,4,1
0,1.5,7,0.5,0,1,2,14,0,0,2,0,2,2,0,1
0,1,23,0.1818181818,1,1,2,253,0,0,11,0,10,46,2,1
0,1.1428571429,4.5714285714,0.1428571429,1,1,2,32,2,0,7,0,7,27,2,1
1,1.125,4.8125,0.125,2,1,2,77,2,0,16,0,13,67,4,1
1,1,3.6666666667,0.3333333333,1,2,1,11,1,0,3,0,0,7,1,1
0,1,5.6470588235,0.1176470588,0,1,1,96,5,0,17,0,14,73,0,1
0,1,6.5,0.5,0,1,2,13,0,0,2,0,2,2,0,1
0,1,4.6666666667,0.6666666667,1,1,2,14,0,0,3,0,2,7,2,1
0,2.125,12.25,0.375,1,1,6,98,0,0,8,0,7,13,6,1
0,1,3,0.5,0,2,2,6,0,0,2,0,2,2,0,1
0,1,3,0.5,0,3,2,6,0,0,2,0,2,2,0,1
0,1.4,4.2,0.4,0,2,5,21,0,0,5,0,4,5,0,1
0,1.4,4.2,0.4,0,3,5,21,0,0,5,0,4,5,0,1
0,1.6666666667,5.6666666667,0.1666666667,0,2,6,34,0,0,6,0,6,6,0,1
0,1.6666666667,5.6666666667,0.1666666667,0,3,6,34,0,0,6,0,6,6,0,1
8,1,7.15,0.25,1,1,2,143,2,4,20,1,15,73,2,1
3,1,4.6666666667,0.1666666667,2,2,3,28,2,3,6,0,6,25,6,1
0,1,3.3333333333,0.8333333333,1,1,5,20,1,0,6,0,6,9,5,1
0,1.1764705882,6.4705882353,0.1764705882,0,1,15,110,0,0,17,0,16,19,0,1
0,2,6,0,1,1,1,6,1,0,1,0,1,3,1,1
0,1,5,0,0,1,1,5,0,0,1,0,1,1,0,1
0,1,4.6666666667,0.6666666667,1,1,2,14,0,0,3,0,2,7,2,1
0,1.16,8.36,0,0,1,22,209,2,0,25,0,25,33,0,1
0,1,12.75,0.25,3,2,4,51,0,0,4,0,4,11,12,1
0,1.0769230769,4.8461538462,0.4615384615,2,0,3,63,5,0,13,0,7,60,6,1
1,1,4,2,0,0,1,4,2,0,1,0,0,3,0,1
0,1.5,6.5,0,1,1,2,13,0,0,2,0,2,3,2,1
2,3.2222222222,44.3333333333,0.1111111111,2,1,2,399,2,0,9,0,9,67,4,1
1,5.5,24.25,0.25,1,0,1,97,7,0,4,0,2,23,1,1
1,2.2,9.4,0.7,2,0,1,94,10,0,10,0,10,38,2,1
0,1,3,0.5,0,1,2,6,0,0,2,0,2,2,0,1
0,1,6,0,1,1,1,6,0,0,1,0,1,2,1,1
0,1,7.25,0.5,3,1,2,29,1,0,4,0,3,14,6,1
0,1.6,23.2,0.2,3,1,5,116,0,0,5,0,5,37,15,1
0,1.8571428571,21.2857142857,0.1428571429,4,1,2,149,5,0,7,0,7,43,8,1
0,2.1333333333,12.9333333333,1,5,1,1,194,6,0,15,0,9,65,5,1
0,1.6,20.4,0.8,1,1,1,102,3,0,5,0,3,15,1,1
0,1.1666666667,27,0.1666666667,4,1,6,162,0,0,6,0,6,34,24,1
0,1,7.1666666667,0.1666666667,1,1,6,43,0,0,6,0,6,12,6,1
0,1,7.6,0.2,1,1,4,38,2,0,5,0,3,10,4,1
0,1,6.8333333333,0.1666666667,1,1,6,41,0,0,6,0,6,12,6,1
0,1,1,0,0,1,4,4,0,0,4,0,4,4,0,1
0,1,3,0.5,0,1,2,6,0,0,2,0,2,2,0,1
0,1,6,0.5,0,1,2,12,0,0,2,0,2,2,0,1
0,1,3,0,0,1,2,6,0,0,2,0,2,2,0,1
0,1,5.25,0.25,0,1,4,21,0,0,4,0,4,4,0,1
0,1,1,0,0,3,1,1,0,0,1,0,1,1,0,1
0,1,2.6666666667,0,2,2,2,8,1,0,3,0,3,7,4,1
1,1,1,0.5,0,0,2,2,1,0,2,0,1,3,0,1
0,0,0,0,0,1,0,0,0,0,0,0,0,0,0,1
