1,4.3333333333,19.1666666667,2.1666666667,0,0,1,115,7,0,6,0,1,21,0,1
0,4,19,2.5,1,1,1,38,6,0,2,0,2,16,1,1
16,3.6666666667,16,2.1666666667,0,0,3,96,1,16,6,0,4,10,0,1
0,1.3333333333,6,1.6666666667,0,1,2,18,2,0,3,0,3,6,0,1
0,2,13,1,0,1,1,26,1,0,2,0,2,4,0,1
0,1.3333333333,4,1.6666666667,0,1,2,12,1,0,3,0,3,5,0,1
0,2,9.5,1,0,1,1,19,1,0,2,0,2,4,0,1
0,2.5,13,1.75,0,1,1,52,2,0,4,0,3,9,0,1
0,2.5,10.25,1.75,0,1,1,41,2,0,4,0,3,9,0,1
0,1.3333333333,6.6666666667,1.6666666667,0,1,2,20,1,0,3,0,3,5,0,1
0,2,11,1,0,1,1,22,1,0,2,0,2,4,0,1
0,1.3333333333,5.3333333333,1.6666666667,0,1,2,16,1,0,3,0,3,5,0,1
0,2,7.5,1,0,1,1,15,1,0,2,0,2,4,0,1
0,2.3333333333,15.3333333333,1.6666666667,0,1,1,46,2,0,3,0,3,7,0,1
0,3,36,1.5,3,1,1,72,2,0,2,0,2,19,3,1
0,2.3333333333,12.6666666667,1.6666666667,0,1,1,38,2,0,3,0,3,7,0,1
0,3.5,31,1.5,3,1,1,62,2,0,2,0,2,18,3,1
0,1.3333333333,6,1.6666666667,0,1,2,18,2,0,3,0,3,6,0,1
0,2,13,1,0,1,1,26,1,0,2,0,2,4,0,1
0,1.3333333333,4,1.6666666667,0,1,2,12,1,0,3,0,3,5,0,1
0,2,9.5,1,0,1,1,19,1,0,2,0,2,4,0,1
2,2,23.6,1,1,0,1,118,7,0,5,0,3,16,1,1
0,3.1538461538,22.4615384615,1.3076923077,2,1,4,292,9,0,13,0,7,50,8,1
2,2.2,17.6,1,2,0,1,88,7,0,5,0,3,17,2,1
1,2.9375,16.8125,1.1875,2,1,3,269,10,0,16,0,8,60,6,1
0,2,14.3333333333,1.6666666667,0,1,1,43,2,0,3,0,3,9,0,1
0,2,11.6666666667,1.6666666667,0,1,1,35,2,0,3,0,3,9,0,1
0,1.7777777778,26.4444444444,1.1111111111,1,0,3,238,4,0,9,0,4,28,3,1
0,2.1111111111,27.7777777778,1.2222222222,1,0,3,250,4,0,9,0,4,29,3,1
1,5.1428571429,45.4285714286,2,3,1,3,318,1,0,7,1,3,16,9,1
1,5,37.2857142857,2,2,1,3,261,1,0,7,1,4,13,6,1
0,1,4,0,0,1,1,4,0,0,1,0,1,1,0,1
0,0,0,0,0,0,0,0,6,0,0,6,0,0,0,1
0,1,3,0,0,0,1,3,6,0,1,6,0,1,0,1
0,2,8.6666666667,1,0,1,3,26,0,0,3,0,3,3,0,1
0,2,6.6666666667,1,0,1,3,20,0,0,3,0,3,3,0,1
0,2.8333333333,20.1666666667,1.3333333333,0,1,1,121,5,0,6,0,4,17,0,1
0,2,14.1666666667,0.8333333333,0,1,1,85,1,0,6,0,2,12,0,1
0,2.2857142857,19.0714285714,1.7857142857,0,0,3,267,3,0,14,0,7,31,0,1
0,2.2857142857,16.5,1.7857142857,0,0,3,231,3,0,14,0,7,31,0,1
0,2.4,17.8,1.2,2,1,1,89,1,0,5,0,3,12,2,1
0,2,11.7142857143,1.1428571429,2,1,3,82,1,0,7,0,5,14,6,1
0,1.4,12.4,0.2,0,1,4,62,19,0,5,16,5,9,0,1
0,1.1666666667,6.6666666667,0.1666666667,0,1,4,40,4,0,6,1,6,11,0,1
0,1,4,0,0,1,1,4,0,0,1,0,1,1,0,1
0,1,3,0,0,1,1,3,0,0,1,0,1,1,0,1
0,1.2857142857,6.9285714286,0.5714285714,2,1,1,97,9,0,14,0,14,59,2,1
0,1.2857142857,6.2142857143,0.5714285714,2,1,1,87,9,0,14,0,14,59,2,1
1,2.0833333333,25.25,0.4166666667,3,0,4,303,6,0,12,0,7,37,12,1
1,2.4,14.8,1.4,1,1,1,74,9,0,5,0,5,25,1,1
0,2.4166666667,25.5833333333,0.5,0,0,4,307,6,0,12,0,7,29,0,1
2,2.5,30.5,0.5,4,0,1,61,2,0,2,0,2,10,4,1
1,2,10.5,0.5,0,1,1,21,2,0,2,0,2,5,0,1
2,2.5,21.5,0.5,4,0,1,43,2,0,2,0,2,10,4,1
1,2,8.5,0.5,0,1,1,17,2,0,2,0,2,5,0,1
14,1.6666666667,10.9583333333,0.4166666667,4,1,1,263,8,0,24,0,24,103,4,1
14,1.6666666667,9.4166666667,0.4166666667,4,1,1,226,8,0,24,0,24,103,4,1
5,1.1,4.4,0.5,0,0,5,44,5,0,10,0,10,20,0,1
6,1.0909090909,3.7272727273,0.4545454545,0,0,4,41,5,0,11,0,11,23,0,1
13,1.1,5.2,0.7,1,0,3,52,3,0,10,0,10,23,3,1
11,1.0833333333,3.9166666667,0.6666666667,1,0,4,47,4,0,12,0,12,28,4,1
0,2,24,1.3333333333,1,1,1,72,4,0,3,0,3,12,1,1
0,2,22,1.3333333333,1,1,1,66,4,0,3,0,3,12,1,1
0,1,5.3333333333,1.3333333333,0,2,3,16,0,0,3,0,0,3,0,1
0,1,8,1.3333333333,2,2,2,24,1,0,3,1,0,8,4,1
0,1,6,1,0,1,1,6,0,0,1,0,1,1,0,1
0,1,5,1,0,1,1,5,0,0,1,0,1,1,0,1
6,1.5294117647,11.8823529412,1.0588235294,2,1,3,202,7,5,17,0,13,58,6,1
6,1.6,11.6666666667,1.0666666667,2,1,3,175,5,5,15,0,11,48,6,1
0,1.6666666667,30.3333333333,0.3333333333,1,0,3,182,10,0,6,0,4,13,3,1
0,1.6666666667,25.6666666667,0.3333333333,0,0,3,154,8,0,6,0,4,11,0,1
0,3.5,46,1.25,1,1,1,184,6,0,4,0,3,27,1,1
0,3.5,40,1.25,1,1,1,160,6,0,4,0,3,27,1,1
0,2.25,32,0.75,1,2,2,128,2,0,4,1,2,10,2,1
0,2.25,28.75,0.75,1,2,2,115,2,0,4,1,2,10,2,1
6,1,1,1.3333333333,0,0,3,3,0,5,3,0,2,3,0,1
6,1,1,1.3333333333,0,0,3,3,0,5,3,0,2,3,0,1
14,1,1,1.0909090909,0,0,11,11,0,1,11,0,10,11,0,1
12,1,1,1.1111111111,0,0,9,9,0,1,9,0,8,9,0,1
2,1,1,1,0,0,1,1,0,2,1,0,0,1,0,1
2,1,1,1,0,0,1,1,0,2,1,0,0,1,0,1
0,3.75,42.5,1.25,1,1,1,170,6,0,4,0,3,25,1,1
0,3.75,36.75,1.25,1,1,1,147,6,0,4,0,3,25,1,1
0,1.3333333333,9.6666666667,1,0,2,2,29,0,0,3,0,2,4,0,1
0,1.3333333333,9,1,0,2,2,27,0,0,3,0,2,4,0,1
2,2.6666666667,14,1,0,1,1,42,1,0,3,0,3,6,0,1
3,2.6666666667,11.3333333333,1,0,1,1,34,1,0,3,0,3,6,0,1
0,4.75,60.25,1.25,2,1,1,241,7,0,4,0,3,30,2,1
0,4.75,51.5,1.25,2,1,1,206,7,0,4,0,3,30,2,1
0,2.5,22,1,1,2,2,44,1,0,2,1,1,5,2,1
0,2.5,19.5,1,1,2,2,39,1,0,2,1,1,5,2,1
0,4,29.25,1.5,0,0,2,117,0,0,4,0,2,6,0,1
0,4,24.75,1.5,0,0,2,99,0,0,4,0,2,6,0,1
0,4,58.6666666667,1.3333333333,1,1,1,176,7,0,3,0,3,28,1,1
0,4,53.6666666667,1.3333333333,1,1,1,161,7,0,3,0,3,28,1,1
1,3.5714285714,39.7142857143,1.2857142857,3,2,1,278,6,0,7,5,2,35,3,1
0,2.1666666667,15.1666666667,1,1,1,5,91,1,0,6,0,5,14,5,1
1,3.5714285714,33.2857142857,1.2857142857,3,2,1,233,6,0,7,5,2,34,3,1
0,2,11.8333333333,1,1,1,5,71,1,0,6,0,5,14,5,1
0,2,13,1,2,1,1,26,1,0,2,0,2,7,2,1
0,2,9.5,1,1,1,1,19,1,0,2,0,2,5,1,1
0,2,11.5,1,0,1,1,23,1,0,2,0,2,4,0,1
0,2,9,1,0,1,1,18,1,0,2,0,2,4,0,1
0,2.3333333333,11,1,0,1,1,33,7,0,3,0,3,12,0,1
0,2.3333333333,9,1,0,1,1,27,7,0,3,0,3,12,0,1
0,1,5,1,0,1,1,5,0,0,1,0,1,1,0,1
0,1,4,1,0,1,1,4,0,0,1,0,1,1,0,1
1,2.75,39.5,0.5,5,0,3,158,1,0,4,0,2,15,15,1
1,5.5,33.5,2.25,4,1,2,134,2,0,4,0,4,21,8,1
0,1,4.6666666667,0.6666666667,0,0,1,14,2,0,3,0,3,7,0,1
0,3.375,30.125,1.125,4,0,3,241,2,0,8,0,2,30,12,1
0,1,3.5,0.5,0,0,1,7,1,0,2,0,2,4,0,1
0,4,46.4,2.2,2,0,2,232,0,0,5,0,2,12,4,1
0,4,35,2.2,2,0,2,175,0,0,5,0,2,20,4,1
0,2.6875,20.625,0.6875,6,1,3,330,3,0,16,0,11,60,18,1
0,2.6875,14,0.625,3,1,3,224,3,0,16,0,11,44,9,1
3,1.8888888889,33.8888888889,0.7777777778,4,1,4,305,17,0,9,0,2,47,16,1
0,3.8461538462,24.7692307692,0.9230769231,5,1,4,322,0,0,13,0,8,81,20,1
0,2,9,1.1666666667,0,1,5,54,0,0,6,0,6,7,0,1
0,3.25,16.75,1,3,1,2,67,4,0,4,0,2,14,6,1
0,2.75,14.75,1.5,1,1,3,59,0,0,4,0,4,8,3,1
1,2.5,14.5,2,2,1,1,29,1,0,2,0,2,7,2,1
0,2.6666666667,15,2.3333333333,3,1,1,45,0,0,3,0,1,10,3,1
3,2,31.6666666667,0.7777777778,4,1,4,285,17,0,9,0,2,47,16,1
0,3.9230769231,21,0.9230769231,5,1,4,273,0,0,13,0,8,82,20,1
0,2,7,1.1666666667,0,1,5,42,0,0,6,0,6,7,0,1
0,3.25,13,1,2,1,2,52,0,0,4,0,2,9,4,1
0,2.75,14,1.5,1,1,3,56,0,0,4,0,4,8,3,1
1,2.5,12,2,2,1,1,24,1,0,2,0,2,7,2,1
0,2.3333333333,12.3333333333,2.3333333333,3,1,1,37,0,0,3,0,1,11,3,1
3,2,12.5,1,1,1,2,25,0,1,2,0,2,4,2,1
3,2,11,1,1,1,2,22,0,1,2,0,2,4,2,1
2,2.25,27.6666666667,0.8333333333,6,1,5,332,7,0,12,0,5,40,30,1
2,2.25,23.9166666667,0.8333333333,5,1,5,287,7,0,12,0,5,39,25,1
0,2,17,3,1,1,1,17,0,0,1,0,1,2,1,1
0,2,15,3,1,1,1,15,0,0,1,0,1,2,1,1
4,2.5384615385,32.3076923077,0.4615384615,4,0,1,420,13,0,13,0,2,70,4,1
0,4,20.25,1,2,1,4,81,0,0,4,0,4,26,8,1
0,3.5,17.5,1.5,4,2,3,70,0,0,4,0,4,12,12,1
4,2.4615384615,29,0.4615384615,4,0,1,377,13,0,13,0,2,70,4,1
0,4,15.75,1,2,1,4,63,0,0,4,0,4,26,8,1
0,3.5,14,1.5,4,2,3,56,0,0,4,0,4,12,12,1
0,1,7,1,0,1,8,56,1,0,8,0,8,9,0,1
0,1,6,1,0,1,8,48,1,0,8,0,8,9,0,1
2,1.3333333333,17.6666666667,0.5555555556,3,1,3,159,8,0,9,0,3,31,9,1
0,3.375,20.5,0.75,4,1,3,164,0,0,8,0,5,31,12,1
0,2,9.75,1.5,1,1,3,39,0,0,4,0,4,7,3,1
2,1.3333333333,15.8888888889,0.5555555556,2,1,3,143,8,0,9,0,3,29,6,1
0,3.375,16.25,0.75,4,1,3,130,0,0,8,0,5,32,12,1
0,2,7.75,1.5,1,1,3,31,0,0,4,0,4,7,3,1
0,1.3333333333,15.3333333333,0.6666666667,1,1,3,92,3,0,6,0,1,18,3,1
0,1.3333333333,13.6666666667,0.6666666667,1,1,3,82,3,0,6,0,1,18,3,1
0,2.8,36.2,1,3,1,2,362,11,0,10,0,1,68,6,1
0,3,33.75,0.8333333333,3,1,2,405,11,0,12,0,1,80,6,1
15,1.5,9.375,0.5,2,1,3,75,3,8,8,0,5,24,6,1
15,1.5,8.25,0.5,2,1,3,66,3,8,8,0,5,24,6,1
0,1.25,8.25,0.75,3,2,2,33,1,0,4,0,3,12,6,1
0,1.25,7,0.75,3,2,2,28,1,0,4,0,3,12,6,1
0,5.5,24.5,1.5,4,0,2,49,0,0,2,0,1,6,8,1
0,6,21,1.5,3,0,2,42,0,0,2,0,1,6,6,1
0,1.6666666667,17.3333333333,0.6666666667,3,2,2,104,3,0,6,0,4,19,6,1
0,1.6666666667,14.8333333333,0.6666666667,3,2,2,89,3,0,6,0,4,19,6,1
0,1,4,0.75,0,2,4,16,1,0,4,0,3,5,0,1
0,1,3,0.75,0,2,4,12,1,0,4,0,3,5,0,1
0,1.8,11.2,0.6,3,2,2,56,1,0,5,0,4,14,6,1
0,1.8,9.2,0.6,3,2,2,46,1,0,5,0,4,14,6,1
1,2.2857142857,17.7142857143,0.7142857143,3,2,1,124,5,0,7,0,4,28,3,1
0,3,20,1,1,1,1,20,0,0,1,0,1,3,1,1
1,2.2857142857,14.8571428571,0.7142857143,3,2,1,104,5,0,7,0,4,28,3,1
0,3,15,1,1,1,1,15,0,0,1,0,1,3,1,1
1,2.1428571429,21.5714285714,0.4285714286,3,2,1,151,7,0,7,0,4,29,3,1
0,1,4,1,1,1,2,8,0,0,2,0,2,3,2,1
1,2.1428571429,18,0.4285714286,3,2,1,126,7,0,7,0,4,29,3,1
0,1,3,1,1,1,2,6,0,0,2,0,2,3,2,1
0,2,13.5,0.75,3,2,2,54,1,0,4,0,3,15,6,1
0,2,11.25,0.75,3,2,2,45,1,0,4,0,3,15,6,1
0,1.75,10.25,0.75,3,2,2,41,1,0,4,0,3,12,6,1
0,1.75,8.5,0.75,3,2,2,34,1,0,4,0,3,12,6,1
11,1,1,0.1666666667,0,0,6,6,0,1,6,0,5,6,0,1
11,1,1,0.1666666667,0,0,6,6,0,1,6,0,5,6,0,1
21,1,1,0,0,0,11,11,0,2,11,0,10,11,0,1
21,1,1,0,0,0,11,11,0,2,11,0,10,11,0,1
10,1,1,0.5555555556,0,0,9,9,0,2,9,0,8,9,0,1
9,1,1,0.5555555556,0,0,9,9,0,2,9,0,8,9,0,1
0,1,31.5,0,0,1,2,63,1,0,2,0,1,3,0,1
0,1,29.5,0,0,1,2,59,1,0,2,0,1,3,0,1
14,1,4.5555555556,0.5555555556,0,0,2,41,6,0,9,0,9,22,0,1
13,1,3.5555555556,0.5555555556,0,0,2,32,6,0,9,0,9,22,0,1
1,3,14.8,0.8,0,0,1,74,11,0,5,9,4,20,0,1
0,0,0,0,0,0,0,0,0,0,0,0,0,0,0,1
3,1,1,0,0,0,1,1,0,2,1,0,0,1,0,1
2,1,1,0,0,0,1,1,0,1,1,0,0,1,0,1
1,2,27.2727272727,0.3636363636,2,0,4,300,5,0,11,0,6,29,8,1
0,4.4285714286,32.5714285714,2.1428571429,5,1,3,228,8,0,7,0,6,37,15,1
0,2.8823529412,26.4117647059,1.1764705882,4,0,4,449,5,0,17,0,8,55,16,1
3,1,4.4,0.6,0,0,2,22,4,0,5,0,4,12,0,1
3,1,3.4,0.6,0,0,2,17,4,0,5,0,4,12,0,1
16,1.1111111111,5.5,0.7222222222,1,0,3,99,13,0,18,0,18,49,3,1
15,1.1,4.3,0.7,1,0,3,86,14,0,20,0,20,54,3,1
0,1,4,0,0,1,1,4,1,0,1,0,1,2,0,1
0,1.5,13,1,0,0,2,26,0,0,2,0,1,2,0,1
0,5,39.75,2.25,4,1,1,159,4,0,4,0,2,26,4,1
13,1.7368421053,8.7894736842,0.5263157895,3,0,5,167,9,0,19,0,19,54,15,1
11,1.8333333333,7.2777777778,0.5,3,0,5,131,9,0,18,0,18,55,15,1
7,1.3333333333,6.2222222222,0.5555555556,0,0,3,56,2,0,9,0,9,19,0,1
3,1.3333333333,4.7777777778,0.5555555556,0,0,3,43,2,0,9,0,9,20,0,1
0,4,25,1,2,1,1,25,0,0,1,0,1,3,2,1
0,4,22,1,2,1,1,22,0,0,1,0,1,3,2,1
0,7,45,1,2,1,1,45,0,0,1,0,1,3,2,1
0,8,41,1,2,1,1,41,0,0,1,0,1,3,2,1
5,1,1,1,0,0,1,1,0,4,1,0,0,1,0,1
5,1,1,1,0,0,1,1,0,4,1,0,0,1,0,1
0,1.3333333333,35,0.3333333333,1,0,3,105,3,0,3,0,1,5,3,1
0,1.3333333333,32.3333333333,0.3333333333,1,0,3,97,3,0,3,0,1,5,3,1
0,1,6,1,0,1,1,6,0,0,1,0,1,1,0,1
0,3,23,2,0,1,1,23,0,0,1,0,1,1,0,1
0,1,5,1,0,1,1,5,0,0,1,0,1,1,0,1
0,3,19,2,2,1,1,19,0,0,1,0,1,3,2,1
0,7,43,1,2,1,1,43,0,0,1,0,1,4,2,1
0,7,37,1,2,1,1,37,0,0,1,0,1,4,2,1
1,1.2222222222,16.7777777778,0.3333333333,0,0,2,151,8,0,9,0,8,24,0,1
1,1.3333333333,15.5555555556,0.3333333333,0,0,2,140,8,0,9,0,8,24,0,1
0,2.5,17.375,0.875,0,1,2,139,2,0,8,0,4,18,0,1
1,2.25,22,0.4166666667,1,1,2,264,7,0,12,2,4,45,2,1
0,6,47,1,0,1,1,47,0,0,1,0,1,1,0,1
0,7,39,3,1,1,1,39,0,0,1,0,1,2,1,1
1,2.25,17.75,0.4166666667,1,1,2,213,7,0,12,2,4,45,2,1
0,6,36,1,0,1,1,36,0,0,1,0,1,1,0,1
0,7,31,3,1,1,1,31,0,0,1,0,1,2,1,1
0,1,24,0,0,1,2,48,44,0,2,43,0,2,0,1
0,1,22.5,0,0,1,2,45,231,0,2,230,0,2,0,1
0,1,20.5,0,0,1,2,41,5,0,2,4,0,2,0,1
0,1,20.5,0,0,1,2,41,5,0,2,4,0,2,0,1
0,1,21,0,0,1,2,42,9,0,2,8,0,2,0,1
0,1,21,0,0,1,2,42,5,0,2,4,0,2,0,1
0,1,21,0,0,1,2,42,12,0,2,11,0,2,0,1
0,1,27,0,0,1,2,54,9,0,2,8,0,2,0,1
0,1,23.5,0,0,1,2,47,75,0,2,74,0,2,0,1
0,1,21,0,0,1,2,42,33,0,2,32,0,2,0,1
0,1,21.5,0,0,1,2,43,222,0,2,221,0,2,0,1
0,1,18.5,0,0,1,2,37,40,0,2,39,0,2,0,1
0,1,20.5,0,0,1,2,41,5,0,2,4,0,2,0,1
0,1,21.5,0,0,1,2,43,75,0,2,74,0,2,0,1
0,2.8,19,0.4,0,1,2,95,2,0,5,1,5,10,0,1
0,2.6,15.4,0.4,0,1,2,77,2,0,5,1,5,10,0,1
0,2,17.75,0.75,0,1,1,71,3,0,4,0,2,17,0,1
0,2,15.25,0.75,0,1,1,61,3,0,4,0,2,17,0,1
1,1.7142857143,50.1428571429,0.5714285714,2,1,2,351,12,0,7,0,4,34,4,1
0,2,11,1,1,1,1,11,0,0,1,0,1,3,1,1
1,1.7142857143,43,0.5714285714,2,1,2,301,11,0,7,0,4,32,4,1
0,2,6,1,1,1,1,6,0,0,1,0,1,3,1,1
0,2,25,0,0,1,1,25,0,0,1,0,1,1,0,1
0,2,14,0,0,1,1,14,1,0,1,1,1,2,0,1
6,1.5,7.6,0.5,0,0,3,76,3,0,10,0,10,22,0,1
5,1.5,5.9,0.5,0,0,3,59,3,0,10,0,10,23,0,1
13,1.4666666667,7.5333333333,0.5333333333,1,0,3,113,4,0,15,0,15,37,3,1
8,1.4666666667,5.7333333333,0.5333333333,0,0,3,86,4,0,15,0,15,36,0,1
7,1.1875,6.125,0.5,0,1,6,98,6,7,16,0,16,41,0,1
7,1.2142857143,4.7857142857,0.5,1,1,6,67,5,6,14,0,14,35,6,1
0,2,12.6,1,2,1,7,126,0,0,10,0,8,17,14,1
1,2.6666666667,13.75,1,3,1,7,165,0,0,12,0,9,21,21,1
0,4,23,1,0,2,1,23,0,0,1,0,1,1,0,1
0,7,35,1,0,2,1,35,0,0,1,0,1,1,0,1
0,3.6666666667,23,0.6666666667,0,2,1,69,0,0,3,0,2,5,0,1
0,1.8333333333,10.3333333333,0.5,0,2,1,62,1,0,6,0,6,12,0,1
0,1.2,6.2,0.6,0,1,2,31,2,0,5,0,4,11,0,1
0,1.25,22.25,1,0,1,3,89,5,0,4,0,1,10,0,1
0,1.2,5,0.6,0,1,2,25,2,0,5,0,4,11,0,1
0,1.25,19.5,1,0,1,3,78,5,0,4,0,1,10,0,1
14,1,1,0.5714285714,0,0,14,14,0,1,14,0,13,14,0,1
15,1,1,0.5833333333,0,0,12,12,0,1,12,0,11,12,0,1
3,1,1,0.75,0,0,4,4,0,2,4,0,3,4,0,1
3,1,1,0.75,0,0,4,4,0,2,4,0,3,4,0,1
0,5,30.5,1,0,2,1,61,2,0,2,0,1,5,0,1
0,5,23,1,0,2,1,46,2,0,2,0,1,5,0,1
0,2.3333333333,12.8333333333,0.5,0,2,1,77,1,0,6,0,6,12,0,1
0,3,14.3333333333,0.5,0,2,1,86,3,0,6,1,6,16,0,1
0,2.3333333333,15.5,0.5,0,1,1,93,3,0,6,0,4,17,0,1
0,2.75,15.125,1.125,0,1,3,121,0,0,8,0,6,13,0,1
0,2.6666666667,15.5,0.5,1,1,1,93,3,0,6,0,4,22,1,1
0,2.75,11.75,1.125,0,1,3,94,0,0,8,0,6,13,0,1
1,1.6470588235,11.0588235294,0.9411764706,0,1,3,188,10,0,17,0,7,53,0,1
0,7,44,1,0,2,1,44,0,0,1,0,1,1,0,1
1,1.3333333333,4.6666666667,1,0,2,1,14,1,0,3,0,3,6,0,1
0,2,11,1,0,2,1,11,0,0,1,0,1,1,0,1
0,2,9,1,0,2,1,9,0,0,1,0,1,1,0,1
8,1,1,0.1666666667,0,0,6,6,0,2,6,0,5,6,0,1
9,1,1,0.1428571429,0,0,7,7,0,2,7,0,6,7,0,1
0,1.8333333333,10.0833333333,0.5833333333,4,1,3,121,3,0,12,0,10,36,12,1
0,1.8333333333,7.3333333333,0.5833333333,2,1,3,88,3,0,12,0,10,33,6,1
0,1.75,44.25,0.25,0,0,3,177,11,0,4,0,2,6,0,1
0,1.75,39.25,0.25,1,0,3,157,10,0,4,0,2,8,3,1
0,2,12.4545454545,0.6363636364,2,1,2,137,5,0,11,0,11,37,4,1
0,1.9166666667,10.25,0.6666666667,1,1,2,123,6,0,12,0,12,44,2,1
0,1.8,17.4,0.8,2,0,3,87,2,0,5,0,3,10,6,1
1,5.5,41.25,2,4,1,1,165,14,0,4,0,4,41,4,1
0,3.1,22.1,1.2,3,0,3,221,3,0,10,0,4,27,9,1
5,2.2916666667,19.125,0.75,6,1,1,459,6,0,24,0,18,92,6,1
6,2.32,14.16,0.64,5,1,1,354,7,0,25,0,20,107,5,1
0,0,0,0,0,0,0,0,20,0,0,5,0,0,0,1
0,0,0,0,0,0,0,0,50,0,0,50,0,0,0,1
0,1,3,0,0,0,1,3,21,0,1,5,0,1,0,1
0,1,3,0,0,0,1,3,53,0,1,53,0,1,0,1
0,1.3333333333,10.3333333333,1.3333333333,0,1,3,31,0,0,3,0,3,3,0,1
0,1.3333333333,8.6666666667,1.3333333333,0,1,3,26,0,0,3,0,3,3,0,1
3,3.25,47.25,0.625,6,1,1,378,12,0,8,0,5,55,6,1
0,4,32,1,5,1,4,160,0,0,5,0,4,35,20,1
3,3.3333333333,43.6666666667,0.7777777778,5,1,1,393,13,0,9,0,5,60,5,1
0,4.2,30,1,5,1,4,150,0,0,5,0,4,31,20,1
0,1.8,21.9,0.6,2,1,2,219,8,0,10,0,5,46,4,1
0,3,16,2,2,1,2,32,1,0,2,0,2,6,4,1
0,2,17,3,1,1,1,17,0,0,1,0,1,2,1,1
0,1.8,18.7,0.6,2,1,2,187,8,0,10,0,5,45,4,1
0,3,14,2,2,1,2,28,1,0,2,0,2,6,4,1
0,2,15,3,1,1,1,15,0,0,1,0,1,2,1,1
1,1.5,19,0.6666666667,1,1,2,114,3,0,6,0,2,19,2,1
1,1.5,16.5,0.6666666667,1,1,2,99,3,0,6,0,2,19,2,1
1,2.2222222222,25.2222222222,0.6666666667,4,1,9,454,18,0,18,0,2,71,36,1
0,2.8,16.2,1,2,1,5,81,0,0,5,0,5,8,10,1
0,2.5,13,2,1,1,2,26,0,0,2,0,2,3,2,1
1,2.2222222222,22.3888888889,0.6666666667,4,1,9,403,18,0,18,0,2,69,36,1
0,2.8,13.2,1,2,1,5,66,0,0,5,0,5,8,10,1
0,2.5,11,2,1,1,2,22,0,0,2,0,2,3,2,1
4,1,1,0.5,0,0,4,4,0,2,4,0,3,4,0,1
4,1,1,0.5,0,0,4,4,0,2,4,0,3,4,0,1
1,1.8,19.4,0.6,3,1,1,97,7,0,5,0,5,22,3,1
0,2.3333333333,17.3333333333,1,3,1,3,52,0,0,3,0,3,16,9,1
1,1.8,17.6,0.6,3,1,1,88,7,0,5,0,5,22,3,1
0,2.3333333333,14.3333333333,1,3,1,3,43,0,0,3,0,3,16,9,1
30,2.3333333333,17.2222222222,1.3333333333,0,2,5,155,1,15,9,0,4,14,0,1
37,2.3846153846,13.6153846154,1.3076923077,1,2,7,177,2,19,13,0,6,23,7,1
0,1.75,12.75,0.5,1,3,4,51,0,0,4,0,3,5,4,1
0,3,29.75,0.5,1,3,4,119,0,0,4,0,3,5,4,1
0,3,25,0.5,1,3,4,100,0,0,4,0,3,5,4,1
0,3.5,28,1,2,1,2,56,0,0,2,0,2,6,4,1
0,3.3333333333,23,1,2,1,1,69,0,0,3,0,2,7,2,1
0,2.5,19.25,0.5,1,3,4,77,0,0,4,0,3,5,4,1
0,2.5,15.75,0.5,1,3,4,63,0,0,4,0,3,5,4,1
0,1.5,9.25,0.5,1,3,4,37,0,0,4,0,3,5,4,1
0,1.5,7.25,0.5,1,3,4,29,0,0,4,0,3,5,4,1
0,2,12.25,0.5,1,3,4,49,0,0,4,0,3,5,4,1
0,2,9.5,0.5,1,3,4,38,0,0,4,0,3,5,4,1
0,1.25,8,0.5,1,3,4,32,0,0,4,0,3,5,4,1
0,1.25,6.25,0.5,1,3,4,25,0,0,4,0,3,5,4,1
0,2.75,27.5,0.5,1,3,4,110,0,0,4,0,3,5,4,1
0,3.25,30.75,0.5,1,3,4,123,0,0,4,0,3,5,4,1
0,1.5,11.5,0.5,1,3,4,46,1,0,4,0,3,6,4,1
0,1.5,9.5,0.5,1,3,4,38,1,0,4,0,3,6,4,1
0,1.5,11.5,0.5,1,3,4,46,1,0,4,0,3,6,4,1
0,1.5,9.5,0.5,1,3,4,38,1,0,4,0,3,6,4,1
0,2.3333333333,15.3333333333,1.6666666667,0,1,1,46,2,0,3,0,3,7,0,1
0,2,9.6666666667,1.6666666667,0,1,2,29,2,0,3,0,3,6,0,1
0,3,17.5,0.5,0,1,1,35,0,0,2,0,1,3,0,1
0,3,14.5,0.5,0,1,1,29,0,0,2,0,1,3,0,1
0,2.5,19.5,1,0,1,1,39,1,0,2,0,2,4,0,1
0,2.5,16.5,1,0,1,1,33,1,0,2,0,2,4,0,1
17,1,1,1,0,1,2,2,0,1,2,0,1,2,0,1
21,1,1,1,0,1,3,3,0,1,3,0,2,3,0,1
0,5.25,43.5,0.5,1,3,4,174,0,0,4,0,3,5,4,1
0,5.25,36.25,0.5,1,3,4,145,0,0,4,0,3,5,4,1
0,1.5,8.5,0.5,1,3,4,34,0,0,4,0,3,5,4,1
0,1.5,6.5,0.5,1,3,4,26,0,0,4,0,3,5,4,1
0,1.25,8.5,0.5,1,3,4,34,1,0,4,0,3,6,4,1
0,1.25,7,0.5,1,3,4,28,1,0,4,0,3,6,4,1
0,1.5,8.5,0.5,1,3,4,34,0,0,4,0,3,5,4,1
0,1.5,6.75,0.5,1,3,4,27,0,0,4,0,3,5,4,1
0,1.6,18,0.6,1,3,4,90,2,0,5,0,4,9,4,1
0,1.6,18,0.6,1,3,4,90,2,0,5,0,4,9,4,1
0,4.25,32.75,0.5,1,3,4,131,1,0,4,0,3,6,4,1
0,4.25,26.75,0.5,1,3,4,107,1,0,4,0,3,6,4,1
0,1.1428571429,15.8571428571,1.8571428571,0,0,5,111,1,0,7,0,5,10,0,1
0,1,13,0.75,0,0,4,52,1,0,4,0,2,5,0,1
0,1.25,5.75,1.5,0,0,2,23,1,0,4,0,3,6,0,1
0,1.25,4.25,1.5,0,0,2,17,1,0,4,0,3,6,0,1
0,1.3333333333,35.6666666667,0.3333333333,0,0,3,107,10,0,3,9,1,4,0,1
0,1.8,11,0,0,0,2,55,1,0,5,0,2,10,0,1
0,1,4,1,0,1,1,4,0,0,1,0,1,1,0,1
0,1.75,11,0.5,0,1,3,44,2,0,4,0,4,8,0,1
0,1.75,9.25,0.5,0,1,3,37,2,0,4,0,4,8,0,1
0,1.2222222222,5.1111111111,1,0,1,7,46,2,0,9,0,9,13,0,1
0,2.875,42.5,2.375,0,0,1,340,5,0,8,0,3,42,0,1
0,1.2222222222,4.1111111111,1,0,1,7,37,2,0,9,0,9,13,0,1
0,2.875,39.5,2.375,0,0,1,316,5,0,8,0,3,42,0,1
0,1,14.6666666667,0,0,1,3,44,139,0,3,138,0,4,0,1
0,1,13,0,0,1,3,39,139,0,3,138,0,4,0,1
0,1,5.75,1.25,0,0,4,23,0,0,4,0,3,4,0,1
0,1,9.5,1,0,1,4,38,0,0,4,0,4,4,0,1
0,5,31,1,0,1,1,31,0,0,1,0,1,1,0,1
0,3.2,23.4,1.4,0,1,1,117,13,0,5,0,5,36,0,1
0,1,4.75,1.25,0,0,4,19,0,0,4,0,3,4,0,1
0,1,8.5,1,0,1,4,34,0,0,4,0,4,4,0,1
0,5,25,1,0,1,1,25,0,0,1,0,1,1,0,1
0,3.2,19.8,1.4,0,1,1,99,13,0,5,0,5,36,0,1
2,2.2857142857,11.4761904762,1.1428571429,1,2,13,241,1,0,21,0,17,32,13,1
2,2.3333333333,11.5,0.8333333333,1,0,3,207,9,0,18,1,13,80,3,1
2,1,5,2,0,0,1,5,3,0,1,0,0,3,0,1
0,1,4,0,0,1,2,8,0,0,2,0,2,2,0,1
0,2.3333333333,9.3333333333,0.3333333333,2,1,1,28,3,0,3,0,2,16,2,1
2,2.2857142857,9.5238095238,1.1428571429,1,2,13,200,1,0,21,0,17,32,13,1
2,2.3888888889,10.5,0.8333333333,1,0,3,189,9,0,18,1,13,80,3,1
2,1,4,2,0,0,1,4,3,0,1,0,0,3,0,1
0,1,3,0,0,1,2,6,0,0,2,0,2,2,0,1
0,2.3333333333,8,0.3333333333,2,1,1,24,3,0,3,0,2,16,2,1
8,2.1818181818,15.5454545455,0.5454545455,1,1,5,171,12,1,11,0,8,35,5,1
0,1.75,10,1,1,1,4,40,0,0,4,0,4,11,4,1
0,2,20,3,2,1,1,20,0,0,1,0,1,6,2,1
8,2.1818181818,12.7272727273,0.5454545455,1,1,5,140,12,1,11,0,8,35,5,1
0,1.75,8,1,1,1,4,32,0,0,4,0,4,11,4,1
0,2,17,3,2,1,1,17,0,0,1,0,1,6,2,1
7,1,1,2,0,0,1,1,0,6,1,0,0,1,0,1
7,1,1,2,0,0,1,1,0,6,1,0,0,1,0,1
7,1,1,0,0,0,1,1,0,6,1,0,0,1,0,1
7,1,1,0,0,0,1,1,0,6,1,0,0,1,0,1
0,1.7647058824,12.8823529412,1.5294117647,0,0,9,219,5,0,17,0,13,32,0,1
0,1,6,0.5,0,0,2,12,0,0,2,0,1,2,0,1
0,2,9,1.5,0,1,1,18,1,0,2,0,2,4,0,1
1,2,14,1,0,0,1,28,4,0,2,0,2,8,0,1
2,1,20.6666666667,0.6666666667,0,1,3,62,5,0,3,0,3,8,0,1
0,2,13,1,2,1,2,26,0,0,2,0,2,6,4,1
0,3,17,1,1,1,1,17,0,0,1,0,1,2,1,1
30,2.5,35.5,1.5,1,1,1,71,0,15,2,0,0,8,1,1
1,0,0,0,0,0,0,0,4,0,0,0,0,0,0,1
36,2.3333333333,29,1.6666666667,1,1,2,87,0,18,3,0,0,9,2,1
1,0,0,0,0,0,0,0,4,0,0,0,0,0,0,1
0,1,32,0,0,0,1,32,0,0,1,0,1,1,0,1
0,1,34,0,0,0,1,34,0,0,1,0,1,1,0,1
0,1,5,0,1,2,1,5,0,0,1,0,1,2,1,1
0,1,4,0,1,2,1,4,0,0,1,0,1,2,1,1
0,1,5,0,1,2,6,30,0,0,6,0,6,12,6,1
0,1,4,0,1,2,6,24,0,0,6,0,6,12,6,1
0,1,5.5,0,1,2,2,11,0,0,2,0,2,4,2,1
0,1,4.5,0,1,2,2,9,0,0,2,0,2,4,2,1
0,1,5,0,1,2,2,10,0,0,2,0,2,4,2,1
0,1,4,0,1,2,2,8,0,0,2,0,2,4,2,1
0,1,5,0,1,2,1,5,0,0,1,0,1,2,1,1
0,1,4,0,1,2,1,4,0,0,1,0,1,2,1,1
0,1,5.5,0,1,2,2,11,0,0,2,0,2,4,2,1
0,1,4.5,0,1,2,2,9,0,0,2,0,2,4,2,1
0,1,6,0,1,2,1,6,0,0,1,0,1,2,1,1
0,1,5,0,1,2,1,5,0,0,1,0,1,2,1,1
0,1,5,0,1,2,1,5,0,0,1,0,1,2,1,1
0,1,4,0,1,2,1,4,0,0,1,0,1,2,1,1
0,1,5,0,1,2,1,5,0,0,1,0,1,2,1,1
0,1,4,0,1,2,1,4,0,0,1,0,1,2,1,1
0,1,5.6666666667,0,1,2,3,17,0,0,3,0,3,6,3,1
0,1,4.6666666667,0,1,2,3,14,0,0,3,0,3,6,3,1
0,1,5,0,1,2,1,5,0,0,1,0,1,2,1,1
0,1,4,0,1,2,1,4,0,0,1,0,1,2,1,1
0,1,5,0,1,2,1,5,0,0,1,0,1,2,1,1
0,1,4,0,1,2,1,4,0,0,1,0,1,2,1,1
0,1,5,0,1,2,1,5,0,0,1,0,1,2,1,1
0,1,4,0,1,2,1,4,0,0,1,0,1,2,1,1
0,1,5,0,1,2,1,5,0,0,1,0,1,2,1,1
0,1,4,0,1,2,1,4,0,0,1,0,1,2,1,1
0,1,5,0,1,2,1,5,0,0,1,0,1,2,1,1
0,1,4,0,1,2,1,4,0,0,1,0,1,2,1,1
0,2.5,20.5,1,3,1,1,123,4,0,6,0,4,21,3,1
0,1.8571428571,13.1428571429,0.8571428571,2,1,1,92,5,0,7,0,6,22,2,1
7,1.2857142857,5.8571428571,0.4285714286,0,0,1,41,3,0,7,0,7,17,0,1
6,1.2857142857,4.5714285714,0.4285714286,0,0,1,32,3,0,7,0,7,17,0,1
6,1,4.75,0.75,0,0,1,19,3,0,4,0,4,10,0,1
6,1,3.75,0.75,0,0,1,15,3,0,4,0,4,10,0,1
2,2,11.4,1.4,1,1,2,57,2,1,5,0,2,14,2,1
0,2.4,44,1.8,2,2,1,220,3,0,5,0,0,21,2,1
4,1,1,2,0,0,2,2,4,1,2,3,2,2,0,1
0,1,5,1,0,0,4,20,1,0,4,0,4,4,0,1
0,1.5,7.5,0.5,0,0,2,15,1,0,2,1,1,3,0,1
0,1.3333333333,27,0.3333333333,0,0,3,81,5,0,3,4,1,4,0,1
8,2.2777777778,14.6111111111,0.6111111111,2,1,2,263,6,2,18,0,5,55,4,1
8,2.2777777778,11.9444444444,0.6111111111,2,1,2,215,6,2,18,0,5,56,4,1
1,1.5833333333,9.6666666667,0.8333333333,2,1,1,116,5,0,12,0,12,34,2,1
1,1.5833333333,9.6666666667,0.8333333333,2,1,1,116,5,0,12,0,12,34,2,1
2,2.1538461538,33.3076923077,0.7692307692,4,2,2,433,18,0,13,1,2,87,8,1
0,2,9.6666666667,1.3333333333,3,1,1,29,1,0,3,0,3,10,3,1
0,4.75,27,1.5,2,1,4,108,0,0,4,0,4,6,8,1
2,1.9230769231,26.5384615385,0.7692307692,4,2,2,345,15,0,13,1,2,81,8,1
0,2,7.6666666667,1.3333333333,3,1,1,23,1,0,3,0,3,10,3,1
0,4.75,23,1.5,2,1,4,92,0,0,4,0,4,6,8,1
4,2.5925925926,13.7037037037,0.7037037037,0,0,2,370,28,0,27,8,22,112,0,1
4,2.5925925926,10.8888888889,0.7037037037,0,0,2,294,28,0,27,8,22,112,0,1
2,2.1,26.3,0.5,2,1,2,263,22,0,10,0,2,83,4,1
1,3.6666666667,25,0.6666666667,2,1,2,75,0,0,3,0,2,33,4,1
0,1.4,29.8,0.8,0,1,3,149,5,0,5,0,1,12,0,1
2,2.1,24,0.5,2,1,2,240,22,0,10,0,2,83,4,1
1,3.6666666667,21,0.6666666667,2,1,2,63,0,0,3,0,2,33,4,1
0,1.4,26.6,0.8,0,1,3,133,5,0,5,0,1,12,0,1
0,1,6,0.5,1,1,1,12,1,0,2,0,2,5,1,1
0,1,5,0.5,1,1,1,10,1,0,2,0,2,5,1,1
3,2.0769230769,32.6923076923,0.6923076923,5,2,3,425,17,0,13,1,2,83,15,1
0,1.3333333333,6.3333333333,1.3333333333,1,1,1,19,1,0,3,0,3,7,1,1
0,2,9.6666666667,1.3333333333,3,1,1,29,1,0,3,0,3,10,3,1
0,3.5,21,1.5,3,1,4,84,0,0,4,0,4,12,12,1
0,4.75,27,1.5,2,1,4,108,0,0,4,0,4,6,8,1
3,1.7692307692,24.3846153846,0.6923076923,4,2,3,317,16,0,13,1,2,76,12,1
0,1.3333333333,5,1.3333333333,1,1,1,15,1,0,3,0,3,7,1,1
0,2,7.6666666667,1.3333333333,3,1,1,23,1,0,3,0,3,10,3,1
0,3.5,18.25,1.5,3,1,4,73,0,0,4,0,4,12,12,1
0,4.75,23,1.5,2,1,4,92,0,0,4,0,4,6,8,1
0,1.2,7.4,1.2,0,1,5,37,5,0,5,5,5,10,0,1
0,3,15,1,0,1,1,30,3,0,2,1,2,6,0,1
0,0,0,0,0,0,0,0,0,0,0,0,0,0,0,1
0,3.3333333333,26.3333333333,1.3333333333,4,1,1,79,1,0,3,0,2,11,4,1
0,2.5,20,0.5,2,1,2,40,0,0,2,0,2,4,4,1
0,2,15.5,1.75,1,0,1,62,1,0,4,0,1,11,1,1
3,2.6666666667,13.6666666667,0.8333333333,0,0,2,82,2,0,6,0,6,14,0,1
1,2,13.5,0.75,2,0,1,54,4,0,4,0,2,16,2,1
49,1.3333333333,4.3333333333,1,1,0,3,26,2,24,6,0,5,13,3,1
0,1,5,0,1,1,1,5,0,0,1,0,1,3,1,1
0,1,5,0,1,1,1,5,0,0,1,0,1,3,1,1
0,5,21,0,1,1,1,21,0,0,1,0,1,4,1,1
0,1,6,0,1,1,1,6,0,0,1,0,1,3,1,1
0,1,25,0,1,1,1,25,0,0,1,0,1,3,1,1
0,5,26,0,1,1,1,26,0,0,1,0,1,4,1,1
0,12,59,0,1,1,1,59,0,0,1,0,1,4,1,1
0,2,9,0,1,1,1,9,0,0,1,0,1,4,1,1
0,6,30,0,1,1,1,30,0,0,1,0,1,4,1,1
0,1,5,0,1,1,1,5,0,0,1,0,1,3,1,1
0,1,5,0,1,1,1,5,0,0,1,0,1,3,1,1
0,1,7,0,1,1,1,7,0,0,1,0,1,3,1,1
0,1,5,0,1,1,1,5,0,0,1,0,1,3,1,1
0,6,27,0,1,1,1,27,0,0,1,0,1,4,1,1
0,1,6,0,1,1,1,6,0,0,1,0,1,3,1,1
0,8,93,0,1,1,1,93,0,0,1,0,1,4,1,1
0,1,5,0,1,1,1,5,0,0,1,0,1,3,1,1
0,1,12,0,1,1,1,12,0,0,1,0,1,3,1,1
0,8,37,0,1,1,1,37,0,0,1,0,1,4,1,1
0,1,4,0,1,1,1,4,0,0,1,0,1,3,1,1
0,3,16,0,1,1,1,16,0,0,1,0,1,4,1,1
0,1,5,0,1,1,1,5,0,0,1,0,1,3,1,1
0,5,69,0,1,1,1,69,0,0,1,0,1,4,1,1
0,15,120,0,1,1,1,120,0,0,1,0,1,4,1,1
1,3,14,0.5,1,0,1,28,2,0,2,0,2,6,1,1
5,2,8,0.8333333333,0,0,2,48,2,0,6,0,6,16,0,1
0,3,31.25,1,1,0,4,125,4,0,4,0,1,6,4,1
1,2.25,15.75,0.75,3,0,1,63,3,0,4,0,2,16,3,1
5,1,3.3333333333,0.8333333333,1,0,3,20,2,2,6,0,5,13,3,1
0,1,6,0,1,1,1,6,0,0,1,0,1,3,1,1
0,1,4,0,1,1,1,4,0,0,1,0,1,3,1,1
0,3.5,17,1.25,0,0,1,68,1,0,4,0,4,8,0,1
0,3,18,0.3333333333,0,1,3,54,2,0,3,0,3,5,0,1
0,1.3333333333,5.6666666667,0.6666666667,0,1,2,17,1,0,3,0,3,5,0,1
0,1.25,7.75,0.5,0,3,4,31,0,0,4,0,3,4,0,1
0,1,4,1,0,2,1,4,0,0,1,0,1,1,0,1
0,1,3.6666666667,1.6666666667,0,1,2,11,1,0,3,0,3,5,0,1
0,1,4,1.6666666667,0,1,3,12,0,0,3,0,3,3,0,1
0,1.5,9.4,1.2,1,1,7,94,6,0,10,2,10,19,7,1
0,1.5,39,0.25,0,0,3,156,19,0,4,18,2,6,0,1
0,1.1428571429,7.4285714286,1.2857142857,0,1,7,52,8,0,7,8,7,15,0,1
0,1.75,35.25,0.5,1,0,4,141,6,0,4,0,2,7,4,1
0,1.5,28,0.5,1,0,3,112,4,0,4,0,2,7,3,1
0,1.75,10.5,0.5,1,3,4,42,0,0,4,0,3,5,4,1
0,1.2857142857,7.7142857143,0.7142857143,1,3,3,54,1,0,7,0,4,13,3,1
0,3.75,21.5,0.5,1,3,4,86,0,0,4,0,3,7,4,1
0,3.5,21.5,0.5,1,3,4,86,1,0,4,0,3,8,4,1
0,1,3,0,1,2,1,3,0,0,1,0,1,2,1,1
0,1,3,0,1,2,8,24,0,0,8,0,8,16,8,1
0,1,3,0,1,2,12,36,0,0,12,0,12,24,12,1
0,4.75,37,2.5,0,1,3,148,0,0,4,0,0,5,0,1
0,4.4166666667,33.8333333333,3.3333333333,5,1,3,406,6,0,12,0,1,41,15,1
0,3,20,0,0,1,1,20,0,0,1,0,1,1,0,1
0,5.5,29.5,1,0,1,1,59,2,0,2,0,1,5,0,1
