0,2.2,11.5,1.3,3,0,1,115,5,0,10,0,8,35,3,1
3,1,1,2,0,0,3,3,1,1,3,1,2,3,0,1
2,3,17.6666666667,0.3333333333,1,0,1,53,5,0,3,0,3,11,1,1
1,1.5,8,0.25,1,0,1,32,3,0,4,0,0,15,1,1
0,1.2857142857,4.4285714286,0.8571428571,1,1,1,31,1,0,7,0,4,24,1,1
1,1,4,2,0,0,1,4,2,0,1,0,1,3,0,1
0,1,2.5,0.5,0,1,2,5,1,0,2,0,2,2,0,1
11,1.4615384615,4.2307692308,1.5384615385,0,0,3,55,0,2,13,0,11,24,0,1
4,1.7142857143,5.7142857143,0.2857142857,1,0,1,40,6,0,7,2,6,26,1,1
1,4.3333333333,22.5833333333,1.8333333333,4,2,3,271,5,0,12,1,5,31,12,1
0,2,7.5,2.5,0,0,1,15,3,0,2,0,0,8,0,1
0,3.25,10.75,1.5,3,0,1,43,2,0,4,0,1,18,3,1
1,1.3333333333,3.3333333333,0.6666666667,0,1,3,10,0,0,3,0,2,3,0,1
3,1,3,0.5,0,2,1,6,2,2,2,2,0,5,0,1
0,3.3333333333,15.3333333333,0.3333333333,2,2,3,46,3,0,3,3,1,9,6,1
0,1,3,0.3333333333,0,1,3,9,0,0,3,0,3,3,0,1
40,1.6470588235,7.0588235294,0.7647058824,2,1,4,120,8,17,17,6,7,46,8,1
0,1,3,0.5,0,1,1,6,2,0,2,0,1,4,0,1
0,1,3,0.5,0,1,1,6,2,0,2,0,1,4,0,1
2,2,10.1666666667,0.3333333333,2,1,1,61,2,0,6,0,4,22,2,1
0,1.3333333333,23.8333333333,1,2,1,6,143,0,0,6,0,4,8,12,1
0,2,7,0,0,2,1,7,0,0,1,0,0,1,0,1
2,7,25,0,2,2,1,25,0,1,1,0,0,3,2,1
0,1,6,0,0,1,1,6,0,0,1,0,1,1,0,1
0,2,9.5,0,3,2,2,19,3,0,2,3,1,8,6,1
0,1.5,7.5,0,2,2,2,15,1,0,2,1,1,6,4,1
0,1,1,0,0,0,1,1,0,0,1,0,0,1,0,1
0,5.25,33,1.25,3,2,1,132,1,0,4,0,0,11,3,1
0,0,0,0,0,0,0,0,0,0,0,0,0,0,0,1
0,4.5,25,1.5,0,0,1,50,2,0,2,0,2,6,0,1
0,1,3.125,0.25,0,1,8,25,2,0,8,0,7,8,0,1
0,0,0,0,0,0,0,0,0,0,0,0,0,0,0,1
0,1.3333333333,6,0.6666666667,2,3,3,18,0,0,3,0,1,6,6,1
0,3.3333333333,17,0,2,2,2,51,2,0,3,2,1,10,4,1
0,1.25,15.25,2,1,2,3,61,0,0,4,0,2,11,3,1
0,1.3333333333,5.3333333333,1.3333333333,0,1,3,16,0,0,3,0,3,3,0,1
0,1.3333333333,5.3333333333,1.3333333333,0,1,3,16,0,0,3,0,3,3,0,1
0,2.5,10.5,0,1,2,2,21,0,0,2,0,1,3,2,1
0,5,24.3333333333,0,4,2,2,73,3,0,3,3,1,16,8,1
0,3.75,17.25,1.5,5,2,2,69,2,0,4,2,1,16,10,1
0,1,4.5,0,0,1,1,9,4,0,2,0,1,6,0,1
0,5.5,22,0.5,1,3,2,44,1,0,2,1,1,4,2,1
0,1.3333333333,5.3333333333,0,2,2,3,16,0,0,3,0,1,5,6,1
0,1,4,0,2,2,2,8,0,0,2,0,1,4,4,1
0,1,4.5,0,1,2,2,9,0,0,2,0,1,3,2,1
0,1.5,9.5,0,2,2,2,19,3,0,2,3,1,7,4,1
0,1,4.5,0,1,3,2,9,1,0,2,1,1,4,2,1
0,2.5,16,0,2,2,2,32,2,0,2,2,1,7,4,1
0,1,4,0,1,2,2,8,0,0,2,0,1,3,2,1
0,1,2.5,0.5,1,2,2,5,0,0,2,0,2,3,2,1
0,1.6,7.4,2,0,1,10,74,1,0,10,0,7,10,0,1
0,2.6,16.2,1.2,1,2,5,81,6,0,5,0,4,6,5,1
0,1.3333333333,4.6666666667,0.3333333333,0,1,3,14,0,0,3,0,0,3,0,1
0,3,10.2,1.2,0,1,5,51,1,0,5,0,5,5,0,1
0,1.125,3.375,0.75,0,1,8,27,0,0,8,0,7,8,0,1
0,1,2,1,0,1,2,4,0,0,2,0,2,2,0,1
0,1.3333333333,6,2.3333333333,1,1,1,18,3,0,3,0,3,11,1,1
0,1,3,0,0,1,1,3,0,0,1,0,1,1,0,1
0,3,16,2.6666666667,2,1,1,48,5,0,3,0,1,11,2,1
0,1,3,0,0,1,1,3,0,0,1,0,1,1,0,1
0,1.6666666667,6.6666666667,2.3333333333,1,1,1,20,3,0,3,0,3,11,1,1
0,1,3,0,0,1,1,3,0,0,1,0,1,1,0,1
7,1.8571428571,6.4285714286,1,1,1,3,45,2,4,7,0,4,16,3,1
0,1.5,9.5,0.75,0,2,1,38,2,0,4,0,3,8,0,1
0,1,3,1,0,1,1,3,0,0,1,0,1,1,0,1
0,3,12,2,2,1,1,12,4,0,1,0,1,6,2,1
0,0,0,0,0,0,0,0,0,0,0,0,0,0,0,1
0,3,14.3333333333,0.6666666667,1,0,1,43,3,0,3,0,2,11,1,1
1,1,1,1,0,0,1,1,0,0,1,0,0,1,0,1
0,1.75,6.1666666667,0.9166666667,0,1,12,74,3,0,12,0,8,12,0,1
0,2,13.5,0,1,3,2,27,2,0,2,1,1,5,2,1
0,1.5,4.3333333333,0.3333333333,1,4,6,26,1,0,6,0,6,8,6,1
0,1,3,0.25,0,3,4,12,1,0,4,1,2,5,0,1
0,1,4,0,1,3,2,12,2,0,3,2,2,8,2,1
1,2.3333333333,11.3333333333,1,1,0,1,34,3,0,3,2,1,10,1,1
0,2.3076923077,7.6923076923,1.1538461538,3,4,6,100,6,0,13,3,12,30,18,1
0,1,3,1,0,0,1,3,1,0,1,0,0,2,0,1
1,1.6,4.6,0.8,1,0,1,23,5,0,5,1,5,21,1,1
0,1.25,4.75,0.25,1,4,4,19,0,0,4,0,4,5,4,1
0,1.5,6,1,2,4,2,12,1,0,2,1,2,5,4,1
0,4.5,18,0.5,1,1,1,36,3,0,2,1,2,8,1,1
22,1.8125,6.375,0.8125,0,1,6,102,3,0,16,2,15,31,0,1
0,1,3,0,1,1,1,3,1,0,1,0,1,2,1,1
1,2,9,1,0,1,1,9,1,0,1,0,1,1,0,1
0,1.25,6,0.5,1,1,1,24,2,0,4,0,4,10,1,1
0,1,3.3333333333,0.6666666667,0,1,1,10,1,0,3,0,2,6,0,1
0,1,3,0.6153846154,0,1,12,39,1,0,13,0,12,15,0,1
1,1,1,0,0,0,2,2,0,0,2,0,1,2,0,1
4,1,2.25,2,0,1,3,9,1,3,4,0,2,5,0,1
0,5.3333333333,27,1.3333333333,1,2,1,81,1,0,3,0,1,8,1,1
0,1.619047619,5.619047619,0.8571428571,0,1,21,118,6,0,21,2,13,21,0,1
0,0,0,0,0,0,0,0,0,0,0,0,0,0,0,1
0,1,51.5,1,0,0,2,103,0,0,2,0,2,2,0,1
264,0,0,0,0,0,0,0,0,77,0,0,0,0,0,1
0,0,0,0,0,0,0,0,0,0,0,0,0,0,0,1
0,1,1,1,0,0,6,6,0,0,6,0,5,6,0,1
39,2.5319148936,12.0957446809,1.2340425532,4,1,8,1137,9,0,94,1,77,292,32,0
0,1,1,2,0,1,1,1,0,0,1,0,0,1,0,1
0,1,3,1,0,1,1,3,1,0,1,0,1,1,0,1
0,1,1,1,0,0,3,3,0,0,3,0,2,3,0,1
0,1,3,0,0,1,1,3,1,0,1,0,1,1,0,1
0,1.25,4.5,0.75,1,1,4,18,3,0,4,0,3,5,4,1
0,1,3,1,1,2,1,3,1,0,1,0,0,2,1,1
5,1,1.8,1.8,0,1,5,9,1,2,5,1,5,5,0,1
0,1.25,4.25,3,1,2,4,17,0,0,4,0,4,5,4,1
0,1,4,3,0,3,1,4,0,0,1,0,1,1,0,1
0,1,4,1,0,2,2,8,0,0,2,0,2,2,0,1
2,1,1,2,0,1,1,1,0,2,1,0,1,1,0,1
0,1.6666666667,6.4444444444,1.6666666667,4,2,5,58,2,0,9,2,8,20,20,1
0,1,3,1,0,0,1,3,0,0,1,0,0,1,0,1
1,1,3.5,2,1,0,1,7,2,0,2,0,0,7,1,1
0,2.0982142857,7.0267857143,0.9553571429,7,0,104,787,7,0,112,1,110,138,728,1
1,1.2,4.4,1,0,0,1,22,4,0,5,0,4,16,0,1
3,2.5,7.5,1,0,0,1,15,1,2,2,0,0,4,0,1
1,1.5,4.5,1.5,1,1,2,9,0,0,2,0,2,3,2,1
0,2,6,2,0,1,1,6,0,0,1,0,1,1,0,1
1,1,3,0,0,1,1,3,0,1,1,0,1,1,0,1
0,1.3333333333,3,1,0,0,3,9,0,0,3,0,2,3,0,1
0,2,8.5,1,0,0,1,17,1,0,2,0,1,4,0,1
0,2,7,1,0,0,1,7,0,0,1,0,1,1,0,1
2,1,1,0,0,0,6,6,0,0,6,0,5,6,0,1
2,2.5,8.8333333333,1,1,1,4,53,3,0,6,0,3,12,4,1
0,1.2,4.2,0.5,2,1,1,42,4,0,10,1,8,29,2,1
0,0,0,0,0,0,0,0,0,0,0,0,0,0,0,1
0,0,0,0,0,1,0,0,0,0,0,0,0,0,0,1
1,2.25,10,1,0,0,2,40,1,0,4,0,3,7,0,1
0,1,3.5,1.5,0,1,1,7,1,0,2,0,2,4,0,1
0,1,2,1,0,1,2,4,0,0,2,0,2,2,0,1
4,2.7142857143,14.4285714286,0.1428571429,0,1,3,101,2,3,7,0,7,13,0,1
0,1,3,1.5,0,0,2,6,0,0,2,0,2,2,0,1
0,2,6,0,0,2,1,6,0,0,1,0,1,1,0,1
0,3,13.3333333333,0,0,2,1,40,2,0,3,0,3,8,0,1
0,2.25,14.1666666667,1.4166666667,1,3,6,170,3,0,12,0,8,25,6,1
0,2.5,14.25,0.25,2,2,3,57,1,0,4,0,3,9,6,1
0,3.5,23.3333333333,1.6666666667,5,1,1,140,4,0,6,0,5,28,5,1
0,3,15.5,0.5,1,4,1,31,2,0,2,0,1,6,1,1
1,1.5714285714,23.7142857143,0.4285714286,5,3,2,332,5,0,14,3,12,46,10,1
1,1.4285714286,4.4285714286,1,0,0,1,31,2,0,7,1,7,19,0,1
1,1.6,9,1.2,1,3,6,90,1,0,10,1,9,16,6,1
0,1.9090909091,5.7272727273,0.8181818182,0,1,1,63,2,0,11,0,10,24,0,1
0,1.3333333333,3.6666666667,1.6666666667,0,0,1,11,1,0,3,0,0,6,0,1
2,1.5,6,0.3,0,0,1,60,4,1,10,0,5,25,0,1
1,1,3,1,0,1,2,9,0,1,3,0,3,4,0,1
1,1,3,0,0,1,1,3,0,1,1,0,1,1,0,1
0,1,2.5,1,0,2,2,5,1,0,2,1,2,2,0,1
0,1,3,0,0,2,1,3,0,0,1,0,1,1,0,1
14,1.6,6.1,1.3,0,1,4,61,2,0,10,0,8,20,0,1
0,1,3.5,1.5,0,0,1,7,2,0,2,0,2,5,0,1
1,1.5625,5.6875,1.25,2,1,2,91,3,0,16,0,15,47,4,1
12,1.65,5.4,0.7,0,1,4,108,2,3,20,2,20,50,0,1
4,1.5,4.75,0.5,0,1,4,19,0,4,4,0,2,4,0,1
3,1.8888888889,8.5555555556,0.6666666667,1,1,8,77,0,0,9,0,9,11,8,1
0,1,3,1,1,2,3,9,0,0,3,0,2,4,3,1
5,2.55,8.2,1.2,1,1,12,164,1,0,20,0,19,31,12,1
0,1,3,2,0,0,1,3,0,0,1,0,1,1,0,1
0,1,3,0,0,2,3,9,0,0,3,0,3,3,0,1
0,1,3,0.6666666667,1,2,3,9,0,0,3,0,3,5,3,1
0,1,3,0,0,2,2,6,0,0,2,0,2,2,0,1
0,1,3,1,1,2,2,6,0,0,2,0,2,4,2,1
0,1,3.5,0,1,2,2,7,0,0,2,0,2,3,2,1
0,1.8888888889,8.4444444444,1.1111111111,1,0,9,76,7,0,9,3,6,10,9,1
0,1.3333333333,5,0.6666666667,1,1,3,15,2,0,3,0,3,5,3,1
0,1.6666666667,6.6666666667,1,1,1,3,20,3,0,3,0,2,6,3,1
0,2,6.6666666667,1,3,2,3,20,0,0,3,0,1,8,9,1
2,1,1,3,0,1,1,1,0,1,1,0,0,1,0,1
2,1,3.5,1,0,1,4,14,3,1,4,0,3,7,0,1
3,1.7,6.2,1,1,1,6,62,1,0,10,0,10,16,6,1
0,1.4,4.6,0.2,1,0,1,23,1,0,5,1,4,12,1,1
0,8,36.8,1.6,8,0,2,184,1,0,5,0,1,27,16,1
0,0,0,0,0,0,0,0,0,0,0,0,0,0,0,1
5,1.1176470588,3.8529411765,0.3529411765,10,5,10,131,3,0,34,1,29,81,100,0
8,1.8913043478,7.5652173913,0.6739130435,7,5,14,348,22,1,46,12,38,148,98,0
0,1.6666666667,4.6666666667,0.6666666667,1,1,3,14,0,0,3,0,3,4,3,1
2,2.0909090909,6.3636363636,0.6363636364,5,1,6,70,0,0,11,0,10,24,30,1
0,3,23,2,6,0,1,23,0,0,1,0,0,9,6,1
0,1,3,2,1,2,3,9,0,0,3,0,3,8,3,1
0,1,3,0,0,2,1,3,0,0,1,0,1,1,0,1
0,2.7435897436,10.4615384615,0.5384615385,10,1,39,408,9,0,39,0,30,55,390,0
0,2.7058823529,12,1.7058823529,8,1,17,204,2,0,17,0,3,30,136,1
0,1.2857142857,5.1428571429,0.4285714286,0,0,7,36,5,0,7,5,7,7,0,1
0,1,3,0,0,1,1,3,0,0,1,0,1,1,0,1
3,1.7105263158,7.8684210526,0.6578947368,5,4,7,299,3,1,38,0,31,106,35,1
71,1.8181818182,6.4545454545,1.1818181818,2,2,8,71,0,15,11,0,3,17,16,1
0,1.9127516779,7.9261744966,0.6375838926,21,4,149,1181,39,0,149,18,108,184,3129,0
0,1.5,5.5,0.5,1,1,2,11,1,0,2,0,2,3,2,1
0,1,3,0.3333333333,0,1,3,9,1,0,3,1,3,3,0,1
0,1,3,0.3333333333,0,1,3,9,1,0,3,1,3,3,0,1
0,3,10.3333333333,1,1,2,3,31,0,0,3,0,3,4,3,1
1,0,0,0,0,1,0,0,0,1,0,0,0,0,0,1
48,1,1,0,0,1,3,3,0,23,3,0,2,3,0,1
26,2.8333333333,6.3333333333,1.1666666667,0,3,1,38,1,5,6,0,4,12,0,1
16,1.1,3.4,0.4,1,3,7,34,1,11,10,1,8,15,7,1
0,1,3.4545454545,1.0909090909,1,4,11,38,0,0,11,0,10,15,11,1
0,2,4.5,0,0,2,2,9,0,0,2,0,2,2,0,1
0,2.875,13.875,1.5,0,3,3,111,2,0,8,1,8,15,0,1
2,1.7272727273,6.4545454545,0.5454545455,1,1,2,71,3,0,11,0,11,29,2,1
3,1.8,9.4,0.4,3,3,1,47,2,3,5,1,1,16,3,1
2,1.3333333333,5,1.6666666667,0,1,1,15,1,0,3,1,3,6,0,1
0,0,0,0,0,0,0,0,0,0,0,0,0,0,0,1
0,1.3333333333,4.7619047619,0.8095238095,0,5,21,100,4,0,21,1,12,21,0,1
1,1,4.1428571429,1,2,3,3,29,1,0,7,0,7,20,6,1
0,1,3,0,0,2,2,6,0,0,2,0,2,2,0,1
0,1.5714285714,5.2857142857,1.2857142857,2,2,1,37,1,0,7,1,7,21,2,1
0,1,3,1,0,1,5,15,1,0,5,0,1,5,0,1
0,4.75,14.75,1.25,0,0,4,59,0,0,4,0,2,4,0,1
12,1,1,1,0,3,4,4,0,3,4,0,3,4,0,1
7,1,1,0,0,4,2,2,0,3,2,0,1,2,0,1
1,2.5,7.5,1.5,0,0,1,30,1,0,4,0,4,9,0,1
0,1,3,1,1,1,3,9,0,0,3,0,3,4,3,1
2,0,0,0,0,2,0,0,0,2,0,0,0,0,0,1
1,1,1,1,0,2,2,2,0,1,2,0,1,2,0,1
0,1.2,6,0.8,1,0,2,30,1,0,5,0,5,15,2,1
0,2,23,3,0,1,1,23,0,0,1,0,1,1,0,1
1,1,3,0,0,0,8,24,8,0,8,8,8,16,0,1
7,1,1.6666666667,0.6666666667,1,0,2,5,0,7,3,0,3,5,2,1
0,1,3,0,0,1,2,6,1,0,2,0,2,3,0,1
1,1,3.7777777778,0.5555555556,1,1,2,34,5,0,9,0,9,25,2,1
0,2,4.5,1.5,1,0,2,9,0,0,2,0,1,4,2,1
0,1,3.4,0.2,1,1,1,17,1,0,5,0,5,11,1,1
0,1.25,5.25,0.75,0,1,1,21,2,0,4,0,4,12,0,1
3,1.4166666667,4.5,0.5,0,3,6,54,2,0,12,0,12,20,0,1
0,2,4.5,1.5,1,0,2,9,0,0,2,0,1,4,2,1
2,1.1428571429,3.2857142857,0.5714285714,0,0,3,23,5,0,7,3,7,13,0,1
1,1.3,4.7,1.1,3,3,1,47,1,0,10,0,9,31,3,1
0,1,3,0,0,2,2,6,0,0,2,0,2,2,0,1
26,1.4891304348,5.1304347826,0.5543478261,6,4,17,472,17,1,92,4,81,220,102,0
0,5,26,0,1,1,1,26,1,0,1,0,1,2,1,1
0,1,3,0,0,1,1,3,1,0,1,0,1,1,0,1
0,1,7,0,0,1,1,7,0,0,1,0,1,1,0,1
1,2,5.6666666667,1.3333333333,0,1,3,17,1,1,3,0,3,4,0,1
0,1,3,2,0,2,1,3,0,0,1,0,1,1,0,1
1,2,23.5833333333,0.9166666667,5,3,12,566,3,0,24,0,21,48,60,1
3,1,1,2,0,0,1,1,0,1,1,0,0,1,0,1
2,2.25,9.7083333333,1.5416666667,4,1,5,233,8,0,24,1,17,63,20,1
4,1.2857142857,4.2857142857,0.8571428571,0,0,2,30,2,1,7,0,7,17,0,1
1,1.6666666667,6.3333333333,1.6666666667,1,1,1,19,1,0,3,0,1,8,1,1
0,1,1,0,0,0,1,1,0,0,1,0,0,1,0,1
0,2.3953488372,9.023255814,1.1162790698,2,1,43,388,7,0,43,1,31,47,86,1
0,1.3636363636,4.2727272727,0.3636363636,0,0,11,47,3,0,11,2,7,11,0,1
0,1,3.8,2,0,1,5,19,1,0,5,0,5,5,0,1
4,1,1,1,0,1,1,1,0,3,1,0,0,1,0,1
0,2,6,1.3333333333,0,1,2,18,0,0,3,0,3,4,0,1
0,3.8,20.1,2,2,1,1,201,6,0,10,2,7,44,2,1
1,1,5,2,0,1,1,5,3,0,1,0,1,3,0,1
0,1.1428571429,4,0.7142857143,0,1,1,28,6,0,7,0,7,17,0,1
0,2,5.5,1.5,0,1,1,11,0,0,2,0,1,3,0,1
0,3,13,0.3333333333,1,2,3,39,1,0,3,1,3,5,3,1
2,1.3076923077,4.5384615385,0.7692307692,1,1,3,59,6,1,13,0,13,36,3,1
1,1,5,1.3333333333,0,0,2,15,0,1,3,0,3,4,0,1
1,1,1,2,0,2,1,1,0,1,1,0,1,1,0,1
0,1,2,1.5,0,1,2,4,0,0,2,0,2,2,0,1
0,1,1,1,0,0,1,1,0,0,1,0,0,1,0,1
11,2,8.4642857143,0.25,6,1,4,237,11,1,28,0,25,90,24,1
3,1,1,3,0,0,3,3,0,1,3,0,2,3,0,1
1,1.25,5.5,0.75,2,4,7,44,2,0,8,1,7,13,14,1
0,1,3,1,1,2,2,6,0,0,2,0,2,3,2,1
1,2.5,20.25,1.25,2,1,3,81,0,0,4,0,2,8,6,1
0,1.6666666667,5.3333333333,2,0,1,2,16,1,0,3,0,3,5,0,1
0,1,5.75,1.75,4,2,4,23,0,0,4,0,4,16,16,1
0,1,3,0,0,2,2,6,0,0,2,0,2,2,0,1
1,1.8181818182,6.3636363636,1.2727272727,3,2,1,70,3,0,11,0,8,37,3,1
0,1.125,3.3125,0.3125,0,1,9,53,1,0,16,0,16,24,0,1
3,1.6818181818,42.3181818182,0.5454545455,3,1,4,931,7,0,22,0,17,57,12,1
3,1.4,4.7,0.6,1,0,10,47,2,0,10,0,9,11,10,1
2,1,3.3846153846,0.6153846154,0,0,11,44,2,0,13,0,13,18,0,1
7,2.3333333333,10.2,0.5333333333,1,0,14,153,1,0,15,0,13,34,14,1
0,2,8,1.75,2,1,4,32,1,0,4,0,4,8,8,1
0,1,3.3333333333,0.6666666667,0,0,3,10,2,0,3,2,3,3,0,1
0,2.5,8.3333333333,0.5,3,4,3,50,3,0,6,0,3,17,9,1
1,1.3333333333,4,1.7777777778,0,1,7,36,1,0,9,0,4,12,0,1
0,1,6,2,0,0,1,6,2,0,1,0,1,3,0,1
0,1,3,1,0,1,3,9,0,0,3,0,3,3,0,1
0,2,7,2,0,0,1,7,0,0,1,0,0,1,0,1
4,1.1111111111,3.8888888889,0.7777777778,1,5,6,35,2,1,9,1,5,16,6,1
0,1,3,1,1,1,2,6,0,0,2,0,2,3,2,1
0,2.2,13.2,1.4,1,0,1,66,7,0,5,1,4,20,1,1
2,1.7894736842,4.6315789474,1.0526315789,0,1,17,88,10,0,19,0,19,22,0,1
0,1.5,4,1.5,1,0,2,8,0,0,2,0,1,4,2,1
0,1,3.3333333333,0.6666666667,0,1,3,10,1,0,3,0,3,3,0,1
1,1,1,0,0,2,1,1,0,1,1,0,0,1,0,1
3,0,0,0,0,4,0,0,26,0,0,3,0,0,0,1
1,1,3,0,0,2,3,9,0,1,3,0,3,3,0,1
36,1,1,0.2142857143,0,2,14,14,9,4,14,9,13,14,0,1
0,1,1,0.6666666667,0,2,9,9,0,0,9,0,8,9,0,1
0,2.7777777778,16.5555555556,2,2,0,1,149,3,0,9,1,5,36,2,1
0,1.5,26,1,3,0,5,208,2,0,8,2,7,15,15,1
1,1.1,4.1,1,4,2,7,41,1,0,10,0,10,29,28,1
0,1.5,5.6666666667,0.5,0,1,6,34,0,0,6,0,6,6,0,1
0,1,2,1,0,1,2,4,0,0,2,0,1,2,0,1
0,2.1504424779,9.389380531,0.6371681416,8,5,113,1061,21,0,113,3,81,128,904,0
0,1,3,1.3333333333,1,3,3,9,0,0,3,0,3,5,3,1
0,1,3,1,0,2,2,6,0,0,2,0,2,2,0,1
0,1,4,1.3333333333,2,2,1,12,1,0,3,1,3,9,2,1
0,0,0,0,0,0,0,0,1,0,0,1,0,0,0,1
25,1.8205128205,5.7435897436,0.3846153846,3,4,14,224,5,2,39,2,37,85,42,0
0,1,3,1.5,1,1,4,12,0,0,4,0,4,5,4,1
0,1,2,0.5,0,1,2,4,0,0,2,0,2,2,0,1
1,1.6470588235,20.8235294118,0.4117647059,4,5,7,354,4,0,17,0,14,48,28,1
0,1.8,6.2,1.6,1,0,4,31,2,0,5,0,3,10,4,1
0,1,3,0.5,0,1,2,6,0,0,2,0,2,2,0,1
0,0,0,0,0,1,0,0,0,0,0,0,0,0,0,1
7,1.3333333333,3.6666666667,1,1,5,3,11,0,3,3,0,1,7,3,1
0,1,3.3333333333,0.6666666667,1,6,2,10,1,0,3,0,3,7,2,1
0,1,3.3333333333,0.6666666667,1,6,2,10,1,0,3,0,3,7,2,1
8,1,3,2.25,1,6,1,12,2,4,4,0,2,16,1,1
0,1,3,1.3333333333,1,7,3,9,0,0,3,0,2,5,3,1
0,1,3,1.3333333333,1,7,3,9,0,0,3,0,2,5,3,1
0,1,3,1.3333333333,1,7,3,9,0,0,3,0,2,5,3,1
0,1,3,1.3333333333,1,7,3,9,0,0,3,0,2,5,3,1
0,0,0,0,0,0,0,0,0,0,0,0,0,0,0,1
1,2.2857142857,17.2857142857,1.1428571429,6,0,1,121,2,0,7,0,7,33,6,1
1,1,1,0,0,0,3,3,0,0,3,0,2,3,0,1
4,1,3,1,0,0,1,3,2,2,1,0,1,2,0,1
1,1.3333333333,5,1.3333333333,2,1,3,15,0,0,3,0,1,12,6,1
1,3,10,1,2,1,2,20,0,0,2,0,1,8,4,1
2,2.5,8,1,0,0,1,16,3,0,2,0,2,7,0,1
3,1,1,1.25,0,0,4,4,0,2,4,0,3,4,0,1
0,1,3,1.2,0,1,1,15,1,0,5,0,5,10,0,1
0,1.2,3.2,1.2,1,1,1,16,1,0,5,0,5,11,1,1
3,1.2222222222,2.7777777778,1.1111111111,0,1,5,25,0,3,9,0,9,13,0,1
0,1.6428571429,3.5714285714,0.9285714286,0,1,14,50,2,0,14,2,12,14,0,1
0,1.2,3,0.8,0,1,2,15,0,0,5,0,5,8,0,1
0,1,2.6666666667,1,0,1,3,8,0,0,3,0,3,3,0,1
0,2,7.2222222222,0.6111111111,3,4,4,130,6,0,18,0,14,55,12,1
0,2,7,0.5,0,2,2,14,0,0,2,0,2,2,0,1
1,1.5,12.5,1,0,0,1,25,2,0,2,2,1,3,0,1
5,1,6.6,0.7,2,0,6,66,5,1,10,5,8,23,12,1
0,3.5,16,0,2,3,2,32,0,0,2,0,1,5,4,1
2,1,2,0,0,2,4,8,1,2,4,1,4,4,0,1
182,1,1,0,0,0,1,1,0,13,1,0,0,1,0,1
4,1.4166666667,4,0.9166666667,1,0,4,48,6,0,12,5,12,32,4,1
1,1.7142857143,11.2857142857,0.7142857143,0,1,1,79,3,0,7,3,6,19,0,1
0,1.25,4,1.25,2,4,8,32,0,0,8,0,7,12,16,1
0,1,3,0,0,2,2,6,0,0,2,0,2,2,0,1
1,1.4444444444,4.8518518519,0.6296296296,3,2,9,131,3,0,27,0,26,65,27,1
0,1,3,0.5,1,2,2,6,0,0,2,0,2,3,2,1
0,1.3333333333,4.6666666667,0,0,3,3,14,0,0,3,0,3,3,0,1
42,1.3333333333,3.4666666667,0.2666666667,5,3,16,104,3,3,30,0,28,54,80,0
0,2,6,2,2,2,1,6,0,0,1,0,1,5,2,1
0,1,3,0.5,0,1,1,6,1,0,2,0,2,4,0,1
1,1.2,5,0.4,2,2,2,25,1,0,5,0,3,12,4,1
0,1,3,0.1666666667,1,1,5,18,1,0,6,1,4,10,5,1
4,1,3,0.2,0,1,5,15,1,3,5,1,4,5,0,1
18,1.2307692308,4,0.6923076923,0,1,13,52,3,2,13,1,13,14,0,1
7,1,2.75,0.25,0,1,4,11,0,7,4,0,2,4,0,1
1,1.6428571429,4.8571428571,0.7857142857,0,3,4,68,2,0,14,0,13,29,0,1
18,1.5,4.5,0.7857142857,0,1,14,63,2,6,14,0,12,15,0,1
1,1,4,1,2,3,3,32,1,0,8,0,8,22,6,1
0,1,3,0,0,2,2,6,0,0,2,0,2,2,0,1
0,1,4.4,1.6,2,2,2,22,1,0,5,0,5,15,4,1
13,1,2.3333333333,0,0,2,2,7,4,6,3,0,3,4,0,1
1,1,1,0,0,2,1,1,0,0,1,0,0,1,0,1
2,1,45.5,0.25,0,0,4,182,1,0,4,1,3,4,0,1
26,1,1,0,0,1,1,1,0,3,1,0,0,1,0,1
0,1.3333333333,4.6666666667,0.3333333333,1,5,6,28,1,0,6,0,4,7,6,1
1,0,0,0,0,2,0,0,0,1,0,0,0,0,0,1
0,1.5454545455,5.2727272727,0.9090909091,1,4,2,58,1,0,11,0,10,26,2,1
0,1,3.5,0,0,2,2,7,0,0,2,0,2,2,0,1
9,3.1276595745,44.829787234,0.8510638298,18,1,6,2107,9,0,47,1,37,193,108,0
1,1.5714285714,4.7142857143,0.4285714286,3,1,1,33,3,0,7,1,5,23,3,1
0,0,0,0,0,3,0,0,0,0,0,0,0,0,0,1
2,0,0,0,0,3,0,0,0,1,0,0,0,0,0,1
1,0,0,0,0,3,0,0,0,1,0,0,0,0,0,1
24,1,1,0,0,2,10,10,0,6,10,0,9,10,0,1
2,1,1,0,0,0,4,4,0,1,4,0,3,4,0,1
13,1.2631578947,3.5263157895,0.2631578947,5,4,19,67,3,2,19,2,15,27,95,1
1,1,1,1,0,2,1,1,0,1,1,0,1,1,0,1
0,1,2,1,0,1,2,4,0,0,2,0,2,2,0,1
1,1.5,5,1,2,5,1,20,2,0,4,1,4,11,2,1
4,1,4,1,0,5,1,8,1,2,2,1,0,4,0,1
0,1.6666666667,5,0.6666666667,4,6,3,15,0,0,3,0,3,7,12,1
0,3.25,11.5,0.5,5,6,4,46,0,0,4,0,4,14,20,1
0,1.5,6.5,0.5,1,2,1,13,1,0,2,0,0,7,1,1
0,2,5.8888888889,0.8888888889,2,1,9,53,0,0,9,0,9,12,18,1
0,2,4,1.75,1,2,4,16,0,0,4,0,2,5,4,1
0,1,3,0,0,3,2,6,0,0,2,0,2,2,0,1
0,1,3,0,0,2,5,15,0,0,5,0,5,5,0,1
0,8,34,1.6666666667,9,2,2,102,1,0,3,0,2,23,18,1
0,1,3,0.5,0,1,3,12,1,0,4,0,2,6,0,1
2,1.25,4,1.25,0,0,1,16,3,0,4,3,3,14,0,1
1,1,3.3333333333,0.6666666667,1,3,2,10,2,0,3,1,3,7,2,1
9,1,4,0.5,0,0,1,8,0,7,2,0,2,3,0,1
0,1,3,0.3333333333,1,1,1,9,1,0,3,1,3,7,1,1
0,1,3,0.3333333333,1,1,1,9,1,0,3,1,3,7,1,1
0,1,3,0.3333333333,1,1,1,9,1,0,3,1,3,7,1,1
0,1,3,0.3333333333,1,1,1,9,1,0,3,1,3,7,1,1
0,2.25,8.25,1,2,0,2,33,0,0,4,0,2,10,4,1
1,1,1,3,0,2,1,1,0,1,1,0,0,1,0,1
1,2,6.6666666667,1,1,1,1,20,2,0,3,0,2,8,1,1
0,1,4,1.5,0,0,1,8,3,0,2,3,2,8,0,1
1,2.2,9,0.6,0,0,1,45,3,0,5,0,3,13,0,1
2,1,3.3333333333,2.3333333333,0,1,3,10,0,2,3,0,3,3,0,1
0,4,13,4,1,2,1,13,0,0,1,0,1,2,1,1
3,3.1428571429,12.2857142857,1,4,0,1,86,3,0,7,3,7,20,4,1
0,1,3,0.6666666667,0,1,3,9,1,0,3,0,2,3,0,1
2,1.25,4.375,0.625,5,0,2,35,3,0,8,3,6,22,10,1
1,3,11.5,1,1,0,2,23,3,0,2,3,1,7,2,1
2,2.125,5.5,0.625,2,0,2,44,1,0,8,0,8,27,4,1
2,1,1,0.3333333333,0,0,3,3,0,2,3,0,2,3,0,1
2,2,5,0.3333333333,1,1,2,15,1,1,3,0,3,7,2,1
0,1,2,1,0,1,2,4,0,0,2,0,2,2,0,1
0,1,3,0.0526315789,1,3,2,57,1,0,19,0,18,38,2,1
30,1,1,0,0,1,6,6,0,2,6,0,5,6,0,1
0,1,3,0.5,0,1,2,6,0,0,2,0,2,2,0,1
0,1.5,5,1,2,0,3,30,0,0,6,0,4,12,6,1
2,2.6,9.8,1.8,0,0,1,49,1,0,5,0,0,12,0,1
3,1,3.1428571429,0.4285714286,2,0,2,22,3,0,7,2,6,18,4,1
4,1.6363636364,7.1818181818,0.5454545455,7,0,1,79,8,0,11,4,11,49,7,1
1,1.9090909091,5,1,0,0,1,55,3,0,11,3,10,29,0,1
26,1,1,0,0,0,2,2,0,1,2,0,1,2,0,1
4,2,8.5,1.25,2,0,1,34,3,1,4,0,4,15,2,1
2,2.2222222222,6.7777777778,1,0,0,2,61,4,0,9,1,7,31,0,1
1,1.5,3,0,0,1,3,12,0,1,4,0,4,5,0,1
0,1,4,0,0,2,1,4,0,0,1,0,1,1,0,1
13,1.7333333333,5.4,0.6666666667,0,1,1,81,11,0,15,8,12,39,0,1
0,1.3333333333,5,1.3333333333,1,1,3,15,0,0,3,0,3,5,3,1
4,0,0,0,0,2,0,0,0,3,0,0,0,0,0,1
0,2,14,4.5,0,0,2,28,0,0,2,0,2,2,0,1
0,2.0648148148,25.9722222222,0.537037037,13,4,108,2805,26,0,108,11,88,130,1404,0
0,4,22.3333333333,0.6666666667,0,1,3,67,2,0,3,0,2,3,0,1
0,1,3.4285714286,0.5714285714,0,0,7,24,5,0,7,1,6,7,0,1
0,1,1.5,0.75,0,0,4,6,1,0,4,0,3,4,0,1
0,1.6666666667,6.6666666667,0.6666666667,0,0,3,20,2,0,3,0,0,3,0,1
0,0,0,0,0,0,0,0,0,0,0,0,0,0,0,1
0,1,3.3333333333,0.6666666667,0,0,3,10,2,0,3,2,3,3,0,1
0,1,1,0,0,3,4,4,0,0,4,0,4,4,0,1
0,1,3.3333333333,1,0,1,6,20,1,0,6,0,6,6,0,1
0,1,14,1,0,0,1,14,0,0,1,0,1,1,0,1
2,1,1,0.3333333333,0,2,3,3,0,2,3,0,2,3,0,1
0,1.8125,8.8125,0.9375,0,1,16,141,6,0,16,1,15,16,0,1
0,1,1,1,0,0,1,1,0,0,1,0,0,1,0,1
0,1.6666666667,5,0.3333333333,0,0,1,15,2,0,3,0,0,6,0,1
1,1.125,4.625,0.875,2,3,2,37,1,0,8,0,8,21,4,1
0,1,3,0.6666666667,0,2,3,9,0,0,3,0,3,3,0,1
0,1,3.625,0.875,2,2,1,29,1,0,8,0,8,22,2,1
54,1,1,0,0,0,1,1,1,17,1,1,0,1,0,1
6,1,1,0.5,0,4,4,4,0,3,4,0,3,4,0,1
6,1.4,4,1.4,1,2,3,20,0,6,5,0,3,12,3,1
7,1.4814814815,5.1111111111,1.2222222222,5,4,4,138,14,3,27,0,26,85,20,1
0,1.3333333333,6,1,0,1,1,36,1,0,6,0,5,13,0,1
2,2,6,1,0,2,2,12,0,2,2,0,2,2,0,1
0,1,3,0,0,1,1,3,1,0,1,0,1,1,0,1
2,1,1,0.5,0,0,2,2,0,1,2,0,1,2,0,1
0,1,3.3333333333,1,0,2,1,10,2,0,3,0,3,7,0,1
1,1.2857142857,3.7142857143,1.4285714286,1,4,7,26,1,0,7,0,7,14,7,1
1,1,4,1.1111111111,2,3,3,36,1,0,9,0,9,25,6,1
0,1,3,0,0,2,2,6,0,0,2,0,2,2,0,1
1,1.8571428571,6,1.2857142857,2,2,1,42,1,0,7,1,7,21,2,1
3,1.4444444444,4.3333333333,0.6666666667,3,3,3,39,2,1,9,0,7,20,9,1
28,1,1,1.2857142857,0,1,7,7,1,2,7,1,6,7,0,1
2,1.125,5.5,0.5,5,0,2,44,5,0,8,0,4,30,10,1
1,1,5,1.2,1,0,3,25,2,0,5,0,5,10,3,1
3,1,4.4,0.8,0,0,1,22,3,0,5,0,5,14,0,1
5,1,1,0,0,3,1,1,0,3,1,0,0,1,0,1
2,1,2.375,0.75,0,1,7,19,0,2,8,0,6,9,0,1
0,1,2,0.5,0,1,2,4,0,0,2,0,2,2,0,1
0,1.3333333333,3.6666666667,0.6666666667,0,1,2,11,0,0,3,0,3,4,0,1
0,1.375,4.6875,1.0625,3,4,10,75,2,0,16,0,15,32,30,1
0,1,3,0,0,2,1,3,0,0,1,0,1,1,0,1
9,2.25,50.25,0.3571428571,7,3,6,1407,9,0,28,2,24,73,42,0
0,1.5,4.5,0,2,4,1,9,0,0,2,0,2,5,2,1
5,1.3846153846,5.5384615385,1.4615384615,1,1,13,72,0,0,13,0,11,14,13,1
13,1,3.5,0.25,1,0,2,14,1,2,4,1,3,10,2,1
0,2,9.75,0.5,4,1,2,39,1,0,4,0,3,16,8,1
7,1.1818181818,4.7272727273,0.3636363636,3,1,4,52,3,4,11,2,5,28,12,1
4,1,3,0,0,0,2,6,1,4,2,1,2,3,0,1
0,1,3,0.3333333333,0,1,1,9,1,0,3,1,3,6,0,1
0,1,3,0,0,1,1,3,0,0,1,0,1,1,0,1
0,0,0,0,0,1,0,0,0,0,0,0,0,0,0,1
0,1,3,0.5,0,1,1,6,1,0,2,1,2,4,0,1
1,1.25,4.5,0.375,3,2,1,36,2,0,8,1,5,22,3,1
0,1.1818181818,4.9090909091,0.4545454545,5,2,2,54,2,0,11,1,5,35,10,1
0,1,3,0.6666666667,4,2,6,18,0,0,6,0,2,11,24,1
0,1.125,4.875,0.5,6,2,4,39,0,0,8,0,3,22,24,1
0,1.25,3,0.75,0,0,1,12,2,0,4,2,3,10,0,1
0,1,3,0,0,2,1,3,0,0,1,0,1,1,0,1
6,2.5,10.1875,0.375,2,0,2,163,8,0,16,2,13,49,4,1
6,1.2857142857,4.5714285714,0.1428571429,1,0,2,32,4,0,7,4,6,17,2,1
3,1.5,7,1.5,0,0,1,14,4,1,2,4,2,7,0,1
0,2.0833333333,8.75,0.5,5,1,3,105,7,0,12,7,11,38,15,1
0,3.4,19.2,0.2,0,2,3,96,6,0,5,1,4,13,0,1
0,1,14,3,0,1,1,14,0,0,1,0,1,1,0,1
0,1,13,4,0,1,1,13,0,0,1,0,1,1,0,1
13,1.9302325581,19.0465116279,0.6744186047,5,3,8,819,8,0,43,0,36,111,40,0
0,0,0,0,0,0,0,0,1,0,0,1,0,0,0,1
9,1,3,0.75,1,1,3,12,1,4,4,0,3,7,3,1
4,1,2.25,0.5,0,1,4,9,0,3,4,0,2,4,0,1
13,1.4166666667,5.125,0.7291666667,7,3,11,246,12,5,48,6,44,126,77,0
1,1.625,4.25,0.5,0,0,7,34,3,0,8,0,6,9,0,1
0,3,9.125,0.625,2,0,3,73,2,0,8,2,6,24,6,1
5,1,2.4,0.2,0,1,5,12,0,5,5,0,3,5,0,1
5,1,1,0.8571428571,0,1,7,7,0,3,7,0,6,7,0,1
0,1.6,13.6,0.9,0,1,10,136,7,0,10,1,3,10,0,1
0,2,8,0,0,0,4,32,0,0,4,0,1,4,0,1
0,3.375,12.875,0.875,3,4,2,103,6,0,8,1,3,29,6,1
0,1,3,1,0,1,1,3,1,0,1,0,1,1,0,1
4,2,6.5,0.5,3,2,1,26,3,2,4,1,4,14,3,1
0,1.4545454545,5.3636363636,0.9090909091,3,1,11,59,4,0,11,0,2,15,33,1
0,3,19.5,0,0,0,2,39,1,0,2,0,2,2,0,1
0,0,0,0,0,2,0,0,0,0,0,0,0,0,0,1
0,1,3,1,0,0,3,9,0,0,3,0,2,3,0,1
0,1,5,0,0,1,1,5,1,0,1,0,1,1,0,1
0,1,3,1,0,2,1,3,1,0,1,1,1,2,0,1
0,1.2,3,0.4,1,3,4,15,1,0,5,1,5,8,4,1
0,1,2,1,0,0,1,4,0,0,2,0,0,3,0,1
1,1.8333333333,8,0.5,0,1,1,48,3,0,6,1,5,14,0,1
0,3,10,2,0,1,1,10,1,0,1,0,1,1,0,1
1,1,3,0,0,4,1,3,1,0,1,1,1,2,0,1
10,1,3,0.25,0,1,4,24,2,5,8,1,8,13,0,1
1,0,0,0,0,2,0,0,3,0,0,1,0,0,0,1
0,2,7.8,0.4,1,1,1,39,1,0,5,0,3,12,1,1
0,1,3,0,0,1,1,3,1,0,1,0,1,1,0,1
0,2,8.6666666667,0.6666666667,0,2,3,26,1,0,3,1,3,3,0,1
0,3,15,0,0,1,1,15,2,0,1,0,1,2,0,1
0,1,3,0.2,0,1,5,15,0,0,5,0,5,5,0,1
0,1.2,3,0.4,1,3,4,15,1,0,5,1,5,8,4,1
0,3,13,2,0,1,1,13,1,0,1,0,1,1,0,1
1,2.7333333333,14.4666666667,0.8666666667,0,1,6,217,8,0,15,0,15,42,0,1
1,1.9333333333,11.6,1,0,1,3,174,14,0,15,3,14,56,0,1
0,1,3,0,0,0,1,6,2,0,2,0,2,4,0,1
0,1,3.3333333333,0.6666666667,0,0,1,10,1,0,3,0,3,6,0,1
0,3.7272727273,25.1818181818,1.3636363636,4,4,4,277,4,0,11,1,6,30,16,1
0,1,3,0,0,4,1,3,0,0,1,0,1,1,0,1
0,1,3,0.3333333333,0,4,2,9,1,0,3,0,2,5,0,1
0,1.6,9.2,2.6,2,2,3,46,4,0,5,0,5,13,6,1
0,1,3.5,1,0,2,2,7,0,0,2,0,2,2,0,1
1,2,15,1.75,2,0,2,60,0,0,4,0,2,12,4,1
0,2,9.6666666667,1,2,0,1,29,0,0,3,0,0,10,2,1
0,1,5.75,1,1,2,1,23,2,0,4,2,4,11,1,1
0,1,3,0,0,2,1,3,1,0,1,1,1,1,0,1
0,2.4545454545,47.5454545455,0.9090909091,2,2,2,523,2,0,11,2,5,28,4,1
0,1,3,0,0,1,1,3,0,0,1,0,1,1,0,1
0,1.125,3.75,1.375,0,1,6,30,2,0,8,0,7,13,0,1
0,2.4,15.4,1.8,2,1,1,77,1,0,5,0,4,14,2,1
1,2,4.75,0.75,1,1,4,19,0,0,4,0,4,6,4,1
0,0,0,0,0,0,0,0,0,0,0,0,0,0,0,1
4,1.4,4.1,0.6,2,1,6,41,1,1,10,0,8,20,12,1
0,0,0,0,0,2,0,0,0,0,0,0,0,0,0,1
1,1.1428571429,5.7142857143,0.8571428571,0,1,6,40,1,0,7,0,5,9,0,1
11,2.76,16.28,0.8,8,3,7,407,10,2,25,4,21,75,56,0
0,2.5,9,0.8333333333,1,0,5,54,1,0,6,0,3,11,5,1
0,1,3.5,1,0,0,1,7,2,0,2,2,2,5,0,1
0,0,0,0,0,0,0,0,1,0,0,0,0,0,0,1
0,3.5,18,1.5,0,1,2,36,2,0,2,0,1,2,0,1
6,1,1,1.25,0,1,4,4,0,3,4,0,4,4,0,1
11,1.575,5.775,0.35,4,0,3,231,12,0,40,3,37,104,12,1
0,1.6,5.8,0.2,0,0,1,29,3,0,5,3,5,14,0,1
9,1.6,6,0.6,0,0,3,30,3,3,5,1,4,8,0,1
0,1.8,9,2.7333333333,1,1,1,135,6,0,15,0,10,44,1,1
0,2.5,11,1.5,0,0,1,22,2,0,2,0,2,6,0,1
0,1.5,6,0.25,0,1,1,24,1,0,4,0,4,8,0,1
0,2,24.6666666667,0.75,1,1,3,296,9,0,12,3,11,39,3,1
1,1,1,0,0,0,1,1,0,0,1,0,0,1,0,1
0,1.3333333333,6.6666666667,1.3333333333,0,1,2,20,1,0,3,0,3,5,0,1
0,1,1,0,0,0,1,1,0,0,1,0,0,1,0,1
0,1.5,5.375,2,0,1,5,43,2,0,8,0,0,16,0,1
1,2.6923076923,10.6153846154,1.1538461538,1,0,9,138,5,0,13,0,8,41,9,1
1,1.3636363636,4,1.9090909091,0,0,3,44,12,0,11,0,0,28,0,1
1,2.75,8.25,0.75,0,0,1,33,1,0,4,0,4,8,0,1
0,1.1111111111,3.1111111111,0.3333333333,1,4,6,28,1,0,9,0,5,14,6,1
1,2,7,0.3333333333,1,0,1,21,3,0,3,0,2,12,1,1
0,1.6666666667,4.3333333333,0.6666666667,0,0,1,13,1,0,3,0,3,6,0,1
0,1,2.5,0.75,0,1,2,10,1,0,4,1,4,6,0,1
1,1,1,0,0,0,8,8,0,1,8,0,7,8,0,1
2,1,1,2,0,0,1,1,0,2,1,0,1,1,0,1
0,1.125,3.125,0.25,0,0,8,25,1,0,8,1,7,8,0,1
0,1.4285714286,5,0.1428571429,1,1,7,35,1,0,7,0,5,8,7,1
0,1,1,0,0,0,2,2,0,0,2,0,1,2,0,1
0,1,3.25,0.5,0,1,1,13,6,0,4,4,4,9,0,1
0,1,3,0.5,0,1,2,6,0,0,2,0,1,2,0,1
0,1,3,2,0,1,1,3,0,0,1,0,1,1,0,1
3,1.1666666667,3.5,2.3333333333,2,2,6,21,0,3,6,0,5,8,12,1
0,1,3,0.6666666667,0,1,3,9,0,0,3,0,3,3,0,1
3,1.1666666667,3.5,0.6666666667,0,1,1,21,7,0,6,6,6,14,0,1
0,2.3333333333,7,2.6666666667,0,0,2,21,1,0,3,1,3,4,0,1
11,1.6538461538,5.3846153846,1.7692307692,2,1,15,140,3,4,26,2,21,41,30,0
0,1.4285714286,5,0.8571428571,0,1,7,35,3,0,7,2,5,7,0,1
2,1,3,0,0,2,3,9,1,1,3,1,3,3,0,1
0,0,0,0,0,3,0,0,0,0,0,0,0,0,0,1
0,1.5,6,1.5,0,0,1,12,1,0,2,1,2,3,0,1
0,1.8,3.6,1.2,0,1,5,18,0,0,5,0,2,5,0,1
0,2,4,1.5,0,1,1,16,1,0,4,0,4,8,0,1
2,3.3333333333,11.6666666667,1.1666666667,2,0,2,70,2,0,6,0,1,14,4,1
4,1,2.5,1.5,0,0,2,5,2,2,2,0,0,4,0,1
0,2.5,9,2,2,1,1,18,1,0,2,0,1,7,2,1
0,1.5,5.5,2,2,1,1,11,1,0,2,0,1,7,2,1
1,1,1,0,0,0,1,1,0,0,1,0,0,1,0,1
0,3.875,17.5,2.25,5,0,2,140,0,0,8,0,6,23,10,1
1,1,3,0,0,0,1,3,1,0,1,1,1,2,0,1
0,1,3,1,0,0,1,3,1,0,1,1,1,1,0,1
1,1.3333333333,6,0.6666666667,0,0,1,18,1,0,3,0,3,6,0,1
86,1,1,0,0,1,1,1,0,2,1,0,0,1,0,1
4,1,1,2,0,0,2,2,1,3,2,1,1,2,0,1
7,1.3,4.2,1.5,0,0,2,42,2,0,10,0,10,20,0,1
90,1,1,0,0,0,3,3,0,1,3,0,2,3,0,1
0,1,11,2.6666666667,1,0,3,33,0,0,3,0,3,4,3,1
2,1.8571428571,6.7142857143,0.7142857143,1,0,2,47,3,0,7,1,5,22,2,1
0,1.75,6.5,1.75,1,1,1,26,2,0,4,0,4,14,1,1
2,1.8333333333,9.5,1.1666666667,3,2,4,57,0,2,6,0,4,12,12,1
0,1,5,2,0,1,2,10,0,0,2,0,0,2,0,1
0,3,12,0,0,1,1,12,1,0,1,0,1,1,0,1
59,1,1,0.6666666667,0,0,3,3,0,11,3,0,2,3,0,1
0,1,4,2.5,1,1,1,8,2,0,2,2,2,7,1,1
0,1,27,3,0,1,1,27,0,0,1,0,1,1,0,1
13,1.3333333333,3,1.3333333333,0,0,2,9,4,1,3,3,3,4,0,1
1,1.5,5.5,1,0,1,1,11,1,0,2,0,2,4,0,1
0,1.6666666667,9,2,0,1,3,27,1,0,3,0,0,4,0,1
7,1,2.6363636364,0.7272727273,3,1,5,29,2,3,11,2,11,20,15,1
0,1,3,0,1,2,3,9,1,0,3,0,2,5,3,1
0,1,3,0.6666666667,1,1,3,9,0,0,3,0,3,4,3,1
0,3,19.6666666667,1.3333333333,0,1,2,59,2,0,3,0,3,5,0,1
0,1.7142857143,6.1428571429,1,0,1,1,43,2,0,7,0,7,17,0,1
2,1,1,0,0,0,1,1,0,0,1,0,1,1,0,1
0,1.375,4.5,0.25,0,1,5,36,2,0,8,0,8,13,0,1
0,3.8,15.2,1,1,1,3,76,1,0,5,0,4,10,3,1
5,1.4,4.9,0.9,1,1,5,49,1,2,10,0,9,18,5,1
0,1.4,4.8,0.8,0,1,5,24,2,0,5,0,4,5,0,1
0,3,12.1666666667,1.1666666667,0,2,1,73,4,0,6,0,3,17,0,1
0,1,3.3333333333,0.6666666667,0,1,3,10,0,0,3,0,3,3,0,1
0,1.0909090909,4.1818181818,1,0,1,1,46,8,0,11,0,10,30,0,1
1,1,1.6666666667,0,0,1,3,5,0,0,3,0,3,3,0,1
2,1.5,4.7,0.1,3,0,5,47,0,0,10,0,10,19,15,1
0,1.6666666667,7,1.3333333333,1,1,1,21,1,0,3,1,3,8,1,1
1,1,3.25,0.75,2,2,1,13,1,0,4,0,3,10,2,1
1,1,22.3333333333,0,0,2,3,67,2,1,3,1,2,4,0,1
5,2.125,7.625,1,1,2,2,61,4,1,8,1,6,20,2,1
0,2,5,2,1,2,1,5,0,0,1,0,0,2,1,1
1,2.25,11,1.5,1,1,3,44,0,1,4,0,3,10,3,1
0,1.7,7.6,0.9,3,1,8,76,0,0,10,0,6,16,24,1
0,1,2,0,0,0,1,4,0,0,2,0,2,3,0,1
0,3.5,11,1.5,1,1,2,22,0,0,2,0,2,3,2,1
0,4,42,3,0,1,1,42,0,0,1,0,1,1,0,1
0,2.2,13,1.2,3,1,2,65,6,0,5,3,5,19,6,1
2,1.962962963,7.9259259259,1.4444444444,7,3,10,214,7,0,27,1,20,80,70,1
1,1,3.1,0.2,1,0,7,31,7,0,10,7,10,23,7,1
2,1,3.1538461538,0.2307692308,3,2,9,41,2,0,13,0,9,24,27,1
0,1.5,4,1.5,2,0,2,8,0,0,2,0,1,5,4,1
0,2,7,0.75,0,2,3,28,0,0,4,0,4,5,0,1
0,1.25,3.75,0,0,3,4,15,0,0,4,0,4,4,0,1
0,1,3,0,0,1,2,6,0,0,2,0,2,2,0,1
2,1,1,0,0,1,1,1,0,1,1,0,0,1,0,1
0,1.9,10.2,1.3,4,3,3,102,10,0,10,7,7,42,12,1
0,2,8.4,0.8,0,1,5,42,3,0,5,2,3,5,0,1
0,4,24,1,3,2,1,24,0,0,1,0,1,4,3,1
1,1,4.25,1.25,0,1,4,17,2,0,4,0,3,4,0,1
0,4.5,26.5,1.5,0,1,2,53,0,0,2,0,2,2,0,1
0,0,0,0,0,3,0,0,0,0,0,0,0,0,0,1
0,1.2,5.4,0.4,1,2,4,27,1,0,5,1,5,8,4,1
1,2,8.2,0.4,0,1,1,41,1,0,5,0,5,10,0,1
0,2,9.75,0.5,2,2,4,39,1,0,4,1,4,9,8,1
0,1.6666666667,8,1,0,1,2,24,1,0,3,0,3,5,0,1
0,4,18.5,0,0,1,2,37,0,0,2,0,2,2,0,1
6,1.25,4.3125,1,1,0,3,69,19,0,16,17,15,48,3,1
1,1.3333333333,4.8333333333,0.5,0,0,3,58,6,0,12,2,10,29,0,1
0,2.5,9,0.5,1,3,2,18,1,0,2,1,2,3,2,1
0,1.25,4.5,1,1,2,3,18,1,0,4,0,3,7,3,1
1,1.75,4,2,0,1,1,16,1,0,4,1,4,8,0,1
0,0,0,0,0,0,0,0,0,0,0,0,0,0,0,1
13,1.2777777778,5.7222222222,0.7777777778,3,1,13,103,5,4,18,3,15,29,39,0
0,0,0,0,0,0,0,0,1,0,0,0,0,0,0,1
0,1,5,0.4,1,2,5,25,0,0,5,0,4,7,5,1
4,1,4.625,0.875,0,0,2,37,3,0,8,3,7,18,0,1
4,4.2,13.6,1.6,1,1,3,68,1,2,5,0,2,13,3,1
0,2.4,6.4,1.8,3,2,2,32,3,0,5,0,4,15,6,1
0,1,3.5,0.75,0,0,1,14,3,0,4,3,4,10,0,1
0,1,4,1.5,0,1,2,8,0,0,2,0,0,2,0,1
0,2,6.6666666667,1.3333333333,0,1,3,20,0,0,3,0,3,3,0,1
1,1.5,5,1,0,1,1,10,1,0,2,0,2,4,0,1
0,1,3,1.6666666667,0,1,3,9,0,0,3,0,3,3,0,1
0,1.3333333333,5,0.3333333333,0,6,3,15,0,0,3,0,3,3,0,1
0,1.4,4.6,0.8,1,4,1,23,1,0,5,0,2,11,1,1
0,1.4,4,3.8,1,5,4,20,1,0,5,0,4,22,4,1
0,1.8,18.6,5,2,0,4,93,1,0,5,0,5,10,8,1
4,1,2.6,0.6,1,3,6,26,3,1,10,3,9,17,6,1
0,2,7.3333333333,1,0,1,2,22,3,0,3,1,3,7,0,1
0,1,3,1.5,0,2,1,6,1,0,2,1,2,4,0,1
0,1,3,0,0,2,1,3,0,0,1,0,1,1,0,1
0,3,19,1,4,2,2,95,3,0,5,0,4,17,8,1
0,1.5,4.5,0.5,0,1,2,9,0,0,2,0,2,2,0,1
3,1,2,1,0,1,2,4,0,2,2,0,2,2,0,1
2,1,3,0,0,1,1,3,0,2,1,0,1,1,0,1
8,1.125,3.375,1.625,1,1,5,27,1,5,8,1,7,12,5,1
0,1,3,1,1,2,2,21,1,0,7,0,7,17,2,1
2,1,2.25,1,0,1,5,18,0,1,8,0,8,11,0,1
0,2.5,8.5,0,2,3,2,17,1,0,2,0,1,5,4,1
0,3,11.3333333333,0.3333333333,1,4,2,34,6,0,3,1,2,14,2,1
0,1,3,0,0,1,1,3,1,0,1,0,1,1,0,1
0,1,3,1.4,1,2,1,15,1,0,5,0,4,13,1,1
0,3,8,0,0,1,1,8,0,0,1,0,1,1,0,1
0,1,3,8.5,1,5,2,6,0,0,2,0,2,15,2,1
0,1,3,0,0,3,1,3,0,0,1,0,1,1,0,1
0,1.4,4,1.2,1,1,2,20,1,0,5,0,4,10,2,1
0,1.5,7,0,0,2,2,14,0,0,2,0,2,2,0,1
0,1,3.3333333333,0.6666666667,0,0,1,10,2,0,3,2,3,7,0,1
1,1,1,0,0,0,1,1,0,1,1,0,0,1,0,1
0,1,3.25,1,0,2,4,13,3,0,4,3,4,6,0,1
4,1.4444444444,4.4444444444,0.6666666667,0,1,8,40,1,1,9,1,7,10,0,1
1,1,2.6666666667,0.6666666667,0,1,3,8,0,0,3,0,3,3,0,1
0,1.4,3.8,1.6,1,2,5,19,0,0,5,0,4,6,5,1
2,1,2.5,0.5,0,1,2,5,0,2,2,0,0,2,0,1
0,3.5,28,1.25,5,0,1,112,9,0,4,0,1,31,5,1
1,1.25,3.75,0.75,0,0,1,15,3,0,4,3,4,10,0,1
0,1.3333333333,4,0,0,3,3,12,2,0,3,2,2,5,0,1
0,1,1,2,0,0,1,1,0,0,1,0,0,1,0,1
7,2,4,1,0,0,1,4,0,7,1,0,1,1,0,1
0,1,3,0.3333333333,0,1,1,9,1,0,3,1,2,6,0,1
0,1,3,0.3333333333,0,1,1,9,1,0,3,1,3,6,0,1
0,1,3,0,0,1,1,3,0,0,1,0,1,1,0,1
0,1.3333333333,3.6666666667,0.3333333333,0,1,1,11,1,0,3,1,3,6,0,1
0,1.7777777778,16.4444444444,0.5555555556,2,1,2,148,10,0,9,0,6,36,4,1
4,2.0322580645,9.4838709677,0.8709677419,6,5,23,294,12,1,31,0,26,62,138,0
0,2,4,0,0,1,1,4,0,0,1,0,1,1,0,1
0,1,3,0,0,1,1,3,0,0,1,0,1,1,0,1
0,1,3,0,0,1,1,3,0,0,1,0,1,1,0,1
0,0,0,0,0,0,0,0,1,0,0,0,0,0,0,1
0,4,22,0,0,1,1,22,1,0,1,0,1,1,0,1
1,1.75,5.875,1,1,0,2,47,3,0,8,0,5,21,2,1
1,1.1428571429,3.5714285714,0.2857142857,0,0,1,25,5,0,7,5,6,19,0,1
1,1,3.5,0.5,0,0,1,14,1,0,4,1,3,8,0,1
3,2.4285714286,7.5714285714,0.4285714286,0,0,2,53,5,0,7,0,7,20,0,1
1,1,1,1,0,0,1,1,0,1,1,0,0,1,0,1
0,1,3,1,0,1,1,3,0,0,1,0,1,1,0,1
0,2.5,7,1.5,0,0,2,14,0,0,2,0,2,2,0,1
0,1,3,0,0,2,1,3,0,0,1,0,1,1,0,1
0,1.5,7,1.5,1,2,1,28,3,0,4,0,2,12,1,1
0,2,4.5,1.5,2,1,2,9,0,0,2,0,2,5,4,1
0,1,3,0,0,1,1,3,0,0,1,0,1,1,0,1
0,2,5.5,1.5,2,1,2,11,1,0,2,1,2,5,4,1
0,1,3,0,0,1,1,3,0,0,1,0,1,1,0,1
0,2,10.6666666667,1.3333333333,1,2,1,32,2,0,3,0,2,9,1,1
0,1,3,1.5,2,1,2,6,1,0,2,1,2,4,4,1
0,1,3,0,0,1,1,3,0,0,1,0,1,1,0,1
0,1,3,1.5,2,1,2,6,1,0,2,1,2,4,4,1
0,1,3,0,0,1,1,3,0,0,1,0,1,1,0,1
0,1,3,1.5,2,1,2,6,1,0,2,1,2,4,4,1
0,1,3,0,0,1,1,3,0,0,1,0,1,1,0,1
1,2.7272727273,14.8181818182,1.0909090909,7,3,1,163,5,0,11,0,10,60,7,1
1,1,3.1111111111,0.5555555556,0,1,8,28,1,0,9,0,8,11,0,1
1,1.2222222222,4.7777777778,1.1111111111,2,2,4,43,2,0,9,0,7,30,8,1
0,1.6666666667,5.3333333333,0.5,0,1,6,32,0,0,6,0,6,6,0,1
0,1,2,1,0,0,2,4,0,0,2,0,1,2,0,1
0,1,3,1,0,3,1,3,0,0,1,0,1,1,0,1
0,1,3,0.5,0,0,2,6,0,0,2,0,2,2,0,1
4,2.0714285714,8.7857142857,1.5,3,4,3,123,7,0,14,1,13,47,9,1
0,1.2,4,1.2,1,1,5,20,0,0,5,0,5,7,5,1
1,1,3,0.5,2,4,4,12,0,0,4,0,2,7,8,1
0,1,3,0.75,1,1,4,12,0,0,4,0,4,5,4,1
12,1,3,0.5,0,2,4,12,0,10,4,0,4,4,0,1
47,1,1,1.4,0,0,5,5,2,3,5,2,4,5,0,1
23,1.5714285714,4.7142857143,1.8571428571,0,1,6,33,0,2,7,0,7,8,0,1
0,2,6.5,1,0,1,4,26,0,0,4,0,3,4,0,1
0,0,0,0,0,0,0,0,0,0,0,0,0,0,0,1
3,1.9375,7.75,1.3125,4,4,6,124,3,0,16,0,15,37,24,1
0,2.1428571429,7.4285714286,1.1428571429,2,1,7,52,0,0,7,0,7,9,14,1
0,5,16,3,1,2,1,16,0,0,1,0,1,3,1,1
0,1.2222222222,4,1.8888888889,0,1,8,36,0,0,9,0,9,10,0,1
0,1.5,4.5,2,0,1,2,9,0,0,2,0,2,2,0,1
1,1,2,0.6666666667,0,1,3,6,0,0,3,0,1,3,0,1
0,5,18,1,1,0,1,18,1,0,1,1,1,2,1,1
6,1.8,6.7,1,2,3,3,67,1,2,10,0,8,21,6,1
1,2.5,18.8333333333,1.5,4,4,2,113,4,0,6,0,5,20,8,1
0,1,3,1,0,1,5,15,0,0,5,0,5,5,0,1
1,2.2857142857,8.0714285714,0.5,2,3,5,113,3,0,14,0,13,36,10,1
0,1,3,1,0,1,3,9,0,0,3,0,3,3,0,1
3,1.4444444444,6.3333333333,1,4,4,6,57,2,0,9,0,7,21,24,1
2,1.3333333333,3.5,0.3333333333,0,2,2,21,0,2,6,0,4,10,0,1
0,2,7.6666666667,0.3333333333,2,3,1,23,1,0,3,0,1,9,2,1
0,1,3,0.3333333333,1,3,1,9,1,0,3,0,1,7,1,1
0,1,3.3333333333,1,1,1,3,10,0,0,3,0,3,4,3,1
3,1.8571428571,6.619047619,0.4761904762,3,2,1,278,15,0,42,0,33,134,3,1
2,1.64,5.64,0.4,3,3,3,141,7,0,25,0,23,68,9,1
0,2.2857142857,11.8571428571,0.4285714286,1,0,1,83,1,0,7,0,7,18,1,1
0,1.3333333333,25.6666666667,0.3333333333,2,1,1,77,1,0,3,0,0,11,2,1
1,1.375,4.75,0.375,1,0,2,38,2,0,8,0,7,23,2,1
0,1,5.2,1,0,2,4,26,1,0,5,0,5,7,0,1
0,1.5,11.5,3,1,0,1,23,4,0,2,0,1,11,1,1
2,1.6153846154,8,1.5384615385,4,4,6,104,5,0,13,0,11,34,24,1
0,1.2,5.4,1,1,1,5,27,0,0,5,0,5,9,5,1
2,1.6923076923,6.4230769231,0.3461538462,3,4,2,167,7,0,26,0,23,74,6,1
3,2,8.5555555556,0.8888888889,2,1,1,154,10,0,18,0,11,52,2,1
0,1,3,1,0,2,1,3,0,0,1,0,1,1,0,1
0,1,2,2,0,1,2,4,0,0,2,0,2,2,0,1
2,1.7857142857,22.1428571429,0.5,4,1,2,310,7,0,14,0,11,50,8,1
0,1,1,1,0,0,1,1,0,0,1,0,1,1,0,1
0,4,16,2,0,1,1,16,2,0,1,0,1,3,0,1
5,2.2272727273,8.4545454545,1.4090909091,0,1,3,186,6,1,22,1,16,64,0,1
0,1,3,0,0,1,1,3,0,0,1,0,1,1,0,1
4,1,1,2,0,0,1,1,0,1,1,0,0,1,0,1
0,1,7.5,3.5,1,2,1,15,1,0,2,0,2,13,1,1
6,2.5,11.0833333333,1.5833333333,1,1,4,133,6,3,12,1,3,30,4,1
0,5.3333333333,38,2.6666666667,3,2,2,114,0,0,3,0,3,17,6,1
0,3,17,3,1,2,2,34,0,0,2,0,2,12,2,1
1,2.75,10.5,0.75,1,1,2,42,4,1,4,1,3,11,2,1
2,1.1666666667,4.5,0.5,1,4,2,27,10,0,6,5,6,15,2,1
0,1.7142857143,7,1.1428571429,1,1,9,245,10,0,35,0,32,91,9,1
1,1.5,5,0.5,1,2,1,10,1,0,2,0,2,5,1,1
0,1,3,1,1,2,3,9,0,0,3,0,3,5,3,1
0,1.5,2.5,1.5,1,0,2,5,0,0,2,0,1,6,2,1
1,1,3,0.25,0,2,4,12,1,0,4,1,4,5,0,1
0,3,12.4285714286,2.7142857143,3,1,2,87,4,0,7,0,4,35,6,1
4,2.0769230769,11.5384615385,1.9230769231,4,3,1,150,9,0,13,7,11,58,4,1
0,3.5,15.5,1.5,0,1,1,31,1,0,2,0,2,4,0,1
0,1,3.2857142857,0.5714285714,1,1,6,23,2,0,7,1,7,11,6,1
2,2.2727272727,7.7272727273,1.1818181818,2,2,5,85,5,0,11,3,10,36,10,1
0,1.6666666667,5.6666666667,0.5,1,1,6,34,0,0,6,0,6,8,6,1
0,1,2,1,0,1,2,4,0,0,2,0,1,2,0,1
0,1,3,1,0,3,1,3,0,0,1,0,1,1,0,1
0,1,3,0.5,0,0,2,6,0,0,2,0,2,2,0,1
1,1,1,0,0,0,1,1,0,1,1,0,0,1,0,1
1,1,2,0,0,3,2,4,0,1,2,0,1,2,0,1
10,1,2.8333333333,0.6666666667,0,2,6,17,0,2,6,0,5,6,0,1
6,1,2,0,0,3,2,4,0,6,2,0,1,2,0,1
1,1.8571428571,6.2857142857,0.5714285714,3,4,3,44,0,0,7,0,3,16,9,1
1,1.1111111111,3.5555555556,0.7777777778,1,1,6,32,1,0,9,0,9,14,6,1
0,1.5925925926,7.8148148148,0.5925925926,3,3,27,211,2,0,27,1,19,33,81,1
2,1.2666666667,4.4,0.6,0,1,4,66,4,1,15,1,9,36,0,1
1,1,4,2,0,0,1,4,2,0,1,2,1,3,0,1
0,1,3.3333333333,0.6666666667,0,0,3,10,2,0,3,2,3,3,0,1
1,1,3.6666666667,1.3333333333,0,4,2,11,1,0,3,1,3,5,0,1
1,1.9333333333,7.1333333333,0.3333333333,1,1,6,107,8,0,15,0,11,37,6,1
0,1,3,2,1,1,1,3,0,0,1,0,1,2,1,1
0,1.8,5.6,1,1,1,5,28,0,0,5,0,5,6,5,1
0,3,20,3.5,0,2,1,40,2,0,2,1,1,4,0,1
0,1,3.5,1,3,2,4,14,0,0,4,0,3,7,12,1
2,1,1,0,0,3,1,1,0,2,1,0,1,1,0,1
0,1.0952380952,3.380952381,0.1428571429,1,2,18,71,5,0,21,1,21,29,18,1
4,1,1.6666666667,0,0,2,3,5,0,2,3,0,3,3,0,1
21,1.7666666667,7.1666666667,0.4,1,0,9,215,4,1,30,0,28,61,9,1
0,1,1,0.1304347826,0,3,23,23,0,0,23,0,23,23,0,1
14,1.375,4.5,0.1666666667,2,1,18,108,0,3,24,0,24,41,36,0
0,1.85,7.775,0.5,4,4,16,311,13,0,40,0,38,101,64,1
0,1.3333333333,4.3333333333,1.3333333333,2,2,2,13,1,0,3,0,3,10,4,1
2,1,2.5,1,0,1,4,10,0,2,4,0,4,4,0,1
0,1.8888888889,7.8888888889,0.7777777778,0,2,5,71,2,0,9,1,9,15,0,1
0,1.6666666667,4,0.6666666667,0,1,2,12,1,0,3,1,3,4,0,1
3,2,9.2,0.2,0,0,2,46,6,0,5,1,4,16,0,1
0,3.2222222222,19.5555555556,1.3333333333,3,0,1,176,2,0,9,0,2,39,3,1
0,1,3,0,0,1,1,3,0,0,1,0,1,1,0,1
0,1.5,6.5,1.5,2,2,1,26,2,0,4,0,4,17,2,1
0,1.6666666667,5.6666666667,0.6666666667,0,0,3,17,0,0,3,0,3,3,0,1
3,2.3333333333,8.6666666667,1.1666666667,3,2,3,52,1,2,6,1,3,23,9,1
0,1.25,3.5,0,1,0,4,14,0,0,4,0,2,6,4,1
0,1,3,0.5,0,0,1,6,1,0,2,1,2,4,0,1
1,1,3,0.5,0,0,4,18,3,0,6,3,6,11,0,1
0,7,25,3,3,2,1,25,1,0,1,0,1,6,3,1
1,1.5,4,0.5,0,1,2,16,1,0,4,1,4,7,0,1
0,1,3,0,0,2,1,3,0,0,1,0,1,1,0,1
0,5.8571428571,36.1428571429,2.8571428571,3,2,1,253,3,0,7,2,4,30,3,1
2,1,1,1.4,0,0,5,5,0,2,5,0,4,5,0,1
0,1.1428571429,3.4285714286,1.2857142857,1,1,6,24,1,0,7,0,5,10,6,1
0,1,3,1,0,0,1,3,0,0,1,0,0,1,0,1
0,0,0,0,0,0,0,0,1,0,0,1,0,0,0,1
0,0,0,0,0,0,0,0,2,0,0,2,0,0,0,1
0,0,0,0,0,0,0,0,2,0,0,2,0,0,0,1
0,1.4,4.8,0.6,0,0,5,24,0,0,5,0,5,5,0,1
0,1.5,4,0,1,2,2,8,0,0,2,0,2,3,2,1
0,1.3333333333,3.6666666667,1,0,1,6,22,0,0,6,0,3,6,0,1
0,1.1666666667,4.3333333333,0.5,0,1,6,26,1,0,6,0,6,6,0,1
13,1.5555555556,4.8888888889,1,0,1,3,44,4,3,9,0,6,20,0,1
2,1.3333333333,3,1.3333333333,1,0,2,9,0,2,3,0,1,5,2,1
11,1.4285714286,4.5714285714,1.1428571429,4,1,4,32,2,4,7,0,4,18,16,1
0,1.6666666667,4.3333333333,0.6666666667,0,1,3,13,0,0,3,0,3,3,0,1
0,2.4,7,1.2,1,1,2,35,1,0,5,0,5,10,2,1
0,1,3,0.5,1,2,4,12,0,0,4,0,4,5,4,1
0,1.1666666667,4,0.8333333333,0,0,1,24,4,0,6,0,6,19,0,1
1,1,2,1.5,0,1,2,4,0,1,2,0,2,2,0,1
1,1,2.5,0.5,0,1,2,5,0,1,2,0,0,2,0,1
0,1.5,5.5,1.5,2,2,1,22,2,0,4,0,4,16,2,1
0,2.5,9.5,0.5,0,0,2,19,0,0,2,0,2,2,0,1
0,4,13.5,1.5,0,1,1,27,1,0,2,0,1,3,0,1
14,1.5,7,0,0,1,1,14,1,2,2,0,1,4,0,1
5,1.3333333333,5.8333333333,0.3333333333,2,1,5,35,2,0,6,1,6,12,10,1
1,1.3571428571,4.5714285714,0.3571428571,2,1,5,64,3,0,14,1,13,32,10,1
0,1,3,0,0,4,1,3,1,0,1,0,1,2,0,1
1,1,3.5555555556,0.5555555556,1,2,4,32,1,0,9,1,9,16,4,1
0,1,3,0.1666666667,1,2,6,18,0,0,6,0,6,8,6,1
0,1.7272727273,8.0909090909,0.1818181818,4,0,1,89,2,0,11,0,9,33,4,1
0,1.1428571429,4.1428571429,0.5714285714,2,1,6,29,1,0,7,0,7,11,12,1
0,1,3,0.5,0,1,2,6,0,0,2,0,2,2,0,1
0,1.5,4.5,0.75,0,1,3,18,0,0,4,0,4,5,0,1
0,1,3,0.3333333333,0,1,3,9,0,0,3,0,3,3,0,1
0,1,3,1,0,0,1,3,1,0,1,1,1,1,0,1
0,1,2,1,0,1,2,4,0,0,2,0,2,2,0,1
0,1.8333333333,31.6666666667,0.6666666667,2,0,2,190,7,0,6,3,4,21,4,1
0,2.6956521739,21.2753623188,1.4347826087,1,0,47,1468,15,0,69,4,65,106,47,0
3,1,4,2,1,2,1,4,0,2,1,0,1,3,1,1
0,1,2.6666666667,0.5,0,1,6,16,1,0,6,0,3,6,0,1
0,1,5.5,2,0,4,2,11,3,0,2,3,2,5,0,1
1,1.25,4,0.75,0,0,1,16,3,0,4,2,4,12,0,1
8,1.9642857143,6.0357142857,1.2142857143,0,1,1,169,3,0,28,0,27,66,0,1
3,1.2727272727,4.5454545455,0.9090909091,0,1,2,50,3,0,11,0,10,26,0,1
1,3,15.5,0.5,0,0,1,31,1,0,2,0,2,4,0,1
0,1,3,0.5,0,1,1,6,1,0,2,1,2,4,0,1
1,1.75,5.5,0.5,0,1,4,22,0,0,4,0,4,4,0,1
2,1.4285714286,9.1428571429,0.8571428571,0,1,1,64,2,0,7,0,6,22,0,1
0,2.48,8.8,2.28,0,0,9,220,0,0,25,0,24,41,0,1
0,1,2,1,0,1,2,4,2,0,2,1,1,2,0,1
0,2.75,11.5,1.25,0,1,4,46,4,0,4,0,3,7,0,1
1,1.8333333333,6.3333333333,0.8333333333,0,1,3,38,3,0,6,0,5,18,0,1
0,2,52.6666666667,3.3333333333,0,0,6,316,3,0,6,3,5,7,0,1
1,1.1666666667,3.3333333333,0.5,0,0,1,20,1,0,6,1,6,12,0,1
0,3.7,17.8,0.7,0,1,1,178,7,0,10,0,5,39,0,1
0,1.3636363636,5.6363636364,1,0,1,1,62,7,0,11,0,8,38,0,1
1,1.125,3.375,0.875,1,1,3,27,1,0,8,0,8,15,3,1
0,1.8571428571,6.1428571429,0.4285714286,1,0,1,43,3,0,7,2,7,19,1,1
0,2,5,1,0,0,1,5,5,0,1,5,1,2,0,1
0,1,3.6,1.2,0,1,5,18,0,0,5,0,5,5,0,1
0,2.6,12.4,0.2,0,0,1,62,4,0,5,0,5,19,0,1
0,1.25,5,1.5,0,1,3,20,1,0,4,0,4,6,0,1
0,1.375,4.75,1,0,0,16,76,5,0,16,0,14,16,0,1
0,2,4.5,1.5,0,0,2,9,2,0,2,0,1,2,0,1
0,2.5,12.75,0.75,0,0,4,51,2,0,4,0,0,4,0,1
0,1,1,1,0,0,1,1,0,0,1,0,0,1,0,1
0,1.1052631579,4.5263157895,0.6842105263,0,0,19,86,2,0,19,0,18,19,0,1
0,1.75,7.5,1.75,0,1,4,30,0,0,4,0,4,4,0,1
2,1,3.5625,0.5625,0,1,16,57,2,2,16,0,12,16,0,1
0,1,2.6666666667,0.3333333333,0,2,3,8,0,0,3,0,2,3,0,1
0,1,3,1.75,0,1,4,12,0,0,4,0,4,4,0,1
0,1,3.8,0.6,0,2,5,19,1,0,5,0,4,5,0,1
0,1,3.25,1.75,0,1,4,13,0,0,4,0,4,4,0,1
0,2.25,6,1,0,0,4,24,3,0,4,0,1,4,0,1
0,1,3.5,0.5,0,0,2,7,1,0,2,1,2,2,0,1
0,1,3.6666666667,0.6666666667,0,1,2,11,1,0,3,0,3,5,0,1
0,2.5,12,1.5,0,0,2,24,3,0,2,0,2,2,0,1
0,1.5,6,1,0,1,2,12,1,0,2,0,2,3,0,1
0,7.4,41.5,2.6,1,0,1,415,3,0,10,0,5,26,1,1
1,1.6666666667,8.6666666667,1,0,0,1,26,2,0,3,0,2,9,0,1
0,1.5,4.9375,1.5,1,1,16,79,0,0,16,0,14,17,16,1
0,0,0,0,0,1,0,0,0,0,0,0,0,0,0,1
0,1.5,7.25,1.75,0,1,4,29,1,0,4,0,4,4,0,1
0,2.1666666667,10.3333333333,2.6666666667,0,0,5,62,2,0,6,1,5,9,0,1
0,1,3,2,0,1,1,3,0,0,1,0,1,1,0,1
0,1,3.3333333333,2,0,1,3,10,1,0,3,0,3,3,0,1
3,1,1,2,0,1,1,1,1,2,1,0,1,1,0,1
1,4,11.5,2.5,1,2,1,23,1,1,2,0,1,6,1,1
0,1,3,1.5,1,3,1,6,2,0,2,0,2,5,1,1
0,2.5,10.5,2,1,2,1,21,3,0,2,0,2,7,1,1
0,1.5714285714,9.2857142857,0.5714285714,0,0,2,65,6,0,7,1,6,19,0,1
0,1,4,1.1666666667,0,1,1,24,2,0,6,0,6,18,0,1
0,1.7142857143,6.7142857143,1.5714285714,0,0,2,47,4,0,7,0,3,25,0,1
0,1,3.5,1,0,1,2,7,1,0,2,0,2,3,0,1
0,1,3,2,0,1,1,3,0,0,1,0,1,1,0,1
9,1,4,2,0,0,1,4,0,8,1,0,1,1,0,1
0,1,3.5,1,0,1,3,14,2,0,4,0,4,7,0,1
8,1.25,2.75,1.5,0,0,3,11,0,2,4,0,4,5,0,1
0,1.5,4,2,1,1,1,8,4,0,2,0,1,8,1,1
0,1,2.5,0.5,1,2,2,5,0,0,2,0,2,3,2,1
0,1,4,1.1666666667,0,1,1,24,2,0,6,0,6,18,0,1
16,1.25,4.1,1.45,1,0,1,82,5,6,20,1,12,52,1,1
2,2.2,8.2,1.6,1,1,4,41,0,1,5,0,1,9,4,1
0,3,13.5,1,2,2,2,27,0,0,2,0,1,8,4,1
0,2,8.75,1.5,2,1,2,35,1,0,4,0,2,18,4,1
0,1,3,2.5,2,2,2,6,0,0,2,0,2,7,4,1
2,4.3333333333,19.3333333333,1.6666666667,2,1,1,58,2,1,3,0,1,18,2,1
0,4,23.3333333333,1,1,1,2,70,0,0,3,0,1,10,2,1
0,2.3333333333,10,1.6666666667,1,1,1,30,3,0,3,0,1,15,1,1
0,2,7,0,1,1,2,14,0,0,2,0,1,5,2,1
3,1.724137931,6.3448275862,1.6206896552,1,1,3,184,2,0,29,1,24,68,3,1
1,1,1,1,0,0,1,1,1,0,1,1,1,1,0,1
0,2.2,7.4,1.2,1,0,4,37,0,0,5,0,0,7,4,1
0,1,1,1,0,0,1,1,0,0,1,0,0,1,0,1
0,1,23,1,0,0,1,23,0,0,1,0,1,1,0,1
1,2.5,13.6666666667,2,0,0,1,82,4,1,6,0,2,22,0,1
0,1.8333333333,5.5,0.8333333333,0,1,1,33,2,0,6,0,5,17,0,1
0,1,3,1,0,1,2,6,0,0,2,0,2,2,0,1
0,1,3.6666666667,2,0,1,3,11,0,0,3,0,3,3,0,1
2,1,3,0.5,0,1,1,6,1,1,2,1,2,4,0,1
0,1,4,2,0,0,1,4,0,0,1,0,1,1,0,1
0,1,4,2,0,0,1,4,0,0,1,0,1,1,0,1
0,1,3,0.5,0,1,1,6,1,0,2,0,2,4,0,1
0,1,3,0.5,0,1,1,6,1,0,2,0,2,4,0,1
0,1,3,0,0,1,1,3,0,0,1,0,1,1,0,1
0,1,3,0.3333333333,0,1,1,9,1,0,3,1,3,6,0,1
0,1.5,6,2.5,0,0,1,12,0,0,2,0,1,3,0,1
0,1,1,4,0,0,1,1,0,0,1,0,1,1,0,1
5,1,3,0,0,1,1,3,1,2,1,0,1,2,0,1
2,1,1,1,0,1,1,1,4,2,1,3,1,1,0,1
0,1,3,1,0,2,1,6,2,0,2,0,1,4,0,1
0,1,3,1,0,2,1,3,1,0,1,0,1,1,0,1
1,1.375,4.375,0.75,0,1,1,35,3,0,8,0,7,19,0,1
0,2.3333333333,11.6666666667,1,2,2,3,70,3,0,6,0,4,20,6,1
0,1.6666666667,8.3333333333,1,1,2,1,25,3,0,3,0,2,9,1,1
2,1,3.6666666667,1,0,1,1,11,1,1,3,0,3,6,0,1
0,1.8571428571,6.8571428571,1.5714285714,0,0,4,48,1,0,7,0,7,10,0,1
0,1.1666666667,8,1.5,0,0,8,96,0,0,12,0,12,16,0,1
0,1.5,3.8333333333,0.5,0,1,6,23,2,0,6,0,3,6,0,1
1,1.4285714286,4.1428571429,0.4285714286,0,1,7,29,3,1,7,0,3,7,0,1
0,1,3,1,0,2,3,9,1,0,3,0,2,3,0,1
0,8.5,35,2,0,1,2,70,2,0,2,0,2,4,0,1
0,1,1,4.0384615385,0,1,26,26,1,0,26,0,26,26,0,1
0,1,1,2,0,0,1,1,0,0,1,0,1,1,0,1
0,1,1,1,0,0,1,1,0,0,1,0,1,1,0,1
0,1,1,4,0,0,1,1,0,0,1,0,1,1,0,1
0,0,0,0,0,1,0,0,7,0,0,7,0,0,0,1
0,0,0,0,0,1,0,0,2,0,0,2,0,0,0,1
1,0,0,0,0,1,0,0,0,1,0,0,0,0,0,1
0,0,0,0,0,2,0,0,1,0,0,1,0,0,0,1
0,5.6666666667,19.6666666667,3,2,0,1,59,1,0,3,0,2,9,2,1
0,1,1,1.6923076923,0,1,26,26,4,0,26,4,25,26,0,1
1,1,3.5,0.5,0,0,1,7,1,0,2,0,2,4,0,1
0,1,1,2.3333333333,0,1,3,3,8,0,3,8,3,3,0,1
0,4,16,1,0,0,1,16,0,0,1,0,1,1,0,1
0,0,0,0,0,0,0,0,1,0,0,0,0,0,0,1
1,1.8095238095,8.5238095238,1.0476190476,0,0,2,179,7,0,21,4,13,55,0,1
0,1,1,1,0,1,1,1,1,0,1,1,1,1,0,1
1,0,0,0,0,1,0,0,18,0,0,18,0,0,0,1
0,0,0,0,0,0,0,0,0,0,0,0,0,0,0,1
0,0,0,0,0,1,0,0,3,0,0,3,0,0,0,1
0,0,0,0,0,1,0,0,2,0,0,2,0,0,0,1
0,0,0,0,0,0,0,0,5,0,0,5,0,0,0,1
0,0,0,0,0,0,0,0,39,0,0,39,0,0,0,1
0,1,3,1,1,2,1,3,0,0,1,0,1,2,1,1
0,4.8,20.2,1.6,0,0,1,101,0,0,5,0,2,10,0,1
1,1.0769230769,3.9230769231,0.6923076923,4,1,1,51,7,0,13,0,13,35,4,1
0,2.4285714286,11.5714285714,1.2857142857,0,0,7,81,5,0,7,4,4,7,0,1
0,2,8,0.5,0,0,2,16,2,0,2,1,2,2,0,1
1,1,13,0,0,0,1,13,0,0,1,0,1,1,0,1
0,1.8333333333,8.3333333333,1.6666666667,0,1,3,50,3,0,6,0,6,16,0,1
0,1,3,1.3,1,1,7,30,0,0,10,0,10,14,7,1
0,1,3.3333333333,1,0,0,6,20,3,0,6,3,6,6,0,1
0,1,3,1.125,1,3,2,24,2,0,8,0,8,21,2,1
0,1.5,6.25,1,0,1,1,25,4,0,4,0,4,14,0,1
0,1.6666666667,5,2,0,0,1,15,1,0,3,0,2,6,0,1
0,1.5,5.5,0.5,0,0,4,22,1,0,4,0,4,4,0,1
1,2,5,0.75,0,0,1,20,2,0,4,0,4,9,0,1
0,1,3,1,0,1,1,3,1,0,1,1,1,2,0,1
1,8,58,3.5,0,1,2,116,0,1,2,0,1,2,0,1
0,1,3,0.3333333333,0,1,2,9,1,0,3,1,3,5,0,1
0,1,1.75,1.25,0,1,4,7,0,0,4,0,4,4,0,1
2,1.5,5,0.3333333333,0,0,1,30,2,0,6,0,6,16,0,1
0,1.8333333333,6.5,0.6666666667,0,1,6,39,2,0,6,0,5,6,0,1
0,1,3,1.25,0,1,4,12,0,0,4,0,3,4,0,1
1,1.5217391304,4.6956521739,0.652173913,0,0,23,108,2,1,23,0,18,23,0,1
0,1.5,7.25,1.75,0,1,4,29,1,0,4,0,4,4,0,1
0,1.6666666667,7.6666666667,1,0,1,2,46,2,0,6,0,6,13,0,1
0,1,2,0.5,0,1,2,4,1,0,2,0,2,2,0,1
19,2.1111111111,6.1111111111,0.5555555556,1,1,5,55,6,2,9,1,6,19,5,1
16,1.6153846154,3.8461538462,0.2307692308,1,1,8,50,1,2,13,0,8,21,8,1
0,1,3,0.5,0,1,1,6,2,0,2,0,0,4,0,1
0,1,1,2,0,1,1,1,0,0,1,0,0,1,0,1
0,2.75,131,0.5,2,3,4,524,0,0,4,0,2,9,8,1
4,2.5,7,1,1,3,2,14,0,2,2,0,2,4,2,1
2,3,13.5,0.5,1,4,1,27,0,2,2,0,0,5,1,1
5,1.6,6.4,0.4,2,2,4,32,0,3,5,0,3,15,8,1
0,1,602,0,0,0,1,602,2,0,1,0,0,1,0,1
0,1,3,1,0,5,1,3,0,0,1,0,0,1,0,1
0,4,15.75,0.25,3,3,3,63,3,0,4,0,3,13,9,1
1,1.3333333333,4,1,1,5,3,12,0,0,3,0,0,4,3,1
0,4.6,27.6,0.8,5,3,1,138,6,0,5,0,3,31,5,1
1,7,37,0,1,4,1,37,9,0,1,0,0,6,1,1
0,2.4,25.8,0.4,2,3,2,129,3,0,5,0,3,19,4,1
6,1,2,0,0,2,1,2,0,2,1,0,0,1,0,1
0,1.25,3.5,1,2,2,4,14,2,0,4,0,3,6,8,1
0,1.125,3.375,0.375,3,2,8,27,2,0,8,0,5,12,24,1
0,1.4,3.8,0.8,2,0,4,19,0,0,5,0,5,9,8,1
0,0,0,0,0,0,0,0,0,0,0,0,0,0,0,1
9,1,1,1,0,0,1,1,0,1,1,0,0,1,0,1
7,1,1,0.1428571429,0,0,7,7,0,1,7,0,6,7,0,1
0,2.3333333333,39.6666666667,0.6666666667,0,0,2,119,3,0,3,0,2,9,0,1
0,2,6.75,1,0,0,2,27,1,0,4,0,4,7,0,1
0,4,17,1.0454545455,0,1,8,374,12,0,22,0,22,59,0,1
0,1.8,45,1.2,0,0,5,225,1,0,5,0,4,6,0,1
1,1.5,4.1666666667,0.3333333333,0,1,2,25,5,0,6,0,5,12,0,1
0,1.4285714286,4,0.4285714286,1,0,1,28,2,0,7,0,6,23,1,1
0,1.75,8,1.25,0,0,4,32,0,0,4,0,4,4,0,1
0,1,3,0,0,1,1,3,1,0,1,0,1,1,0,1
0,5,19,0,0,1,1,19,1,0,1,0,1,1,0,1
0,2,8,0.3333333333,0,1,1,24,2,0,3,0,2,8,0,1
0,1.25,5.25,1.25,2,0,2,21,2,0,4,0,4,12,4,1
2,1.1666666667,5.1666666667,0.3333333333,0,1,4,31,3,0,6,0,6,13,0,1
2,1.6,7.2,1.8,0,1,4,36,2,2,5,0,4,8,0,1
3,3.7333333333,18.0666666667,2.5333333333,1,1,2,271,5,1,15,0,6,47,2,1
1,3,11,2,0,0,1,11,1,0,1,0,1,2,0,1
0,1,4,1,0,1,1,4,0,0,1,0,1,1,0,1
0,2.3076923077,7.8461538462,0.6923076923,1,1,13,102,0,0,13,0,12,14,13,1
0,3,8,1,0,0,2,16,0,0,2,0,2,2,0,1
4,1.5,23.8333333333,0.5,0,1,2,286,5,0,12,0,9,30,0,1
0,1,3,1.5,1,1,4,12,0,0,4,0,4,6,4,1
3,1.6666666667,6,0.6666666667,1,1,3,36,3,0,6,0,6,14,3,1
1,1.6666666667,9,0.3333333333,1,0,1,27,3,0,3,0,1,12,1,1
0,7,30.5,2.5,0,0,1,61,1,0,2,0,2,4,0,1
0,1,3.8,3.2,0,2,3,19,0,0,5,0,4,7,0,1
7,2.6,11.2,1.0666666667,4,1,5,336,7,0,30,0,24,101,20,1
1,1,4,1.5,1,0,1,8,3,0,2,0,1,9,1,1
1,1.7142857143,5,1.5714285714,2,1,1,35,2,0,7,0,7,19,2,1
0,1.5,5,1.5,3,1,1,10,2,0,2,0,2,9,3,1
7,1,1,0.9333333333,0,0,15,15,2,1,15,1,15,15,0,1
1,1.5,5,1.1666666667,0,1,3,30,1,0,6,0,4,10,0,1
0,2.24,8.04,1.24,1,1,1,201,18,0,25,0,24,78,1,1
0,1.5416666667,5.7916666667,1.1666666667,1,2,5,139,5,0,24,0,23,53,5,1
2,1,1,1.1904761905,0,1,21,21,0,1,21,0,21,21,0,1
0,2,12.7142857143,1.2857142857,0,1,5,89,0,0,7,0,7,9,0,1
0,2.8,24.6,3.6,0,1,4,123,0,0,5,0,5,6,0,1
0,2.6666666667,10,2.3333333333,0,0,1,30,3,0,3,0,3,11,0,1
0,1,3.5,1,0,1,1,7,1,0,2,0,2,4,0,1
9,1.2,4.55,0.95,0,3,3,91,4,1,20,0,17,45,0,1
0,1,3,1,0,1,2,6,0,0,2,0,2,2,0,1
0,2.6666666667,17,1.3333333333,0,0,2,51,0,0,3,0,1,4,0,1
0,1.3333333333,26.3333333333,1.5,0,1,3,158,4,0,6,0,5,15,0,1
1,1,1,1,0,0,1,1,0,1,1,0,0,1,0,1
0,1,3,1,0,1,1,6,1,0,2,0,1,4,0,1
0,1.3333333333,4.3333333333,1,0,1,3,13,2,0,3,0,3,3,0,1
0,1,3.4,0.4,0,0,5,17,2,0,5,2,5,5,0,1
0,1,1,1,0,0,1,1,0,0,1,0,0,1,0,1
3,1.4285714286,5.4285714286,0.2857142857,1,0,1,38,1,0,7,1,7,17,1,1
0,0,0,0,0,0,0,0,0,0,0,0,0,0,0,1
0,2.75,9.5,1.25,0,1,1,38,4,0,4,0,4,14,0,1
2,1,1,1,0,0,1,1,1,2,1,1,1,1,0,1
0,1,3,1,0,1,2,6,1,0,2,0,2,2,0,1
0,1.6666666667,4.3333333333,1,0,1,3,13,1,0,3,0,3,3,0,1
3,3,9.125,0.75,0,0,1,73,1,0,8,0,8,16,0,1
0,1.875,7.625,0.75,0,1,2,61,5,0,8,0,5,28,0,1
0,1,3.2,1.4,0,1,5,16,1,0,5,0,4,6,0,1
2,1.6666666667,9.3333333333,0.8333333333,0,1,4,56,2,0,6,0,3,10,0,1
0,2.5,8.5,1,1,1,2,17,0,0,2,0,1,3,2,1
0,2.2,11.4,1.6,0,1,1,57,2,0,5,0,3,11,0,1
0,1,3.2,1.8,1,1,5,16,1,0,5,0,4,6,5,1
0,1,2,0,0,2,1,2,0,0,1,0,1,1,0,1
0,1,3,0,0,2,1,3,0,0,1,0,1,1,0,1
0,1,2,0,0,2,1,2,0,0,1,0,1,1,0,1
0,1,3,0,0,2,1,3,0,0,1,0,1,1,0,1
0,1,2,0,0,2,1,2,0,0,1,0,1,1,0,1
0,1,4,0,0,2,1,4,0,0,1,0,1,1,0,1
0,1,2,0,0,2,1,2,0,0,1,0,1,1,0,1
0,1,4,0,0,2,1,4,0,0,1,0,1,1,0,1
0,1,2,0,0,2,1,2,0,0,1,0,1,1,0,1
0,1,3,0,0,2,1,3,0,0,1,0,1,1,0,1
0,1,2,0,0,2,1,2,0,0,1,0,1,1,0,1
0,1,3,0,0,2,1,3,0,0,1,0,1,1,0,1
0,1,2,0,0,2,1,2,0,0,1,0,1,1,0,1
0,1,3,0,0,2,1,3,0,0,1,0,1,1,0,1
0,1,2,0,0,2,1,2,0,0,1,0,1,1,0,1
0,1,3,0,0,2,2,6,0,0,2,0,2,2,0,1
0,1,2,0,0,2,1,2,0,0,1,0,1,1,0,1
0,1,3,0,0,2,1,3,0,0,1,0,1,1,0,1
9,2.6,9.2,0,1,1,2,46,3,9,5,1,5,11,2,1
10,1,3,0,0,1,1,3,0,9,1,0,1,1,0,1
1,1,3,0,0,1,2,6,0,1,2,0,2,2,0,1
1,0,0,0,0,1,0,0,0,1,0,0,0,0,0,1
0,1,2,0,0,2,1,2,0,0,1,0,1,1,0,1
0,1,3,0,0,2,1,3,0,0,1,0,1,1,0,1
0,1,2.3333333333,1,0,1,3,7,0,0,3,0,3,3,0,1
1,1,3,0,0,1,2,6,0,1,2,0,2,2,0,1
1,0,0,0,0,1,0,0,0,1,0,0,0,0,0,1
0,1,2,0,0,2,1,2,0,0,1,0,1,1,0,1
0,1,3,0,0,2,1,3,0,0,1,0,1,1,0,1
0,6,51.2,0.8,2,1,1,256,2,0,5,0,3,15,2,1
0,1,3.6666666667,1,0,1,3,11,0,0,3,0,3,3,0,1
0,1.7333333333,6.9333333333,0.6,0,2,15,104,8,0,15,4,14,15,0,1
0,1,1,1.25,0,0,4,4,0,0,4,0,3,4,0,1
1,1,3,0,0,1,1,3,0,1,1,0,1,1,0,1
2,1,2.75,0.75,0,2,4,11,0,1,4,0,4,4,0,1
16,1.625,28.5,0.4375,1,0,2,456,5,0,16,1,15,43,2,1
0,1,4.3333333333,2,0,0,2,13,2,0,3,0,2,6,0,1
2,1,1,0.4705882353,0,3,17,17,0,1,17,0,17,17,0,1
13,1,1,0.3777777778,0,1,45,45,0,2,45,0,44,45,0,1
12,1,1,0.5,0,2,8,8,0,3,8,0,7,8,0,1
0,1,1,0.8666666667,0,1,15,15,0,0,15,0,14,15,0,1
2,1,1,0.5,0,4,2,2,0,1,2,0,1,2,0,1
0,1,1,0.2,0,3,40,40,0,0,40,0,39,40,0,1
4,0,0,0,0,3,0,0,0,2,0,0,0,0,0,1
0,1,1,0.4615384615,0,1,13,13,0,0,13,0,12,13,0,1
0,1,3,0.5,0,1,2,6,0,0,2,0,2,2,0,1
1,1.3181818182,4.4090909091,0.5909090909,0,1,22,97,6,1,22,0,14,22,0,1
0,1,3.3333333333,0.3333333333,0,1,2,10,0,0,3,0,3,4,0,1
1,1,3.6,0.4,0,1,3,18,0,0,5,0,3,7,0,1
1,1.4,5.4,0.6,0,1,3,27,0,0,5,0,4,7,0,1
0,1,3,0.8,0,2,5,15,1,0,5,0,3,5,0,1
0,1,3,0.5,0,1,2,6,0,0,2,0,2,2,0,1
0,1,3,1,0,1,1,3,0,0,1,0,1,1,0,1
0,1,3,1,0,1,1,3,0,0,1,0,1,1,0,1
1,1,3,0.3333333333,0,1,2,9,0,0,3,0,2,4,0,1
0,1,3,1.3333333333,0,1,3,9,0,0,3,0,2,3,0,1
0,1.3333333333,4,0.6666666667,0,1,3,12,0,0,3,0,1,3,0,1
0,2.3333333333,12.3333333333,0,2,1,3,37,0,0,3,0,3,11,6,1
1,1.25,4,1,0,1,1,16,3,0,4,0,4,13,0,1
6,1.5,36.5,0,1,1,1,73,3,3,2,0,0,10,1,1
0,1,24,0,1,1,1,24,0,0,1,0,1,2,1,1
0,1,5,0,0,1,1,5,0,0,1,0,1,1,0,1
0,1.875,17.375,0.25,2,2,7,139,0,0,8,0,7,22,14,1
0,1,9.125,0,1,0,8,73,2,0,8,0,8,11,8,1
0,4,35,0,5,2,1,35,1,0,1,0,1,8,5,1
0,1.5,8.875,0,2,1,7,71,1,0,8,0,8,27,14,1
0,1,10.5,1,1,0,1,21,1,0,2,0,1,5,1,1
0,1,25,0,1,0,2,50,1,0,2,0,2,7,2,1
0,1.09375,9.09375,0,1,0,32,291,0,0,32,0,32,108,32,1
0,1,2.4,0.4,0,6,5,12,0,0,5,0,2,5,0,1
0,1,5.5,0.75,1,0,4,22,3,0,4,0,4,6,4,1
0,1,3,0,0,1,1,3,0,0,1,0,1,1,0,1
0,1,18.5,0,1,0,2,37,0,0,2,0,2,4,2,1
0,1,18.5,0,1,0,2,37,0,0,2,0,2,4,2,1
0,1,20,0,1,1,4,80,0,0,4,0,4,13,4,1
5,1,3.25,0.75,1,6,4,13,0,0,4,0,3,5,4,1
0,1,12.9777777778,0,6,0,45,584,1,0,45,0,45,135,270,1
0,1,12.9375,0,2,0,16,207,1,0,16,0,16,18,32,1
0,4,39,0,3,1,1,39,0,0,1,0,1,7,3,1
0,1,13.3333333333,0,1,0,3,40,0,0,3,0,3,5,3,1
0,1.6153846154,16,0,2,1,1,208,23,0,13,0,13,135,2,1
0,1,18.5,0,1,0,2,37,0,0,2,0,2,5,2,1
0,1.2,8.8,0.2,0,1,2,44,0,0,5,0,4,8,0,1
0,1,17,0.1666666667,0,1,1,102,0,0,6,0,5,11,0,1
0,1,3.75,1.25,0,1,4,15,0,0,4,0,4,4,0,1
0,1,18.5,0,1,0,2,37,0,0,2,0,2,4,2,1
0,3,15,0,1,1,1,15,0,0,1,0,1,4,1,1
0,3,28,0,0,0,1,28,0,0,1,0,1,1,0,1
0,1,3,1,0,0,1,3,0,0,1,0,1,1,0,1
0,1,15.5,1,0,1,4,62,1,0,4,0,2,5,0,1
0,1,3,0.6666666667,0,1,3,9,0,0,3,0,3,3,0,1
0,1,9,1,0,0,1,9,0,0,1,0,1,1,0,1
0,1,7.3333333333,0.2222222222,1,1,2,66,0,0,9,0,8,23,2,1
0,1,4.75,0.75,0,0,4,19,3,0,4,0,4,4,0,1
0,1,4.75,3.25,0,2,4,19,0,0,4,0,3,4,0,1
0,1,18,0,1,1,1,18,0,0,1,0,1,2,1,1
0,2,22,0,1,1,1,22,0,0,1,0,1,3,1,1
1,1,3,0.2142857143,0,4,14,42,0,1,14,0,14,14,0,1
0,1,3,0,0,5,1,3,0,0,1,0,1,1,0,1
0,1,3.8333333333,0.1666666667,1,0,2,23,1,0,6,0,5,12,2,1
0,1,11,0,1,0,1,22,1,0,2,0,2,6,1,1
0,1,5.3333333333,0.6666666667,1,0,3,16,3,0,3,0,3,4,3,1
0,1,9,0,1,0,2,18,0,0,2,0,2,3,2,1
0,1,5.3333333333,0.6666666667,1,0,3,16,3,0,3,0,3,4,3,1
0,1.5,10,0.5,0,1,2,20,0,0,2,0,2,2,0,1
0,1,5.3333333333,0.6666666667,1,0,3,16,3,0,3,0,3,4,3,1
0,1.6666666667,11.8888888889,0.2222222222,2,1,1,107,0,0,9,0,7,37,2,1
0,1,40,0.3333333333,4,1,2,120,1,0,3,0,1,15,8,1
0,1,5.3333333333,0.6666666667,1,0,3,16,3,0,3,0,3,4,3,1
0,1,14,0,1,0,1,28,1,0,2,0,2,6,1,1
0,1,9,0,1,0,2,18,0,0,2,0,2,3,2,1
0,1,5.25,0.75,0,0,4,21,3,0,4,0,4,4,0,1
0,1.1818181818,10.1818181818,0.3636363636,1,1,1,112,2,0,11,0,10,58,1,1
0,1,8.6666666667,0.3333333333,2,0,3,26,2,0,3,0,3,6,6,1
1,1,4,2,0,0,1,4,2,0,1,0,1,1,0,1
0,1,8.5,0,1,0,6,51,5,0,6,0,6,7,6,1
0,1,9.2857142857,0,1,0,7,65,7,0,7,0,7,8,7,1
0,1,17.6666666667,0.2,1,0,15,265,0,0,15,0,14,22,15,1
0,2.25,17.5,0,0,1,4,70,0,0,4,0,4,4,0,1
0,1,9.6666666667,0,0,0,1,29,2,0,3,0,3,9,0,1
0,1,23,0,1,1,1,23,0,0,1,0,1,3,1,1
1,0,0,0,0,0,0,0,2,0,0,0,0,0,0,1
0,1,26.5,0,1,1,2,53,0,0,2,0,2,4,2,1
1,0,0,0,0,0,0,0,2,0,0,0,0,0,0,1
0,1,4,0.5,0,0,1,8,2,0,2,0,0,6,0,1
0,1,3,0,0,1,3,9,0,0,3,0,3,3,0,1
0,1,4,2,0,0,1,4,2,0,1,0,0,3,0,1
0,2,7.4,0.8,0,1,1,37,0,0,5,0,0,11,0,1
0,1,13.5,0,1,0,4,54,0,0,4,0,4,5,4,1
0,1,4,2,0,0,1,4,2,0,1,0,0,3,0,1
0,1,3,1,0,0,1,3,1,0,1,0,0,2,0,1
1,1,3.3333333333,1.3333333333,0,0,1,10,2,0,3,0,1,7,0,1
0,1,10.5,0,0,0,4,42,1,0,4,0,4,4,0,1
0,1,4.25,0,1,1,4,17,0,0,4,0,4,6,4,1
0,1,7,0,0,1,2,14,0,0,2,0,2,2,0,1
0,1,8.6666666667,0,0,1,3,26,0,0,3,0,3,3,0,1
0,1,8.6666666667,0,0,1,3,26,0,0,3,0,3,3,0,1
0,2,33,0,1,1,1,33,1,0,1,0,1,3,1,1
1,0,0,0,0,0,0,0,1,0,0,0,0,0,0,1
0,1,12,0,0,0,1,36,5,0,3,0,3,15,0,1
1,0,0,0,0,0,0,0,2,0,0,0,0,0,0,1
0,2,23,0,4,2,1,23,0,0,1,0,1,10,4,1
2,0,0,0,0,1,0,0,4,0,0,0,0,0,0,1
0,1,7,0,3,1,1,7,1,0,1,0,1,7,3,1
0,1,5,2,0,1,1,5,0,0,1,0,1,1,0,1
0,1,4.125,0.25,0,1,1,33,0,0,8,0,7,15,0,1
0,1.25,14.75,0.25,1,1,2,59,0,0,4,0,2,8,2,1
0,1,6.5,0,2,1,6,39,0,0,6,0,4,11,12,1
1,0,0,0,0,0,0,0,1,0,0,0,0,0,0,1
0,1,13,0,1,1,1,13,0,0,1,0,1,4,1,1
1,1,1,1,0,0,3,3,3,0,3,0,3,6,0,1
0,1,6.3333333333,0,0,1,3,19,0,0,3,0,3,3,0,1
0,1,10.375,0.5,6,1,6,83,0,0,8,0,6,17,36,1
1,0,0,0,0,0,0,0,2,0,0,0,0,0,0,1
1,0,0,0,0,0,0,0,1,0,0,0,0,0,0,1
0,0,0,0,0,0,0,0,6,0,0,0,0,0,0,1
1,0,0,0,0,0,0,0,1,0,0,0,0,0,0,1
1,0,0,0,0,0,0,0,1,0,0,0,0,0,0,1
1,0,0,0,0,0,0,0,1,0,0,0,0,0,0,1
0,1.75,17.75,0,0,1,8,142,0,0,8,0,8,8,0,1
0,1.3333333333,6.3333333333,0,0,0,3,19,1,0,3,0,3,3,0,1
0,1.3,13.45,0,1,0,20,269,6,0,20,0,20,25,20,1
0,1.1666666667,8.6666666667,0,1,0,6,52,1,0,6,0,6,10,6,1
0,1.1666666667,12.1666666667,0,1,0,6,73,3,0,6,0,6,10,6,1
0,1.25,9.5,0,0,0,4,38,2,0,4,0,4,4,0,1
0,1.1904761905,6.8095238095,0,0,0,21,143,2,0,21,0,21,21,0,1
0,1.25,8,0,1,0,3,32,2,0,4,0,4,10,3,1
0,1,4.75,3.25,0,2,4,19,0,0,4,0,3,4,0,1
0,1.2,9.4,0,0,0,3,47,1,0,5,0,5,8,0,1
0,1.8333333333,7.4166666667,0.75,0,0,12,89,8,0,12,0,9,12,0,1
0,6,25.25,2,0,1,4,101,2,0,4,0,2,4,0,1
5,0,0,0,0,0,0,0,0,3,0,0,0,0,0,1
4,1,1,1,0,0,3,3,0,1,3,0,2,3,0,1
2,1,1,1,0,0,1,1,0,1,1,0,0,1,0,1
0,2.75,9.5,0.75,1,0,1,38,3,0,4,0,2,15,1,1
0,3,17,1,2,1,1,68,5,0,4,0,4,16,2,1
0,1,7,1,1,0,1,7,0,0,1,0,1,2,1,1
1,1.5,7,1.5,0,0,1,14,4,0,2,0,2,7,0,1
0,1,3.6666666667,2,3,2,3,11,0,0,3,0,3,8,9,1
0,1.75,5.75,1.75,0,0,1,23,1,0,4,0,2,8,0,1
2,1,1,1,0,0,1,1,0,1,1,0,0,1,0,1
0,1,6.5,1.5,0,1,1,13,2,0,2,0,2,6,0,1
3,1,1,0,0,0,2,2,0,1,2,0,1,2,0,1
0,1.2857142857,5.5714285714,0.4285714286,1,1,7,39,2,0,7,0,7,9,7,1
0,3.8,20.4,2,0,1,5,102,3,0,5,0,2,5,0,1
1,2.6,8.6,0.6,3,1,15,129,4,0,15,1,15,20,45,1
0,4.5,19,1,2,1,1,38,2,0,2,0,1,7,2,1
0,1,3.4444444444,0.1111111111,0,1,2,31,2,0,9,0,1,18,0,1
0,1,3.5,1,1,2,1,21,2,0,6,0,5,17,1,1
2,1,4.75,0.75,1,1,2,19,1,0,4,0,3,8,2,1
1,1.5,14.5,1,3,0,1,29,2,0,2,0,2,8,3,1
0,3.3333333333,18.2222222222,1.4444444444,5,2,2,164,5,0,9,0,4,45,10,1
0,1,9,1,0,0,2,18,1,0,2,0,2,3,0,1
2,2.2857142857,10.5714285714,0.8571428571,0,1,1,74,4,0,7,0,4,20,0,1
3,1.3333333333,5.3333333333,0.3333333333,1,1,2,16,1,2,3,0,0,6,2,1
0,1,4,0.5,1,2,2,8,0,0,2,0,0,3,2,1
0,1.3333333333,7.3333333333,0.3333333333,2,2,1,22,1,0,3,0,0,8,2,1
1,1,1,0,0,0,1,1,0,0,1,0,0,1,0,1
0,1.5,6,0.5,0,0,1,12,2,0,2,0,2,5,0,1
5,1,1,1,0,0,4,4,0,1,4,0,3,4,0,1
0,1,5,0,1,2,2,10,0,0,2,0,2,4,2,1
0,1,3,0.5,1,1,2,6,0,0,2,0,2,3,2,1
0,1,3,0.5,1,1,2,6,0,0,2,0,2,3,2,1
0,1,5,0,1,2,3,15,0,0,3,0,3,6,3,1
1,1,3,1,1,1,1,3,0,1,1,0,1,2,1,1
0,0,0,0,0,2,0,0,0,0,0,0,0,0,0,1
1,0,0,0,0,1,0,0,0,1,0,0,0,0,0,1
0,1,3,1,1,2,1,3,0,0,1,0,1,2,1,1
0,1,10,0,2,2,2,20,0,0,2,0,2,5,4,1
3,1,3,1,0,1,1,3,1,1,1,0,1,2,0,1
0,1,4,1,1,2,1,4,0,0,1,0,1,2,1,1
0,1,3,0,0,0,1,3,0,0,1,0,1,1,0,1
11,1,5,1,0,0,1,5,1,4,1,1,1,2,0,1
0,1,5,0,1,2,1,5,0,0,1,0,1,2,1,1
5,1,3.3333333333,0.3333333333,0,1,3,10,1,4,3,0,3,3,0,1
0,1.3333333333,6,1.6666666667,0,0,1,18,1,0,3,0,2,6,0,1
0,1.2,4.6,1,1,0,1,23,0,0,5,0,5,10,1,1
0,1,3,0.3333333333,0,0,3,9,0,0,3,0,1,3,0,1
0,0,0,0,0,0,0,0,0,0,0,0,0,0,0,1
0,1.125,4,0.5,0,1,8,32,1,0,8,0,8,8,0,1
0,0,0,0,0,0,0,0,0,0,0,0,0,0,0,1
0,1.1739130435,4.0434782609,0.6956521739,2,2,23,93,2,0,23,0,13,25,46,1
0,3.3333333333,12.3333333333,1.3333333333,0,0,1,37,3,0,3,0,2,7,0,1
0,1,4,0.6666666667,0,1,2,12,1,0,3,0,3,5,0,1
0,2.8,15.6,1,0,0,2,78,4,0,5,2,5,13,0,1
0,1.4117647059,4.8235294118,0.2647058824,1,0,33,164,3,0,34,0,34,36,33,1
1,1,1,1,0,0,1,1,0,0,1,0,0,1,0,1
2,1,3.5,0.5,0,1,2,7,2,0,2,1,1,3,0,1
1,1,1,0.3333333333,0,1,3,3,0,1,3,0,2,3,0,1
1,1,1,0,0,1,2,2,0,1,2,0,1,2,0,1
0,1.1666666667,4.6666666667,0.1666666667,1,2,3,28,2,0,6,0,5,15,3,1
0,1,4.1428571429,0.4285714286,1,2,3,29,3,0,7,0,4,17,3,1
0,1,2.75,1,0,0,4,11,0,0,4,0,4,4,0,1
0,1,4,1.3333333333,0,0,3,12,6,0,3,0,1,3,0,1
0,1.5,14.5,2,0,0,2,29,1,0,2,0,2,2,0,1
0,1.5,9.5,1.5,0,0,2,19,0,0,2,0,2,2,0,1
0,1,3,1,1,1,3,9,0,0,3,0,2,5,3,1
0,1,4.6666666667,1,0,0,1,14,2,0,3,0,3,6,0,1
0,1.75,5.25,0.625,0,1,8,42,4,0,8,0,8,8,0,1
0,9,143.25,0.5,0,0,4,573,2,0,4,0,2,6,0,1
0,1,1,0,0,1,1,1,0,0,1,0,0,1,0,1
5,1.1428571429,20.5714285714,0.4285714286,0,1,4,144,7,0,7,1,3,15,0,1
53,1.9545454545,9.1818181818,1.6818181818,3,1,9,404,26,0,44,6,27,118,27,0
0,1,2,2,0,0,1,2,0,0,1,0,1,1,0,1
0,2,13,0,0,1,1,13,0,0,1,0,1,1,0,1
0,1.5,6,0.5,2,2,2,12,0,0,2,0,1,7,4,1
0,1,4,1,0,1,1,4,1,0,1,0,0,1,0,1
0,4,20,0.5,2,0,2,40,0,0,2,0,2,12,4,1
0,1,3.5,0.5,0,1,2,7,0,0,2,0,2,2,0,1
1,1,4,2,0,0,1,4,2,0,1,2,1,1,0,1
21,1.25,3.5,0.75,0,1,3,14,2,16,4,1,0,6,0,1
0,1,2.6666666667,0.3333333333,0,0,3,8,1,0,3,0,2,3,0,1
0,1,1,0,0,1,1,1,0,0,1,0,0,1,0,1
3,4.0833333333,19.4166666667,0.9166666667,2,0,2,233,13,0,12,3,7,50,4,1
3,1,1,1,0,0,4,4,0,2,4,0,3,4,0,1
0,2.5,8.5,1,0,0,1,17,3,0,2,0,2,6,0,1
0,2.25,6.25,0.875,0,0,8,50,4,0,8,0,8,8,0,1
0,1.3333333333,7,0.3333333333,0,0,3,21,4,0,3,0,0,3,0,1
0,1.3333333333,4.3333333333,0,0,1,3,13,1,0,3,0,0,3,0,1
1,1.7692307692,8.1538461538,0.6923076923,1,1,4,106,8,0,13,0,11,38,4,1
0,1,3,0,0,0,1,3,0,0,1,0,0,1,0,1
1,1.8181818182,9.5454545455,0.8181818182,1,1,3,105,4,0,11,0,9,34,3,1
2,1,1,1,0,1,1,1,0,1,1,0,0,1,0,1
0,1,6,2.5,0,0,2,12,0,0,2,0,2,2,0,1
0,1,4.3333333333,1,0,2,2,13,2,0,3,0,1,7,0,1
1,1,1,0,0,1,2,2,0,1,2,0,1,2,0,1
0,1.8,10.4,1,1,2,1,52,3,0,5,0,5,15,1,1
1,0,0,0,0,0,0,0,0,1,0,0,0,0,0,1
0,1,2.7142857143,0.7142857143,0,1,7,19,1,0,7,0,5,7,0,1
0,1,3,1,0,2,1,3,1,0,1,0,0,1,0,1
0,1.5,6,2,0,0,2,12,1,0,2,0,2,3,0,1
2,1,1,1,0,0,2,2,0,1,2,0,1,2,0,1
2,1.3333333333,5.3333333333,1,0,0,2,16,2,0,3,0,2,6,0,1
0,1,1,0,0,0,1,1,0,0,1,0,0,1,0,1
0,1.3333333333,37,1.3333333333,0,0,3,111,1,0,3,0,2,4,0,1
0,1.2,7.6,0.8,1,1,2,38,2,0,5,1,5,13,2,1
1,3,14.3333333333,0.6666666667,1,0,1,43,7,0,3,6,3,17,1,1
0,1,3,0.8,1,1,4,15,0,0,5,0,4,9,4,1
0,5,28.4,0.8,1,0,1,142,3,0,5,3,3,12,1,1
2,1.8,9.2,0.2,2,0,2,46,2,0,5,0,5,12,4,1
2,2,7,0.3333333333,0,0,2,21,2,0,3,0,2,6,0,1
0,2.4444444444,16.0555555556,0.9444444444,1,0,4,289,8,0,18,8,11,50,4,1
0,1,2.3333333333,1.3333333333,0,1,3,7,0,0,3,0,3,3,0,1
11,1.4827586207,5.6896551724,2.6206896552,4,0,6,165,4,3,29,1,23,63,24,0
3,1,3.5,0.625,4,0,3,84,7,0,24,0,24,54,12,1
0,1.5714285714,10.2857142857,1.7142857143,5,1,5,72,0,0,7,0,6,20,25,1
0,1,5.8,1.8,3,1,4,29,1,0,5,0,5,17,12,1
0,1.5,5.5,0.5,0,1,1,11,2,0,2,0,2,4,0,1
0,2.5,17,4,1,1,1,34,9,0,2,0,1,19,1,1
0,1,11,2.5,2,1,1,22,6,0,2,0,2,14,2,1
0,1.1428571429,7.8571428571,0.8571428571,0,1,5,55,1,0,7,0,4,10,0,1
2,0,0,0,0,0,0,0,3,0,0,0,0,0,0,1
0,2.3333333333,11.3333333333,1.3333333333,1,1,1,34,2,0,3,0,0,10,1,1
0,2.25,10.5,1,3,1,1,42,2,0,4,0,0,15,3,1
0,3,14,1.3333333333,0,1,1,42,1,0,3,0,1,6,0,1
0,1.8333333333,7.8333333333,1,1,0,1,47,4,0,6,0,4,20,1,1
0,1,3,0,0,1,1,3,1,0,1,0,1,1,0,1
8,1.2857142857,8.7142857143,0.5714285714,1,1,1,61,4,0,7,0,4,19,1,1
0,1.5,8.5,1.5,3,2,1,17,3,0,2,0,1,11,3,1
7,1.1666666667,1.8333333333,0.5,0,0,5,11,2,2,6,0,0,8,0,1
0,1,2.75,0.5,1,1,4,11,0,0,4,0,0,5,4,1
1,1.3333333333,4.3333333333,0.6666666667,0,0,1,13,1,0,3,1,2,6,0,1
0,1.8,10,0.8,2,1,1,50,5,0,5,0,4,20,2,1
0,1.6666666667,6,0.6666666667,1,1,1,18,2,0,3,0,2,8,1,1
1,1.5,5.5,0.5,0,1,2,11,0,0,2,0,2,3,0,1
2,2.25,10,1.25,2,1,1,40,2,0,4,0,4,19,2,1
2,1,3,1,0,1,1,6,3,0,2,0,2,6,0,1
0,1,5.5,1.5,3,0,1,11,3,0,2,0,1,9,3,1
0,1.3333333333,5,0.6666666667,2,2,1,15,2,0,3,0,2,9,2,1
7,2.1818181818,8.4545454545,1.2727272727,2,1,3,93,6,0,11,0,6,45,6,1
0,2.6666666667,16,1.6666666667,3,2,1,48,4,0,3,0,2,18,3,1
0,1.3333333333,6.3333333333,0.6666666667,2,2,1,19,2,0,3,0,2,9,2,1
0,1,4.3333333333,0.6666666667,2,2,1,13,2,0,3,0,2,9,2,1
0,1.3333333333,6.3333333333,0.6666666667,2,2,1,19,2,0,3,0,2,10,2,1
0,1,4,1,3,2,1,12,3,0,3,0,1,12,3,1
0,1,3.6666666667,1,4,2,1,11,2,0,3,0,1,10,4,1
2,2,6.5555555556,1,1,1,3,59,4,0,9,0,7,30,3,1
0,1.3333333333,5,1,2,2,1,15,3,0,3,0,2,11,2,1
0,1.3333333333,5,0.6666666667,2,2,1,15,2,0,3,0,2,9,2,1
2,2.9333333333,14.2666666667,1.3333333333,5,1,2,214,6,0,15,1,5,62,10,1
1,1,4,2,0,1,1,4,3,0,1,0,0,3,0,1
4,1,1,1,0,0,5,5,0,2,5,0,4,5,0,1
0,2.7777777778,11,1,1,1,1,99,3,0,9,0,8,32,1,1
0,1,3.1428571429,1,1,1,1,22,3,0,7,0,5,20,1,1
0,1,3.3333333333,0.75,0,1,1,40,2,0,12,0,10,24,0,1
0,2.6,9.2,1.8,0,1,7,92,7,0,10,0,6,19,0,1
1,2.25,7.375,1.125,0,1,1,59,6,0,8,0,5,27,0,1
0,1.125,3.75,1,0,1,1,30,2,0,8,0,6,16,0,1
0,1,3.3076923077,1.3076923077,0,1,1,43,2,0,13,0,11,26,0,1
0,4.125,24,0.75,2,2,8,192,9,0,8,1,2,19,16,1
0,2,4.5,1,1,2,2,9,1,0,2,0,0,3,2,1
0,1,3,1,0,0,1,3,0,0,1,0,1,1,0,1
0,1.4,4.8,1.2,1,2,5,24,4,0,5,0,1,6,5,1
0,1,3.5,0.5,0,1,1,7,1,0,2,0,2,4,0,1
0,1,3.2,1.2,0,1,4,16,1,0,5,0,5,7,0,1
0,1.7142857143,5.4285714286,0.5714285714,0,1,1,38,2,0,7,0,6,15,0,1
0,1,3,1,1,2,1,6,2,0,2,0,1,5,1,1
0,2.75,15.25,1.375,0,0,8,122,5,0,8,0,3,8,0,1
0,2,8.5,2,0,1,2,17,3,0,2,0,2,2,0,1
7,1,1,0.8333333333,0,0,6,6,0,2,6,0,5,6,0,1
0,5,26.3333333333,1,0,0,1,158,1,0,6,0,3,13,0,1
0,3.8,15.7,1.1,0,1,2,157,1,0,10,0,5,22,0,1
4,1,1,0.3333333333,0,0,3,3,0,2,3,0,2,3,0,1
1,1.5,15.25,0.25,1,1,2,61,2,1,4,0,3,11,2,1
0,1,3,0,1,2,2,6,0,0,2,0,1,3,2,1
0,1.75,12,0.25,1,1,4,48,4,0,4,0,4,6,4,1
0,1,3,0,3,2,1,3,0,0,1,0,1,4,3,1
0,3,14,2,0,1,1,14,0,0,1,0,1,1,0,1
0,1,12.5,0,2,2,2,25,0,0,2,0,2,4,4,1
0,2,8,1.5,0,0,1,16,2,0,2,0,2,6,0,1
0,2.5,10,1.5,0,0,1,20,2,0,2,0,2,6,0,1
0,2,11.25,1,0,0,2,45,0,0,4,0,1,6,0,1
0,1,7,0,0,1,1,7,0,0,1,0,1,1,0,1
0,1,3,0,0,1,1,3,0,0,1,0,1,1,0,1
0,2,13,0,3,2,1,13,0,0,1,0,1,4,3,1
0,1,3,2,0,0,1,3,1,0,1,0,0,1,0,1
0,1,3,0,0,1,1,3,0,0,1,0,1,1,0,1
0,3,18,0,3,2,1,18,0,0,1,0,1,4,3,1
0,1.5,4.5,0.5,1,1,1,9,1,0,2,0,2,5,1,1
2,1.3333333333,8.8888888889,0.2222222222,3,2,6,80,0,0,9,0,6,24,18,1
0,1,3.5,0.5,1,1,1,7,1,0,2,0,2,5,1,1
0,1,1,0,0,0,3,3,0,0,3,0,2,3,0,1
0,1,10.5,0.5,1,1,1,21,1,0,2,0,2,5,1,1
0,1,3.5,0.5,1,1,1,7,1,0,2,0,2,5,1,1
0,1,3,0,0,1,1,3,0,0,1,0,1,1,0,1
0,1,7,0,2,2,1,7,0,0,1,0,1,4,2,1
0,1,4,0,0,1,1,4,0,0,1,0,1,1,0,1
14,1.4,5.8,0.4,2,1,5,29,2,7,5,0,1,9,10,1
0,1.4285714286,7.1428571429,0,3,2,7,50,0,0,7,0,7,21,21,1
0,1,4,0,0,1,1,4,0,0,1,0,1,1,0,1
0,1,3,0,0,1,1,3,0,0,1,0,1,1,0,1
0,0,0,0,0,0,0,0,0,0,0,0,0,0,0,1
0,1,3,0.5,0,1,2,6,1,0,2,0,1,2,0,1
1,1,5,0,0,1,1,5,1,0,1,0,1,2,0,1
0,2,25,0,0,1,1,25,0,0,1,0,1,1,0,1
1,1,1,0,0,0,1,1,0,0,1,0,0,1,0,1
0,1,3,1,0,0,1,3,0,0,1,0,1,1,0,1
0,6,23,1,2,0,1,23,0,0,1,0,1,3,2,1
1,1,1,1,0,0,1,1,0,1,1,0,0,1,0,1
2,1,1,1,0,0,1,1,0,1,1,0,0,1,0,1
0,1,3,1,0,1,1,3,1,0,1,0,1,2,0,1
0,1.6666666667,9.6666666667,0.6666666667,0,1,1,29,2,0,3,0,2,7,0,1
0,3,15.5,0.75,2,0,1,62,4,0,4,0,2,16,2,1
0,1,3.5,0.5,0,2,2,7,2,0,2,0,2,2,0,1
0,1,3,0.5,0,1,2,6,0,0,2,0,2,2,0,1
0,1,3,1.5,0,2,2,6,0,0,2,0,2,2,0,1
2,1,1,2.1428571429,0,0,7,7,0,1,7,0,6,7,0,1
1,1,1,0.6666666667,0,0,3,3,0,1,3,0,2,3,0,1
1,1,1,1,0,0,5,5,0,1,5,0,4,5,0,1
0,1.625,9,2.125,3,1,1,72,2,0,8,0,7,27,3,1
0,1.3333333333,6.3333333333,0.6666666667,1,1,3,19,0,0,3,0,3,7,3,1
1,1,3.8333333333,0.8333333333,2,1,6,23,0,0,6,0,3,13,12,1
0,1,2.9325842697,0.606741573,0,1,89,261,1,0,89,1,82,89,0,1
0,1,2.4893617021,1.5744680851,0,1,47,117,1,0,47,1,47,47,0,1
0,1.8571428571,7.7142857143,0.4285714286,2,1,1,54,1,0,7,0,7,26,2,1
0,2.0833333333,9.75,1,2,1,2,117,1,0,12,0,10,34,4,1
0,1,3.5,0.5,2,1,1,7,1,0,2,0,1,6,2,1
0,1,4.5,1,2,1,1,9,1,0,2,0,2,6,2,1
0,1.4,6.3,1.2,3,1,9,63,0,0,10,0,7,16,27,1
0,1.1,4,1.1,0,0,6,40,1,0,10,0,9,14,0,1
23,1,3.5,0.5,0,0,1,7,2,9,2,0,1,4,0,1
1,1.5555555556,8.8333333333,0.1666666667,4,1,13,159,1,0,18,0,17,45,52,1
0,1,3,1.5,0,2,2,6,0,0,2,0,2,2,0,1
2,1,1,0.3333333333,0,0,6,6,0,1,6,0,5,6,0,1
3,1,2.75,1,0,1,4,11,0,3,4,0,0,4,0,1
0,1,4,1.5,0,2,2,8,0,0,2,0,2,2,0,1
3,1,1,1,0,0,11,11,0,1,11,0,10,11,0,1
1,1,1,0,0,0,1,1,0,1,1,0,0,1,0,1
1,1,1,1,0,0,1,1,0,1,1,0,0,1,0,1
8,1,1,1.3333333333,0,0,9,9,0,1,9,0,8,9,0,1
5,1,2.75,1,0,0,4,11,0,2,4,0,4,4,0,1
0,1,2.75,1,0,1,4,11,0,0,4,0,4,4,0,1
2,1,1,0.1176470588,0,0,17,17,1,1,17,0,17,17,0,1
0,1.6,9.4,0.4,0,1,1,47,3,0,5,0,4,13,0,1
0,1,3.25,0.75,1,1,1,13,2,0,4,0,3,11,1,1
0,1.5,5.5,0.5,1,2,1,11,2,0,2,0,2,6,1,1
1,1.875,13.5,1.125,1,1,2,108,5,0,8,0,6,29,2,1
2,1,1,0.3333333333,0,0,3,3,0,1,3,0,2,3,0,1
0,1,1,1,0,1,1,1,0,0,1,0,0,1,0,1
1,1.1538461538,4.5384615385,0.5384615385,0,0,2,59,5,0,13,0,13,31,0,1
1,1,1,0.3333333333,0,0,3,3,0,1,3,0,2,3,0,1
0,1.05,5.975,0,1,0,40,239,4,0,40,0,39,48,40,1
0,1,3,0,0,0,4,12,2,0,4,0,3,4,0,1
0,1,3,0,1,0,1,21,0,0,7,0,6,18,1,1
0,1,7.0666666667,0,2,0,15,106,4,0,15,0,14,19,30,1
0,1,6.2058823529,0,2,0,34,211,5,0,34,0,33,46,68,1
0,1,4.75,0,1,0,4,19,3,0,4,0,3,5,4,1
0,1,5,0,1,0,5,25,3,0,5,0,4,6,5,1
0,1,4.125,0,1,0,8,33,2,0,8,0,8,15,8,1
0,1,4.125,0,2,0,8,33,2,0,8,0,8,15,16,1
0,1,3.5,1.5,0,3,1,7,1,0,2,0,2,4,0,1
0,1,3,1,0,1,2,6,0,0,2,0,2,2,0,1
1,1.2,4,0.8,0,3,4,20,1,0,5,0,5,7,0,1
1,1,3,0.6666666667,0,1,3,9,2,0,3,2,3,5,0,1
0,1,3,0,0,1,1,3,0,0,1,0,1,1,0,1
0,1.5,6.5,0.5,0,1,1,13,1,0,2,0,1,4,0,1
0,1.5,15.5,2,0,1,2,31,0,0,2,0,2,2,0,1
0,1.0909090909,3.2727272727,0.4545454545,0,0,11,36,2,0,11,0,11,11,0,1
0,1,2.75,0.5,0,0,4,11,1,0,4,0,4,4,0,1
0,1.5,5,1,0,1,1,10,1,0,2,0,2,4,0,1
0,2,7,3,0,3,1,14,1,0,2,0,2,4,0,1
0,2,9.5,1.75,1,3,3,76,3,0,8,0,6,20,3,1
0,1,5,3,0,3,1,5,0,0,1,0,1,1,0,1
0,1,3,1,0,1,2,6,0,0,2,0,2,2,0,1
1,1,1,1,0,0,1,1,0,0,1,0,0,1,0,1
0,1,3,0.25,0,1,4,12,1,0,4,1,4,4,0,1
0,1.5,8,1,0,4,2,16,0,0,2,0,2,2,0,1
4,1,1,0,0,0,1,1,1,2,1,1,0,1,0,1
0,2.3333333333,8.6666666667,0.6666666667,1,1,1,26,1,0,3,0,3,8,1,1
0,2.6666666667,9,0.3333333333,0,1,3,27,2,0,3,0,2,3,0,1
0,2,6,2,0,1,1,6,1,0,1,1,1,1,0,1
4,1.8863636364,28.8295454545,0.8522727273,14,3,28,2537,17,1,88,5,42,217,392,0
1,1.2857142857,7.3333333333,1.1428571429,4,0,7,154,0,0,21,0,21,45,28,1
0,1.8,9.4,0.8,0,1,1,47,4,0,5,1,3,13,0,1
0,6,22,1,0,0,1,22,0,0,1,0,1,1,0,1
0,1.4,5,0.6,0,1,1,25,2,0,5,0,1,14,0,1
0,1,4.5,0.5,1,2,1,18,1,0,4,0,0,11,1,1
0,1.3333333333,3.6666666667,1.3333333333,0,1,1,11,1,0,3,0,2,6,0,1
1,1.4,5,0.4,0,1,2,25,0,1,5,0,2,8,0,1
0,1,1,0,0,0,1,1,0,0,1,0,1,1,0,1
0,1,4,2,0,3,1,8,1,0,2,1,2,4,0,1
0,1,3,1,0,1,2,6,0,0,2,0,2,2,0,1
0,1,2.5,0.1666666667,0,1,4,15,1,0,6,0,6,9,0,1
0,1.5,7.5,1,0,0,1,15,0,0,2,0,1,3,0,1
0,1.3333333333,6.3333333333,4.3333333333,2,5,1,19,2,0,3,1,3,16,2,1
0,1,3,0,0,3,1,3,0,0,1,0,1,1,0,1
0,0,0,0,0,0,0,0,0,0,0,0,0,0,0,1
0,1,3,2,0,0,1,3,0,0,1,0,1,1,0,1
1,1,1,0,0,0,1,1,0,0,1,0,0,1,0,1
0,1,3,2,2,0,1,3,0,0,1,0,1,3,2,1
1,1,1,0,0,0,1,1,0,0,1,0,0,1,0,1
0,1,1,2,0,0,3,3,0,0,3,0,3,3,0,1
0,1,1,0,0,0,1,1,0,0,1,0,0,1,0,1
0,1,4,2,0,0,2,8,1,0,2,0,2,2,0,1
0,1.625,6.875,1.75,1,1,3,55,6,0,8,2,8,28,3,1
1,1.3333333333,3.6666666667,1.6666666667,0,1,3,11,1,0,3,1,3,4,0,1
0,2.6666666667,8.6666666667,0.3333333333,0,0,1,26,3,0,3,0,3,10,0,1
0,1,4,2.2,0,3,2,20,2,0,5,0,4,13,0,1
0,1,4,2,0,3,1,8,1,0,2,1,2,4,0,1
0,1,3,0,0,1,1,3,0,0,1,0,1,1,0,1
2,2,8.8,0.2,0,0,2,44,2,0,5,0,5,11,0,1
0,1,1.6666666667,1,0,3,3,5,0,0,3,0,2,3,0,1
0,1,4,2.5,0,2,2,8,0,0,2,0,1,2,0,1
0,1,3.6666666667,0.6666666667,0,1,3,11,0,0,3,0,3,3,0,1
2,1,3.25,0.25,1,0,2,13,3,0,4,2,4,10,2,1
0,1,1,0,0,0,1,1,0,0,1,0,0,1,0,1
0,7.5,25,2,1,2,1,50,1,0,2,0,0,6,1,1
0,2.75,39.75,0,1,4,4,159,2,0,4,1,1,7,4,1
0,2,8,3,0,3,1,8,0,0,1,0,1,1,0,1
0,1,5,3,0,3,1,5,0,0,1,0,1,1,0,1
0,1,3,1,0,1,2,6,0,0,2,0,2,2,0,1
0,3.6666666667,38.6666666667,0,0,0,3,116,2,0,3,0,1,5,0,1
0,1.1111111111,18,0.4444444444,0,0,9,162,0,0,9,0,9,9,0,1
0,1,3,1.5,0,0,2,6,0,0,2,0,2,2,0,1
0,2.8,11.8,1.4,0,1,1,59,6,0,5,0,3,22,0,1
0,1.5,7,2,0,0,2,14,0,0,2,0,2,2,0,1
1,1.4285714286,9.4285714286,0.5714285714,0,0,2,66,3,0,7,0,6,17,0,1
0,1,4,0,0,0,1,4,0,0,1,0,1,1,0,1
0,1,22,2,0,0,1,22,1,0,1,0,1,2,0,1
0,1.5,4.5,1,0,0,2,9,3,0,2,2,2,5,0,1
1,1.4444444444,5.4444444444,0.7777777778,0,0,1,49,3,0,9,0,9,22,0,1
0,0,0,0,0,0,0,0,0,0,0,0,0,0,0,1
0,1,3,1,0,0,2,6,0,0,2,0,2,2,0,1
0,2,6,0,0,1,1,6,1,0,1,0,1,2,0,1
0,3.5,19,3,0,0,1,38,0,0,2,0,2,3,0,1
1,1,3.5714285714,0,1,0,1,25,6,1,7,5,6,26,1,1
1,1,1,1,0,0,3,3,0,1,3,0,2,3,0,1
0,2,8.5,0.5,0,1,4,34,3,0,4,0,2,4,0,1
1,1,1,1,0,0,2,2,0,1,2,0,1,2,0,1
0,1.8888888889,8.8888888889,0.8888888889,0,1,9,80,4,0,9,0,7,9,0,1
0,1.2857142857,4.2857142857,0.4285714286,0,1,7,30,1,0,7,0,7,8,0,1
3,0,0,0,0,0,0,0,0,3,0,0,0,0,0,1
0,1.2857142857,4.2857142857,0.5714285714,0,1,7,30,1,0,7,0,7,8,0,1
1,1.6923076923,6.2307692308,0.8461538462,0,1,13,81,3,0,13,1,11,15,0,1
0,1.75,6.5,0.8333333333,0,0,12,78,3,0,12,1,10,14,0,1
0,5,16,1,0,0,1,16,1,0,1,0,1,2,0,1
3,1,3,0.875,0,1,1,24,1,2,8,0,6,17,0,1
6,1.1666666667,3.5,1,0,1,1,21,1,2,6,0,5,12,0,1
0,6,54,2,0,0,1,54,0,0,1,0,1,1,0,1
0,1.1666666667,4.8333333333,1.3333333333,0,0,5,29,0,0,6,0,6,7,0,1
0,5,16,1,0,0,1,16,1,0,1,0,1,2,0,1
0,1,3,0.5,0,2,2,6,0,0,2,0,2,2,0,1
0,1.0909090909,3.9090909091,0.3636363636,0,1,1,43,5,0,11,1,11,27,0,1
0,1,3,0,0,1,2,12,0,0,4,0,4,6,0,1
0,1,3,1,1,2,2,6,0,0,2,0,2,3,2,1
0,1.2307692308,4.2307692308,1.0769230769,0,1,4,55,1,0,13,0,12,23,0,1
2,1,1,1.5,0,0,2,2,0,1,2,0,1,2,0,1
0,1.8,8.7,0.9,1,1,1,87,3,0,10,0,6,30,1,1
0,1.2857142857,3.7142857143,0.2857142857,0,0,7,26,1,0,7,0,7,7,0,1
0,1,1,0,0,0,1,1,0,0,1,0,0,1,0,1
0,1,3.6666666667,0.3333333333,0,0,3,11,1,0,3,0,2,3,0,1
2,1.6,5.7,1.5,0,1,4,57,1,1,10,0,5,17,0,1
3,1.5,5.5,0.5,1,0,1,11,1,2,2,0,0,5,1,1
0,1.3333333333,4.6666666667,0.3333333333,1,1,2,14,1,0,3,0,2,7,2,1
0,1.25,5.25,0.75,0,1,4,21,1,0,4,0,2,4,0,1
2,1,1,1,0,0,2,2,0,1,2,0,1,2,0,1
0,1,4,1.6666666667,1,2,1,12,1,0,3,0,1,8,1,1
1,1,3,1.3333333333,0,1,1,9,1,0,3,0,3,6,0,1
0,3.5,19.5,1,0,0,1,39,2,0,2,0,2,6,0,1
0,1,11,0,0,0,1,11,0,0,1,0,1,1,0,1
0,1,5.6,0,0,0,5,28,0,0,5,0,5,5,0,1
0,1,5.6666666667,0,1,0,3,17,0,0,3,0,3,7,3,1
0,1,10.25,0.25,0,0,1,41,1,0,4,0,3,10,0,1
0,1,47,0,2,0,1,47,1,0,1,0,1,5,2,1
0,0,0,0,0,0,0,0,1,0,0,1,0,0,0,1
0,1.3333333333,4,0.6666666667,0,0,3,12,2,0,3,0,2,3,0,1
0,1,3,0.5,0,0,2,6,0,0,2,0,1,2,0,1
0,1,4,0.5,0,0,2,8,1,0,2,1,1,2,0,1
0,1,4.6666666667,0,0,0,1,14,1,0,3,0,3,6,0,1
0,1,3.5,1,0,0,2,7,1,0,2,0,1,2,0,1
