0,0,0,0,0,0,0,0,0,0,0,0,0,1
0,0,0,0,0,0,0,0,0,0,0,0,0,1
45,7,31.6923076923,2.6923076923,19,9,412,2,13,2,13,72,171,0
0,1,14,1.5,2,2,28,2,2,2,2,7,4,1
0,1,23.5,1.5,6,2,47,2,2,2,2,13,12,1
0,1,12.5,1.5,3,2,25,1,2,1,2,6,6,1
0,1.6,18,2,14,3,90,0,5,0,5,34,42,1
0,1,37,1.5,7,2,74,2,2,2,2,12,14,1
1,2.1666666667,27,2.25,22,9,324,2,12,2,12,106,198,1
0,1,25.5,1.5,6,2,51,2,2,2,2,13,12,1
1,3,34,3,13,2,102,0,3,0,3,25,26,1
0,2,100.5,1.5,5,2,201,34,2,34,2,78,10,1
1,1.9302325581,16.2325581395,2.8372093023,17,31,698,1,43,1,43,224,527,0
0,1,11.5,1.5,2,2,23,2,2,2,2,7,4,1
0,1,10,2,2,1,10,0,1,0,1,3,2,1
6,1,29.1428571429,2.1428571429,18,7,204,0,7,0,7,62,126,1
0,1,10,2,2,1,10,0,1,0,1,3,2,1
0,1,6,1.5,1,2,12,0,2,0,2,3,2,1
2,1,21.3333333333,1.3333333333,6,2,64,3,3,3,3,16,12,1
1,1,14.5,3,4,2,29,0,2,0,2,9,8,1
0,3,30,1.5,4,2,60,2,2,2,2,12,8,1
0,2,13.3333333333,1.6666666667,2,1,40,0,3,0,3,9,2,1
0,14.5,109,1.5,12,2,218,5,2,5,2,33,24,1
1,1,25.6666666667,2.3333333333,12,3,231,0,9,0,9,50,36,1
0,1,16,1.5,3,2,32,1,2,1,2,6,6,1
0,2,21.9166666667,2.0833333333,24,8,263,2,12,2,12,97,192,1
0,3,53.5,1.5,9,2,107,4,2,4,2,24,18,1
1,2.8181818182,25.5454545455,2.1818181818,16,11,281,0,11,0,11,67,176,1
0,1,20.5,1.5,6,2,41,2,2,2,2,12,12,1
0,2,19.5,1.5,2,2,39,2,2,2,2,9,4,1
0,2.6,35.8,2.4,14,2,179,2,5,2,5,33,28,1
1,2.1739130435,22.2173913043,2.1739130435,30,17,511,0,23,0,23,129,510,1
0,1,15,1.5,4,2,30,2,2,2,2,9,8,1
1,1.5,28.25,2.5,9,3,113,0,4,0,4,23,27,1
0,3.1666666667,41.3333333333,2.5,17,2,248,2,6,2,6,64,34,1
2,2.0588235294,34,2.8823529412,25,8,578,0,17,0,17,105,200,1
0,3,34.5,1.5,9,2,69,1,2,1,2,13,18,1
1,4,39,3,9,1,39,0,1,0,1,12,9,1
0,1,8,1.5,1,2,16,1,2,1,2,4,2,1
0,1,8,2,3,1,8,0,1,0,1,4,3,1
0,1,250,1.5,7,2,500,11,2,11,2,47,14,1
1,2.3076923077,31.1153846154,2.5384615385,18,19,809,0,26,0,26,234,342,0
0,1,23.5,1.5,6,2,47,2,2,2,2,13,12,1
0,2.5,44,2.5,10,1,88,0,2,0,2,14,10,1
0,1,5,1.5,1,2,10,1,2,1,2,4,2,1
0,1,9,2,2,2,18,0,2,0,2,4,4,1
0,5.5,59,1.5,8,2,118,5,2,5,2,25,16,1
1,2.2083333333,26.6666666667,2.9166666667,32,17,640,8,24,8,24,184,544,0
0,2,15,1.5,4,2,30,1,2,1,2,7,8,1
0,3,21.6666666667,2,9,3,65,0,3,0,3,24,27,1
0,3.6666666667,84,2,16,2,252,8,3,8,3,49,32,1
1,2.2142857143,24.0714285714,2.5714285714,44,33,1011,8,42,8,42,290,1452,0
0,1,36.5,1.5,5,2,73,4,2,4,2,18,10,1
1,1.8,22.2,2.8,11,4,111,0,5,0,5,38,44,1
0,1,23.5,1.5,7,2,47,2,2,2,2,14,14,1
0,2.3333333333,28.3333333333,2.3333333333,9,2,85,0,3,0,3,17,18,1
0,2.5,23.5,1.5,6,2,47,2,2,2,2,13,12,1
0,4.9,57.4,2.6,17,2,574,2,10,2,10,119,34,1
1,2.7,36.2,4,22,2,362,0,10,0,10,74,44,1
0,1,30,1.5,4,2,60,3,2,3,2,13,8,1
1,2,21.5,2.5,8,3,86,0,4,0,4,26,24,1
0,1,11.5,1.5,2,2,23,2,2,2,2,7,4,1
0,1,10,2,2,1,10,0,1,0,1,3,2,1
0,2.5,26,1.5,7,2,52,1,2,1,2,11,14,1
0,1.5,27.4375,2.5,16,12,439,7,16,7,16,105,192,0
0,1,13,1.5,3,2,26,1,2,1,2,6,6,1
0,1.6666666667,25.4444444444,2.2222222222,15,4,229,3,9,3,9,74,60,1
0,1,17,1.5,3,2,34,2,2,2,2,8,6,1
1,1.75,24.5,2.5,9,3,98,0,4,0,4,18,27,1
0,1,34.5,1.5,7,2,69,2,2,2,2,14,14,1
1,1.3636363636,14.5454545455,2.1818181818,9,9,160,0,11,0,11,31,81,1
0,3.3333333333,39,3.3333333333,11,2,117,1,3,1,3,31,22,1
1,1.875,21.25,2.625,21,5,170,0,8,0,8,72,105,1
0,1,14.5,1.5,2,2,29,2,2,2,2,7,4,1
0,1,20.5,1.5,6,2,41,2,2,2,2,12,12,1
0,2,64.5,1.5,10,2,129,17,2,17,2,57,20,1
1,2.5882352941,21.5294117647,2.9411764706,12,11,366,0,17,0,17,108,132,1
0,1,67.5,1.5,9,2,135,4,2,4,2,26,18,1
1,1.3333333333,24.1481481481,2.2222222222,31,22,652,4,27,4,27,149,682,0
0,6.25,69,2,17,2,276,7,4,7,4,72,34,1
1,1.1333333333,19.2,2.2333333333,19,29,576,0,30,0,30,148,551,0
2,3.25,49.25,2.5,6,2,197,0,4,0,4,19,12,1
1,1,36,2.3333333333,3,3,108,0,3,0,3,7,9,1
1,2.3076923077,27.9230769231,2.4615384615,14,2,363,2,13,2,13,109,28,1
1,1,16.4285714286,2,11,7,115,0,7,0,7,38,77,1
1,1.1666666667,35.8333333333,5,16,3,215,0,6,0,6,38,48,1
1,6.6666666667,46.6666666667,3,6,1,140,0,3,0,3,20,6,1
0,1,28.25,1,1,8,226,0,8,0,8,24,8,1
0,0,0,0,0,0,0,0,0,0,0,0,0,1
1,9.8,65.2,2,5,1,326,5,5,5,5,33,5,1
5,1,93,4,4,1,186,0,2,0,2,9,4,1
27,13.1111111111,86.2222222222,2.3333333333,7,3,776,51,9,51,9,156,21,0
14,9.25,54.375,2.25,4,3,435,31,8,31,8,81,12,0
4,3.4444444444,30.8888888889,2,3,5,278,14,9,14,9,44,15,1
0,2.8333333333,27.8333333333,2.1666666667,5,1,167,7,6,7,6,30,5,1
3,14,79.1666666667,2,3,3,475,34,6,34,6,82,9,0
0,2.6666666667,23.5,2,3,3,141,7,6,7,6,30,9,1
0,0,0,0,0,0,0,0,0,0,0,0,0,1
1,7.5,64.5,3,6,1,129,0,2,0,2,12,6,1
1,1.75,17.75,2.75,6,1,71,0,4,0,4,19,6,1
4,3,30.5,2.25,4,3,122,2,4,2,4,16,12,1
5,2.1052631579,21.9473684211,2,15,5,417,7,19,7,19,89,75,1
6,2.8571428571,34.2857142857,2.7142857143,2,1,240,1,7,1,7,19,2,1
0,3.6666666667,38,1.6666666667,9,4,228,0,6,0,6,35,36,1
0,2,37.95,1,1,40,1518,0,40,0,40,120,40,1
61,0,0,0,0,0,0,12,0,12,0,0,0,1
6,3,31,4,4,3,93,1,3,1,3,13,12,1
2,2,21.8,1.6,7,5,109,0,5,0,5,28,35,1
3,1.25,45.0833333333,4.6666666667,27,4,541,0,12,0,12,102,108,0
1,1,36.5,2,8,1,73,0,2,0,2,13,8,1
58,2.1034482759,13.2068965517,2.2068965517,4,4,383,26,29,26,29,116,16,1
2,4.6666666667,31.5,1.1666666667,12,5,189,0,6,0,6,55,60,1
3,1,13.375,1.75,9,7,107,0,8,0,8,37,63,1
1,3.4,34,3.8,5,1,170,3,5,3,5,26,5,1
2,2,39,1.25,9,3,156,0,4,0,4,35,27,1
1,5.7857142857,47.2142857143,5.2142857143,6,1,661,8,14,8,14,95,6,0
14,2.6363636364,27.9090909091,6.6363636364,6,10,307,0,11,0,11,73,60,1
1,9,60,1.2,11,4,300,0,5,0,5,51,44,1
89,4.25,30.375,2,9,1,486,12,16,12,16,90,9,1
41,3.275862069,23.275862069,1.9655172414,8,17,675,3,29,3,29,78,136,0
2,2,16.75,2,1,3,67,4,4,4,4,17,3,1
6,1.4285714286,22.1428571429,2.1428571429,3,2,155,0,7,0,7,26,6,1
8,4.4,38.5,4.9,4,2,770,14,20,14,20,136,8,0
1,2.3333333333,29.6666666667,5.6666666667,6,1,89,0,3,0,3,15,6,1
3,0,0,0,0,0,0,7,0,7,0,0,0,1
2,6,57.6428571429,2.9285714286,10,2,807,11,14,11,14,122,20,0
1,1.5,82.25,4.375,9,1,658,0,8,0,8,85,9,1
22,2,18.9393939394,2.3636363636,17,7,625,20,33,20,33,173,119,0
1,1.8181818182,14.2727272727,2.9090909091,3,3,157,12,11,12,11,48,9,1
1,1.75,19.25,1.875,10,3,154,3,8,3,8,38,30,1
1,1,193,3,7,1,193,0,1,0,1,9,7,1
1,1,86,2,6,1,86,0,1,0,1,12,6,1
7,2.9259259259,25.0740740741,2.7777777778,11,2,677,8,27,8,27,126,22,1
1,25,191,3,8,1,191,0,1,0,1,23,8,1
2,3.2727272727,18.8181818182,2.0909090909,5,3,207,10,11,10,11,72,15,1
7,1.25,13.6875,2.5,9,7,219,5,16,5,16,64,63,1
3,3.2,92.2,6.4,10,3,461,0,5,0,5,42,30,1
12,1,43.5454545455,10,13,5,479,0,11,0,11,118,65,0
0,1.4,11.8,1.4,3,3,59,3,5,3,5,15,9,1
0,2,17.625,2.125,8,3,141,5,8,5,8,35,24,1
8,2,20,2.6,3,1,100,3,5,3,5,21,3,1
105,2.3902439024,20.512195122,1.9756097561,9,3,841,26,41,26,41,206,27,0
101,2.5666666667,19.7133333333,1.9466666667,26,5,2957,56,150,56,150,808,130,0
2,1.6666666667,47.6666666667,6.8333333333,4,3,286,0,6,0,6,22,12,1
5,1,14.0909090909,2.4545454545,2,5,155,0,11,0,11,34,10,1
0,2,25,2,2,1,25,0,1,0,1,3,2,1
5,2,46,4.25,2,1,184,0,4,0,4,10,2,1
1,2,28,2,2,1,28,0,1,0,1,3,2,1
10,2.0512820513,22.4615384615,2.3846153846,18,16,876,8,39,8,39,144,288,0
4,5.125,31.875,1.5,2,4,255,0,8,0,8,23,8,1
42,2.4210526316,20.6052631579,1.5263157895,11,18,783,18,38,14,38,102,198,0
29,2.8965517241,27.1379310345,2.2068965517,13,2,787,19,29,19,29,206,26,0
3,1,11.8,1.4,5,4,59,3,5,3,5,15,20,1
2,6.3333333333,57.5333333333,6.2,23,1,863,19,15,19,15,160,23,0
2,6.5,99,12,17,1,198,0,2,0,2,35,17,1
1,1,102,10,14,2,204,0,2,0,2,36,28,1
2,1,25,2,4,1,25,0,1,0,1,6,4,1
7,6,88,2,9,1,88,0,1,0,1,14,9,1
2,2,38,2,7,1,38,0,1,0,1,10,7,1
0,1,203,6,6,1,203,0,1,0,1,11,6,1
5,1,31,4.5,8,1,62,0,2,0,2,15,8,1
3,3.3333333333,29.6666666667,4,7,1,89,10,3,10,3,19,7,1
5,1,24.3333333333,1.6666666667,5,2,73,0,3,0,3,22,10,1
2,2.4285714286,43.7142857143,5.4285714286,21,1,306,0,7,0,7,75,21,1
6,6.8888888889,101.4444444444,7.7777777778,21,1,913,0,9,0,9,90,21,0
0,1.4444444444,15.5555555556,2.1111111111,7,3,140,6,9,6,9,37,21,1
2,2,20.3333333333,2.0666666667,6,4,305,5,15,5,15,73,24,1
0,1.8888888889,15.2222222222,2.1111111111,5,3,137,8,9,8,9,35,15,1
1,2,23,3,2,1,23,0,1,0,1,3,2,1
1,1,12,2,2,1,12,0,1,0,1,3,2,1
15,2.5882352941,28.7647058824,2.6470588235,9,5,489,13,17,13,17,51,45,1
3,5.5,43.0714285714,2.5714285714,7,8,603,17,14,17,14,48,56,1
0,1,4,1,0,1,4,0,1,0,1,1,0,1
1,2,14.625,1.75,1,6,117,6,8,6,8,12,6,1
2,1.8333333333,14.2777777778,1.9444444444,2,4,257,9,18,9,18,70,8,1
0,1.6,16,1.4,8,3,80,3,5,3,5,21,24,1
1,3.875,59.875,3,11,3,479,10,8,10,8,73,33,1
2,1,86.5,2.5,6,2,173,0,2,0,2,31,12,1
16,3.7833333333,30.65,2.9166666667,15,4,1839,14,60,14,60,349,60,0
2,3.375,25.5,2.125,6,4,204,11,8,11,8,24,24,1
5,2.125,24.9,2.95,20,5,996,12,40,12,40,250,100,0
0,2.4,19,1.4,4,3,95,4,5,4,5,20,12,1
16,1.5,11.25,1.75,1,4,135,7,12,7,12,30,4,1
0,1.75,15,2.125,5,3,120,5,8,5,8,35,15,1
12,1.0625,36.875,2.5625,4,7,590,3,16,3,16,51,28,1
4,1.0909090909,9.0909090909,1.7272727273,2,3,100,5,11,5,11,35,6,1
1,9.4,54,2.6,10,1,270,0,5,0,5,33,10,1
11,1.0769230769,20.4615384615,1.7692307692,11,7,266,0,13,0,13,51,77,1
4,6.6,86,10,9,1,430,0,5,0,5,32,9,1
0,0,0,0,0,0,0,3,0,3,0,0,0,1
0,0,0,0,0,0,0,5,0,5,0,0,0,1
0,12,118,6,9,1,118,0,1,0,1,22,9,1
3,8.2765957447,81.5744680851,3.3191489362,22,2,3834,41,47,41,47,448,44,0
0,1,186,7,12,1,186,0,1,0,1,35,12,1
0,2.3125,23.875,1.9375,24,1,382,0,16,0,16,105,24,1
0,1,139,4,11,1,139,0,1,0,1,25,11,1
10,1,13,2,3,2,26,0,2,0,2,5,6,1
17,3,24,3,5,7,216,0,9,0,9,38,35,1
4,5.1428571429,32.7142857143,5.2857142857,5,6,229,0,7,0,7,27,30,1
2,4.6666666667,98.5,3.5,26,3,591,0,6,0,6,110,78,1
7,2.4285714286,43.5714285714,2.5714285714,25,7,305,0,7,0,7,107,175,1
0,6,55,10,6,1,55,0,1,0,1,9,6,1
5,1,38.3333333333,3,5,3,115,0,3,0,3,25,15,1
1,1,29.6666666667,5.3333333333,8,3,89,0,3,0,3,26,24,1
3,1,19,2,0,1,19,54,1,54,1,1,0,1
5,3,24.1428571429,1.4285714286,11,3,169,0,7,0,7,37,33,1
1,1,67.5,5.5,21,3,270,0,4,0,4,58,63,1
0,8.75,81,3.25,13,1,324,0,4,0,4,54,13,1
14,1,22.5,3.6666666667,5,5,135,0,6,0,6,40,25,1
1,8,147.5,5,18,2,295,0,2,0,2,47,36,1
1,16.6,126.2,8.6,12,1,631,0,5,0,5,53,12,1
25,1.0638297872,15.6595744681,3.4042553191,10,46,736,0,47,0,47,141,460,0
24,4.1818181818,27.6818181818,1.5454545455,10,13,609,0,22,0,22,80,130,0
8,4.08,33.56,2.28,15,7,839,10,25,10,25,112,105,0
3,2.9523809524,26.4761904762,1.619047619,13,3,556,17,21,17,21,157,39,0
2,2.5,18,2.5,5,4,108,3,6,3,6,16,20,1
0,5.7777777778,46.1111111111,2.1111111111,18,3,415,18,9,18,9,111,54,0
1,2.25,55,2.25,10,2,220,0,4,0,4,32,20,1
6,1,29.8,4.8,4,5,149,0,5,0,5,37,20,1
1,4,46,6,6,2,92,0,2,0,2,18,12,1
138,1.3294117647,21,2.5058823529,28,25,1785,57,85,57,85,384,700,0
0,3.7777777778,31,2.1111111111,10,3,279,13,9,13,9,87,30,1
11,2.0625,15.25,1.375,4,12,244,2,16,2,16,41,48,1
5,1.8888888889,31.4444444444,2.6666666667,10,8,566,8,18,8,18,85,80,0
3,1.4285714286,11.1428571429,2,2,3,78,3,7,3,7,18,6,1
17,1.5714285714,40.8571428571,1.4285714286,18,5,286,0,7,0,7,80,90,1
11,1.2307692308,12.0769230769,2.2307692308,11,3,157,3,13,3,13,53,33,1
0,1.8,16.4,1.8,3,3,82,4,5,4,5,19,9,1
0,1.5555555556,13.6666666667,2.1111111111,5,3,123,3,9,3,9,30,15,1
0,2.2,17.4,1.4,3,3,87,5,5,5,5,24,9,1
0,2,17.375,2.125,7,3,139,5,8,5,8,34,21,1
18,2.5833333333,17.9583333333,1.9583333333,5,4,431,6,24,6,24,108,20,1
0,1.8888888889,23.6666666667,2.1111111111,12,3,213,7,9,7,9,57,36,1
212,1.3888888889,19.2777777778,1.7777777778,6,2,347,13,18,13,18,67,12,1
10,1.5555555556,11.2222222222,1.7777777778,5,4,101,7,9,7,9,30,20,1
1,3.7272727273,41.4545454545,4.5454545455,23,4,456,8,11,8,11,97,92,0
2,1,95.2857142857,2.7142857143,13,7,667,0,7,0,7,66,91,1
1,3,39,2,7,1,39,0,1,0,1,10,7,1
2,3.1666666667,23.3333333333,1,5,1,140,0,6,0,6,20,5,1
1,18,218,1,3,1,218,0,1,0,1,7,3,1
66,1.217877095,12.469273743,2.0111731844,7,49,2232,35,179,35,179,485,343,0
9,2.619047619,16.380952381,2.0952380952,8,3,344,6,21,6,21,79,24,1
3,0,0,0,0,0,0,6,0,6,0,0,0,1
1,1,90,3,7,2,180,0,2,0,2,22,14,1
9,1.125,12.25,1.6875,8,7,196,3,16,3,16,61,56,1
1,1.5,14.75,1.875,8,4,118,3,8,3,8,27,32,1
0,1.9444444444,16.9444444444,1.6666666667,6,1,305,10,18,10,18,69,6,1
4,2.75,57.75,4.75,6,1,231,0,4,0,4,28,6,1
28,1,20.6,2.5,3,7,206,8,10,8,10,34,21,1
4,1.7272727273,16,1.8181818182,2,7,176,11,11,11,11,30,14,1
8,1.9655172414,18.5862068966,2.2068965517,11,5,539,17,29,17,29,178,55,0
14,1,10.25,1,0,1,41,4,4,4,4,12,0,1
0,1.625,14.875,2.125,6,3,119,5,8,5,8,36,18,1
2,1,29.9166666667,4,7,8,359,14,12,14,12,36,56,1
11,2.7391304348,20.347826087,1.6956521739,12,18,468,13,23,13,23,57,216,0
2,1.4117647059,8.8823529412,1.8823529412,2,4,151,5,17,5,17,55,8,1
6,1.2105263158,12.9473684211,1.2631578947,1,7,246,5,19,5,19,42,7,1
1,2.1578947368,23.7368421053,2.2105263158,10,3,451,11,19,11,19,104,30,1
9,1.1111111111,16.5555555556,1.4444444444,1,3,149,9,9,9,9,20,3,1
4,2,15.8571428571,1.6666666667,5,4,333,6,21,6,21,85,20,1
38,1.4666666667,11.8666666667,1.3333333333,2,2,178,5,15,5,15,57,4,1
10,2.4,17.55,1.55,10,16,351,14,20,14,20,43,160,0
32,2.2307692308,21.0769230769,2.6923076923,15,5,274,16,13,16,13,77,75,1
12,2,18.0625,1.9375,13,5,289,4,16,4,16,74,65,1
1,1,26,3,3,1,26,0,1,0,1,4,3,1
1,1,12,2,2,1,12,0,1,0,1,3,2,1
5,3.5333333333,28.8666666667,2.3333333333,12,3,433,11,15,11,15,81,36,1
4,1.2857142857,10.7142857143,1.9285714286,3,4,150,6,14,6,14,51,12,1
32,2.652173913,18.4347826087,2.0869565217,9,8,424,22,23,22,23,81,72,1
8,1.3846153846,11,1.6153846154,4,3,143,3,13,3,13,44,12,1
118,1.375,19.925,2.8,11,17,797,22,40,22,40,139,187,0
1,3.7272727273,43.3636363636,1.9090909091,5,1,477,11,11,11,11,35,5,1
2,1,38.5,4.75,11,1,154,7,4,7,4,28,11,1
1,1.6666666667,68,3,14,1,204,11,3,11,3,26,14,1
1,3.3333333333,57.6666666667,2.3333333333,25,1,346,19,6,19,6,61,25,1
2,3,46.5,3.5,8,1,93,4,2,4,2,24,8,1
0,1,9.4745762712,4,48,59,559,0,59,0,59,223,2832,0
0,0,0,0,0,0,0,0,0,0,0,0,0,1
7,2.3333333333,21.3333333333,1.5555555556,17,4,192,3,9,3,9,73,68,1
1,1.75,34.5,1.75,12,1,138,6,4,6,4,20,12,1
1,5.75,50.75,3,8,1,203,0,4,0,4,31,8,1
1,4,70.6666666667,2.6666666667,15,1,212,0,3,0,3,23,15,1
2,5,56,3.2,19,1,560,0,10,0,10,65,19,1
1,2.5,47,3,8,1,94,0,2,0,2,13,8,1
1,1.5,50.5,3.5,6,1,101,6,2,6,2,11,6,1
2,2,32.5,2,15,2,260,6,8,6,8,46,30,1
1,1,54,3,5,1,54,0,1,0,1,6,5,1
1,1.5714285714,27.2857142857,3.7142857143,7,1,191,11,7,11,7,26,7,1
1,1.5,26,2,4,1,52,0,2,0,2,7,4,1
1,1,49,1,8,1,49,0,1,0,1,9,8,1
1,1,37,3.3333333333,12,1,111,5,3,5,3,20,12,1
1,2.6666666667,68.3333333333,4.6666666667,16,1,205,10,3,10,3,42,16,1
0,6.4210526316,38.8947368421,1.5789473684,3,1,739,46,19,46,19,225,3,0
1,3,35.7272727273,2.4545454545,11,1,393,8,11,8,11,55,11,1
1,1.8333333333,43.5,2.1666666667,11,1,261,5,6,5,6,45,11,1
1,3,41.2941176471,2.2352941176,25,1,702,19,17,19,17,105,25,1
1,2.4545454545,58.6136363636,3.4090909091,45,1,2579,2,44,2,44,257,45,0
1,1.5,43.875,3,12,1,351,8,8,8,8,58,12,1
1,2,30.8333333333,2.3333333333,16,1,185,0,6,0,6,37,16,1
2,1.8,37.4,3,15,1,374,11,10,11,10,57,15,1
1,5,156,2,8,1,156,5,1,5,1,19,8,1
2,2,62.25,4,12,1,249,7,4,7,4,38,12,1
3,4,128,4.5,20,1,256,0,2,0,2,30,20,1
1,1,39.5,4.5,10,1,79,4,2,4,2,17,10,1
1,1.6,39.2,1.6,10,1,196,5,5,5,5,39,10,1
1,3.5,21.2142857143,2.5714285714,3,1,297,13,14,13,14,65,3,1
1,1.6666666667,34.3333333333,1.6666666667,5,1,103,0,3,0,3,12,5,1
1,1,34.5,2,1,1,69,3,2,3,2,6,1,1
1,1,48.5,2.5,2,1,97,4,2,4,2,5,2,1
1,1,44,5.5,5,1,88,4,2,4,2,12,5,1
0,1,34.3333333333,1,1,6,206,0,6,0,6,18,6,1
0,0,0,0,0,0,0,0,0,0,0,0,0,1
4,1.3846153846,11.6923076923,2,5,5,152,4,13,4,13,31,25,1
1,2.8888888889,28.1111111111,3.5555555556,5,4,253,9,9,9,9,27,20,1
1,2.8,27.1,2.8,10,4,271,7,10,7,10,45,40,1
1,4.6666666667,39.3333333333,3.6666666667,5,4,354,10,9,10,9,31,20,1
2,1.5555555556,16.1111111111,2.4444444444,3,5,145,4,9,4,9,27,15,1
1,4.6,30.2,2.2,12,4,302,4,10,4,10,53,48,1
4,1.9333333333,19.4666666667,2.2,3,7,292,5,15,5,15,55,21,1
2,1.9090909091,17.7272727273,2.9090909091,7,5,195,5,11,5,11,46,35,1
6,5.1666666667,35.1666666667,3.25,7,6,422,10,12,10,12,53,42,1
3,12,60,7,2,2,120,0,2,0,2,10,4,1
36,1.8387096774,15.1935483871,1.935483871,3,16,471,16,31,16,31,62,48,0
3,2.2,21.4,2.4,8,5,214,4,10,4,10,35,40,1
2,1.9,19.1,3.2,4,5,191,6,10,6,10,44,20,1
1,1,11.5714285714,2.5714285714,6,4,81,2,7,2,7,26,24,1
3,2.7272727273,23.5454545455,2.7272727273,7,5,259,7,11,7,11,48,35,1
1,1.875,18.625,3,7,4,149,4,8,4,8,25,28,1
1,2.0909090909,23.3636363636,2.7272727273,9,5,257,5,11,5,11,58,45,1
1,1.4736842105,15.2631578947,2.4736842105,11,5,290,7,19,7,19,75,55,1
2,1.1,12.3,2.2,1,7,123,3,10,3,10,15,7,1
3,2.4,27.5,3.5,6,5,275,7,10,7,10,43,30,1
1,2.9166666667,27.3333333333,3.8333333333,7,5,328,8,12,8,12,55,35,1
2,1.8333333333,20.6666666667,3,8,5,248,6,12,6,12,55,40,1
1,2.4444444444,24.7777777778,3,4,4,223,7,9,7,9,27,16,1
1,3.2307692308,37.7692307692,4.5384615385,10,6,491,9,13,9,13,66,60,0
1,7.0714285714,73.2857142857,6.2142857143,12,4,1026,10,14,10,14,67,48,0
4,2.0909090909,28.3181818182,2.4090909091,21,7,623,22,22,22,22,85,147,0
5,1.1818181818,21.4545454545,1.6363636364,9,7,236,0,11,0,11,52,63,1
1,1,13,3,3,1,52,0,4,0,4,16,3,1
102,1.7058823529,19.9705882353,2.1470588235,20,6,679,10,34,10,34,153,120,0
12,1.3125,14.8125,1.65625,17,5,474,0,32,0,32,187,85,0
1,4,38.6666666667,1.6666666667,11,2,116,5,3,5,3,28,22,1
2,3.3333333333,30.5333333333,2.7333333333,22,7,458,0,15,0,15,109,154,1
2,3.625,38.375,2.375,11,2,307,0,8,0,8,46,22,1
6,3.7142857143,31.4285714286,2.8571428571,10,4,220,0,7,0,7,53,40,1
1,4.1538461538,43.6153846154,4.3846153846,29,1,567,0,13,0,13,155,29,0
5,1.7142857143,19.8571428571,4.1428571429,15,5,139,0,7,0,7,38,75,1
8,1,15,2.6666666667,3,3,45,0,3,0,3,9,9,1
1,1.6666666667,26,1.6666666667,8,1,78,3,3,3,3,23,8,1
2,1.25,20.5,1.75,4,2,82,0,4,0,4,13,8,1
1,1,21.75,2.25,1,4,87,0,4,0,4,16,4,1
2,1.6363636364,24.5151515152,2.696969697,38,1,809,0,33,0,33,258,38,1
2,2.3333333333,20.3333333333,1,6,1,61,0,3,0,3,20,6,1
4,1,14.3333333333,1.8888888889,9,6,129,0,9,0,9,52,54,1
1,5,43,2.6,8,1,215,5,5,5,5,38,8,1
0,1.5,10.8,1.8,4,1,108,0,10,0,10,45,4,1
1,1,106,6,9,1,106,0,1,0,1,17,9,1
1,1.5,51.5,1.75,10,1,206,5,4,5,4,26,10,1
12,1.5833333333,35.875,2.875,14,5,861,0,24,0,24,190,70,0
10,2.5384615385,30,3,9,6,390,3,13,3,13,93,54,1
8,2.35,18.55,1.45,15,1,371,11,20,11,20,111,15,1
10,1,17.7142857143,2.7142857143,5,14,248,26,14,26,14,59,70,1
3,8.5,59.3333333333,2.1666666667,15,1,356,0,6,0,6,50,15,1
3,11.4583333333,69.5416666667,2.875,37,3,1669,0,24,0,24,285,111,0
35,2.125,22.125,4.75,9,7,177,0,8,0,8,74,63,1
63,2.3333333333,36.3095238095,2.2619047619,52,5,1525,110,42,110,42,403,260,0
96,2.4307692308,23.9846153846,1.8615384615,31,18,1559,21,65,21,65,241,558,0
2,2.2222222222,24.8888888889,2.1111111111,7,6,448,18,18,18,18,44,42,1
1,1.1666666667,6,2.1666666667,2,5,36,2,6,2,6,9,10,1
2,2.6666666667,27.4285714286,2.2380952381,19,2,576,14,21,14,21,142,38,1
1,2.4705882353,25.4117647059,1.7058823529,2,4,432,6,17,6,17,45,8,1
1,1.6666666667,16.1666666667,2.1666666667,6,5,97,2,6,2,6,20,30,1
10,1.7142857143,25.8571428571,2.4489795918,21,3,1267,25,49,25,49,315,63,0
4,1.7142857143,16.1428571429,1.7142857143,8,4,113,2,7,2,7,21,32,1
2,2,20.5714285714,2.5714285714,3,1,144,4,7,4,7,27,3,1
14,6.1666666667,57.0833333333,5.6666666667,27,1,685,0,12,0,12,120,27,0
11,9.6,51.7,3.3,7,2,517,0,10,0,10,35,14,1
4,1,171,10,14,1,171,0,1,0,1,29,14,1
24,4.0714285714,32.1428571429,1.7142857143,10,5,450,0,14,0,14,61,50,1
0,0,0,0,0,0,0,0,0,0,0,0,0,1
5,1,25,1,1,2,50,0,2,0,2,4,2,1
21,13,62.8571428571,1.5714285714,1,7,440,6,7,6,7,10,7,0
11,1,28,5.8,7,1,280,0,10,0,10,35,7,1
1,1.5,24.3,2,6,3,243,2,10,2,10,37,18,1
0,1,27,1,1,1,27,0,1,0,1,3,1,1
6,1,78.7142857143,7,6,7,551,0,7,0,7,22,42,1
8,6.5,48.1666666667,4.6666666667,5,3,289,0,6,0,6,15,15,1
3,1,15,3,0,1,45,0,3,0,3,5,0,1
0,0,0,0,0,0,0,0,0,0,0,0,0,1
20,2.8,20.6,2,5,4,103,0,5,0,5,13,20,1
2,2.3333333333,26.3333333333,1,4,1,79,0,3,0,3,11,4,1
2,1.25,26.875,3,3,2,215,15,8,15,8,37,6,1
1,2.3636363636,23.0909090909,3.0909090909,4,2,254,7,11,7,11,48,8,1
4,2,12.8333333333,1.3333333333,1,1,77,1,6,1,6,13,1,1
3,3.25,16,3.5,3,1,64,2,4,2,4,14,3,1
2,5.2857142857,30.1428571429,1.2857142857,9,1,211,2,7,2,7,50,9,1
0,1,1,2.4,0,5,5,6,5,6,5,5,0,1
1,2.4117647059,23.1176470588,2,13,2,393,4,17,4,17,86,26,1
1,4,26.7142857143,2.8571428571,9,1,187,0,7,0,7,27,9,1
1,1,12,1,0,2,24,0,2,0,2,2,0,1
1,2.5357142857,18.1071428571,2.0357142857,25,1,507,0,28,0,28,146,25,1
2,2.2857142857,27,2.0476190476,42,2,567,3,21,3,21,188,84,0
1,1,1,1.5,0,4,4,0,4,0,4,4,0,1
2,1.3333333333,57.8333333333,1.3333333333,13,3,347,1,6,1,6,58,39,1
1,3.4444444444,39.4444444444,2.4444444444,8,1,355,13,9,13,9,68,8,1
3,1.5555555556,26.1111111111,2.1111111111,9,1,235,1,9,1,9,43,9,1
1,226,699,1,0,1,699,0,1,0,1,1,0,1
0,3.8,53.4,2.6,14,7,534,0,10,0,10,37,98,1
1,1,5,2,1,1,5,0,1,0,1,2,1,1
1,2,36.5,4,5,1,73,0,2,0,2,12,5,1
1,2,16,2,5,1,16,0,1,0,1,6,5,1
9,1,52,1.875,12,4,416,2,8,2,8,40,48,1
2,5.8888888889,52.2222222222,3,9,1,470,2,9,2,9,60,9,1
1,1.75,24,3.5,6,1,96,0,4,0,4,14,6,1
2,2.3333333333,38.6666666667,3,1,1,116,0,3,0,3,9,1,1
1,1.7,29.7,3,14,1,297,0,10,0,10,54,14,1
2,1,53,1,0,1,53,0,1,0,1,1,0,1
1,2.5,24.8333333333,2.5,4,4,149,4,6,4,6,17,16,1
3,2.1785714286,19.8571428571,2.0357142857,6,5,556,11,28,11,28,125,30,1
1,2.5833333333,22.0833333333,2.4166666667,8,4,265,7,12,7,12,53,32,1
1,1.8571428571,18,2.5714285714,7,5,126,5,7,5,7,21,35,1
3,1.8888888889,25.1111111111,2.4444444444,11,8,452,4,18,4,18,90,88,1
1,1.4,13,2.8,2,3,65,3,5,3,5,10,6,1
1,2.5833333333,21.6666666667,2.4166666667,8,4,260,7,12,7,12,53,32,1
3,2.3157894737,36.7368421053,2.5789473684,18,7,698,8,19,8,19,106,126,0
0,2.2,19,2.8,1,3,95,2,5,2,5,9,3,1
0,1.8,15,2.8,2,3,75,2,5,2,5,10,6,1
0,2.5,19,3.25,2,3,76,2,4,2,4,8,6,1
0,7,57.5454545455,2.7272727273,6,3,633,6,11,6,11,35,18,1
0,1.6,18.2,2.8,3,3,91,2,5,2,5,11,9,1
0,2.2,19,2.8,1,3,95,2,5,2,5,9,3,1
0,2.2,22.9,2.3,7,3,229,3,10,3,10,39,21,1
0,4.3846153846,39.1538461538,3.3076923077,7,3,509,6,13,6,13,54,21,1
0,1.6,29.6,3.2,5,3,148,2,5,2,5,17,15,1
0,4,27.2,2.8,3,3,136,2,5,2,5,16,9,1
0,2,23.5,2.75,4,3,94,2,4,2,4,15,12,1
0,2.2,21.2,2.8,3,3,106,2,5,2,5,16,9,1
0,1.25,15,2.75,3,3,60,2,4,2,4,9,9,1
0,2.2,18.8,2.8,1,3,94,2,5,2,5,9,3,1
0,2.75,27.25,2.75,3,3,109,2,4,2,4,9,9,1
0,2.2,19,2.8,1,3,95,2,5,2,5,9,3,1
0,2.4,21,2.8,3,3,105,2,5,2,5,13,9,1
0,2.2,19,2.8,1,3,95,2,5,2,5,9,3,1
0,2.2,19,2.8,1,3,95,2,5,2,5,9,3,1
0,2.25,19.5,2.875,3,3,156,4,8,4,8,23,9,1
0,1.8,15.2,2.8,2,3,76,2,5,2,5,10,6,1
0,2.2,19,2.8,1,3,95,2,5,2,5,9,3,1
0,2.2,19,2.8,1,3,95,2,5,2,5,9,3,1
0,3.5454545455,27.5454545455,2.6363636364,5,3,303,4,11,4,11,33,15,1
0,2.4,21,2.8,1,3,105,2,5,2,5,9,3,1
0,2,17.2,2.4,2,3,172,3,10,3,10,25,6,1
0,2.4,22.2,2.8,3,3,111,2,5,2,5,16,9,1
1,2.625,28.75,3,6,3,230,2,8,2,8,42,18,1
2,2.8333333333,22.3333333333,3.3333333333,4,4,134,2,6,2,6,17,16,1
0,2.2,18.8,2.8,1,3,94,2,5,2,5,9,3,1
0,1.7142857143,16.5714285714,3,1,3,116,3,7,3,7,13,3,1
0,2.2,19,2.8,1,3,95,2,5,2,5,9,3,1
0,3,30.6,3.6,1,3,153,2,5,2,5,9,3,1
0,2.2,18.8,2.8,1,3,94,2,5,2,5,9,3,1
9,1.5714285714,11,2.1428571429,1,5,77,3,7,3,7,11,5,1
0,1.8333333333,16.3333333333,2.3333333333,1,3,98,4,6,4,6,11,3,1
0,1.5,17,2.75,2,3,68,2,4,2,4,8,6,1
0,2.6,20.6,2.8,1,3,103,4,5,4,5,9,3,1
0,2.2,21,2.8,3,3,105,2,5,2,5,15,9,1
0,2.2,18.8,2.8,1,3,94,2,5,2,5,9,3,1
0,1.5714285714,16.8571428571,2.8571428571,4,3,118,3,7,3,7,19,12,1
0,1.7142857143,17.5714285714,3,1,3,123,3,7,3,7,13,3,1
0,2.6666666667,26.7777777778,2.6666666667,3,3,241,4,9,4,9,23,9,1
0,4.2727272727,31.7272727273,2.6363636364,5,3,349,5,11,5,11,33,15,1
0,2.2,22.8,2.8,1,3,114,2,5,2,5,9,3,1
0,2.2,19,2.8,1,3,95,2,5,2,5,9,3,1
0,1.5,18,2.75,3,3,72,2,4,2,4,9,9,1
0,1.5714285714,15.2857142857,2.8571428571,1,3,107,3,7,3,7,13,3,1
0,2.2,21,2.8,3,3,105,2,5,2,5,15,9,1
1,1.4,12.6,2.8,2,3,63,3,5,3,5,10,6,1
1,1.8,15.2,2.8,2,3,76,4,5,4,5,10,6,1
0,0,0,0,0,0,0,0,0,0,0,0,0,1
0,3.125,43.75,1.625,3,1,350,0,8,0,8,20,3,1
1,1.3333333333,25.3333333333,2.6666666667,18,2,76,0,3,0,3,29,36,1
1,2,19.125,2.125,7,3,153,5,8,5,8,36,21,1
1,2.6,17.6,2.6,1,3,88,5,5,5,5,15,3,1
0,0,0,0,0,0,0,1,0,1,0,0,0,1
9,5.7407407407,55.5555555556,3.6666666667,21,2,1500,29,27,29,27,318,42,0
1,1.7142857143,20.2857142857,4.1428571429,10,4,142,2,7,2,7,28,40,1
2,1.4,10.2,2.2,1,3,51,3,5,3,5,11,3,1
1,2,21.875,2.625,13,3,175,4,8,4,8,41,39,1
2,1.8,13.2,2.6,1,3,66,4,5,4,5,13,3,1
1,1.8333333333,17.3333333333,2.5,8,4,104,2,6,2,6,23,32,1
2,2.2,15.4,2.6,1,3,77,5,5,5,5,15,3,1
1,1.8333333333,17.5,2.5,10,4,105,2,6,2,6,24,40,1
2,1.4,11,2.6,1,3,55,3,5,3,5,11,3,1
1,2.7272727273,40.7272727273,5.1818181818,16,5,448,2,11,2,11,48,80,0
3,7.7,61.9,3.4,6,3,619,9,10,9,10,79,18,1
2,4.2142857143,38.2142857143,3.2857142857,14,4,535,5,14,5,14,106,56,1
2,4.2,24.6,2.2,1,3,123,10,5,10,5,25,3,1
0,1.5,10,1.5,4,3,60,3,6,3,6,18,12,1
2,1.1666666667,25.1666666667,2.6666666667,10,4,151,2,6,2,6,29,40,1
3,7.5,83.75,6.5,10,2,335,1,4,1,4,54,20,1
16,1.1,25.1333333333,3.4666666667,23,3,754,31,30,31,30,205,69,0
0,1.5,12.875,2.125,3,3,103,4,8,4,8,26,9,1
20,5.1333333333,42.2666666667,2.0666666667,10,6,634,33,15,33,15,115,60,0
1,1,4.25,1.25,0,4,17,2,4,2,4,4,0,1
0,1.4,11,2.6,2,3,55,2,5,2,5,11,6,1
2,2.8181818182,39.8181818182,3.5454545455,18,4,438,13,11,13,11,101,72,1
1,1.4,11.6,2.6,1,3,58,3,5,3,5,11,3,1
1,2,26.4,2.6,14,4,264,4,10,4,10,55,56,1
1,1.4,11,2.6,1,3,55,3,5,3,5,11,3,1
5,3.0769230769,34.9230769231,3.6923076923,14,2,454,14,13,14,13,90,28,1
4,1.8,12.4,2.2,1,3,62,4,5,4,5,13,3,1
0,2,28.2,1,1,5,141,0,5,0,5,15,5,1
0,0,0,0,0,0,0,0,0,0,0,0,0,1
1,3.8695652174,67.6956521739,5.7826086957,16,1,1557,0,23,0,23,179,16,0
1,2.5,58.5,4.75,9,1,234,0,4,0,4,40,9,1
1,2.5714285714,58.1428571429,5.2857142857,16,1,407,0,7,0,7,70,16,1
1,3.375,56,5.375,13,1,448,0,8,0,8,58,13,1
1,2.8181818182,59.3636363636,5.5454545455,17,1,653,0,11,0,11,98,17,1
0,3.0588235294,75.5294117647,5.7058823529,16,1,1284,0,17,0,17,177,16,0
0,2.2105263158,46.5,5.9342105263,21,1,3534,0,76,0,76,408,21,0
0,3.8333333333,64.1666666667,5.1666666667,17,1,385,0,6,0,6,58,17,1
1,2.4285714286,44.4285714286,5.2857142857,9,1,311,0,7,0,7,50,9,1
1,3.4,71.2,5.8,24,1,1780,0,25,0,25,247,24,0
1,7.8823529412,161.4705882353,5.7058823529,26,1,2745,0,17,0,17,440,26,0
0,1.6666666667,33,4.3333333333,8,1,99,0,3,0,3,23,8,1
1,4.5555555556,83.5,5.7222222222,22,1,1503,0,18,0,18,186,22,0
1,3.4285714286,72.7857142857,5.6428571429,19,1,1019,0,14,0,14,148,19,1
1,2.4285714286,44.1428571429,5.2857142857,10,1,309,0,7,0,7,46,10,1
1,2.5,43.75,4.75,7,1,175,0,4,0,4,34,7,1
1,1.6666666667,33,4.3333333333,8,1,99,0,3,0,3,21,8,1
1,1.75,40.125,5.375,11,1,321,0,8,0,8,50,11,1
6,1,90.6,1.8,7,3,453,0,5,0,5,33,21,1
1,7.3333333333,53.3333333333,4.2222222222,11,1,480,20,9,20,9,84,11,0
28,1.04,24.52,3.2,14,9,613,0,25,0,25,114,126,1
74,2,22.2222222222,2.2222222222,8,2,400,8,18,8,18,77,16,1
9,3.7,32.5,1.9,11,2,325,15,10,15,10,57,22,0
0,1,4,1,0,1,4,0,1,0,1,1,0,1
71,3.0952380952,31.4285714286,3.5714285714,9,3,660,18,21,18,21,142,27,1
1,1.6666666667,42.8888888889,5.4444444444,16,1,386,0,9,0,9,61,16,1
0,3.6470588235,74.1176470588,5.8823529412,13,1,2520,0,34,0,34,256,13,0
1,2.75,47.5,4.75,8,1,190,0,4,0,4,38,8,1
1,3.3333333333,71.8333333333,5.1666666667,13,1,431,0,6,0,6,50,13,1
1,3.2727272727,58.4545454545,5.5454545455,7,1,643,0,11,0,11,74,7,1
1,3.4285714286,58.8571428571,5.2857142857,9,1,412,0,7,0,7,57,9,1
1,2,32.5,3.5,10,1,65,0,2,0,2,16,10,1
1,3.3793103448,63.2068965517,5.9425287356,37,1,5499,0,87,0,87,696,37,0
1,2.25,79.5,5.375,13,1,636,0,8,0,8,118,13,1
2,1,478.3269230769,1,50,44,24873,0,52,0,52,642,2200,0
1,2.8,54.5,5.8333333333,13,1,1635,0,30,0,30,198,13,0
1,7,135.7,5.5,24,1,1357,0,10,0,10,266,24,0
1,3.71875,63.9375,5.84375,25,1,2046,0,32,0,32,268,25,0
1,1.75,34.5,4.75,9,1,138,0,4,0,4,26,9,1
0,2.9473684211,82.6315789474,5.8947368421,18,1,1570,1,19,1,19,250,18,0
1,3.8125,64.375,5.6875,15,1,1030,0,16,0,16,147,15,1
1,2.5,44.5,4.75,8,1,178,0,4,0,4,37,8,1
1,2.8,53.6,5,14,1,268,0,5,0,5,46,14,1
1,3.75,74.25,5.6875,20,1,1188,0,16,0,16,152,20,1
1,3,63.3333333333,4.3333333333,10,1,190,0,3,0,3,37,10,1
1,2.5,44.5,4.75,8,1,178,0,4,0,4,37,8,1
1,2.6,57.4,5,13,1,287,0,5,0,5,51,13,1
0,0,0,0,0,0,0,0,0,0,0,0,0,1
1,2.6363636364,62,5.5454545455,15,1,682,0,11,0,11,105,15,1
1,3,77.9,5.5,16,1,779,0,10,0,10,108,16,1
1,3.3636363636,78,5.5454545455,14,1,858,0,11,0,11,100,14,1
1,3.1,44.3,5.5,10,1,443,0,10,0,10,97,10,1
1,2.5555555556,53.6666666667,5.7222222222,17,1,966,0,18,0,18,147,17,1
1,1.8888888889,109.6666666667,5.4444444444,11,1,987,0,9,0,9,91,11,1
0,3.4375,65.03125,5.84375,16,1,2081,0,32,0,32,241,16,0
1,3.4,123.2,5,10,1,616,0,5,0,5,55,10,1
1,7.4285714286,121.1428571429,5.2857142857,25,1,848,0,7,0,7,173,25,0
1,4.125,52.5,5.375,11,1,420,0,8,0,8,72,11,1
1,2.4615384615,55.2307692308,5.6153846154,7,1,718,0,13,0,13,70,7,1
0,4.2222222222,88.3703703704,5.8148148148,27,1,2386,0,27,0,27,306,27,0
3,2.0454545455,15.5909090909,1.4545454545,6,3,343,7,22,7,22,85,18,1
3,3.7391304348,25.9565217391,1.9130434783,7,3,597,12,23,12,23,98,21,1
4,2.4615384615,17.8461538462,1.6923076923,10,1,232,6,13,6,13,71,10,1
1,1,21.5,1,4,2,43,0,2,0,2,10,8,1
2,5.7692307692,65.7692307692,1.9230769231,26,1,855,0,13,0,13,240,26,0
2,1.2307692308,22,1.6923076923,9,4,286,0,13,0,13,76,36,1
2,1,30,2,2,1,90,4,3,4,3,15,2,1
8,1,12.8461538462,1.7692307692,4,5,167,11,13,11,13,58,20,1
0,1,4,1,0,1,4,0,1,0,1,1,0,1
3,4.75,73,4.5,21,4,292,0,4,0,4,79,84,1
3,1,28.3333333333,2.6666666667,2,2,85,3,3,3,3,14,4,1
2,3.6666666667,31.1666666667,3.1666666667,8,6,187,0,6,0,6,56,48,1
5,1,27.75,2.75,2,1,111,3,4,3,4,21,2,1
3,1.6666666667,12.6666666667,1.5,4,5,76,0,6,0,6,19,20,1
5,3.75,31.5,2.75,4,1,126,3,4,3,4,24,4,1
3,1.3333333333,18.3333333333,2,3,2,55,3,3,3,3,14,6,1
1,6.5,62,5,6,1,124,0,2,0,2,14,6,1
1,4.6153846154,48.0769230769,2.3076923077,21,1,625,0,13,0,13,137,21,1
36,2,22.2352941176,1.4705882353,20,2,378,26,17,26,17,121,40,1
22,4.15625,27.21875,2.03125,14,7,871,27,32,27,32,146,98,0
6,1,27.6666666667,2.1666666667,6,1,166,12,6,12,6,41,6,1
3,1,51.25,1,1,1,205,2,4,2,4,11,1,1
5,1.125,10.75,2.5,5,4,86,3,8,3,8,22,20,1
0,2,33,1,1,2,66,0,2,0,2,6,2,1
3,5,56.75,6,9,2,227,0,4,0,4,40,18,1
2,7,69,2,2,1,69,4,1,4,1,7,2,1
2,1,202,4,7,2,404,0,2,0,2,45,14,1
1,12.7272727273,82.4545454545,2.6363636364,13,2,907,0,11,0,11,141,26,1
0,0,0,0,0,0,0,0,0,0,0,0,0,1
0,3.25,32.9166666667,1.4166666667,2,1,395,0,12,0,12,30,2,1
1,5,27.5,1,2,1,55,0,2,0,2,6,2,1
11,1,11.3333333333,1.4444444444,6,3,102,0,9,0,9,32,18,1
7,1,21.4285714286,1.8571428571,12,4,150,0,7,0,7,27,48,1
3,3.3333333333,58.3333333333,3.3333333333,6,1,175,3,3,3,3,21,6,1
1,1,24,2,8,1,144,3,6,3,6,30,8,1
0,1,10.8181818182,2,2,3,119,5,11,5,11,49,6,1
0,1,34.8571428571,1.1428571429,8,1,244,0,7,0,7,56,8,1
0,1,9,1.5,2,1,18,0,2,0,2,5,2,1
0,1,9,1.5,2,1,18,0,2,0,2,5,2,1
0,1,9,1.5,2,1,18,0,2,0,2,5,2,1
0,3,36.5,1.5,5,1,73,0,2,0,2,14,5,1
0,1,23.8461538462,2.9230769231,16,2,310,3,13,3,13,72,32,1
0,1.3333333333,29.1851851852,1.2592592593,30,1,788,0,27,0,27,154,30,1
0,1.7,75.7,2.5,38,1,757,0,10,0,10,105,38,1
3,1.4,20.2,1.4,10,2,101,0,5,0,5,33,20,1
2,3.9090909091,59.4545454545,2.6363636364,7,3,654,6,11,6,11,49,21,1
1,1.5555555556,16.4444444444,2.1111111111,4,4,148,4,9,4,9,25,16,1
1,6,74.5,7.5,10,2,149,0,2,0,2,16,20,1
1,2.6,24.2,1.2,7,2,121,0,5,0,5,23,14,1
3,2.8571428571,26,3,13,1,182,3,7,3,7,50,13,1
1,5.8,35.6,2,2,1,178,0,5,0,5,14,2,1
9,6.8,45.6,2.3,8,4,456,27,10,27,10,86,32,0
1,1.4444444444,15.2222222222,4.3333333333,7,3,137,0,9,0,9,34,21,1
2,1,27,1.4,12,4,135,0,5,0,5,34,48,1
8,2.3181818182,25.3636363636,2.5909090909,31,3,558,7,22,7,22,162,93,0
2,2,26,4,2,1,26,0,1,0,1,6,2,1
5,3.3913043478,26.0434782609,2.0869565217,8,2,599,7,23,7,23,120,16,1
1,2.6666666667,25,2.1111111111,13,3,225,7,9,7,9,53,39,1
0,1,28,1,1,2,56,0,2,0,2,6,2,1
0,0,0,0,0,0,0,0,0,0,0,0,0,1
2,5.4285714286,61.5714285714,3.1428571429,65,5,431,1,7,1,7,119,325,0
1,1,10.2,1.2,5,4,51,2,5,2,5,11,20,1
1,3.25,37.375,2.25,11,3,299,8,8,8,8,36,33,1
1,5.5882352941,40.5294117647,2.8235294118,23,3,689,9,17,9,17,156,69,0
1,3,30.2857142857,2.1428571429,9,3,212,7,7,7,7,35,27,1
1,2,26.0769230769,3,20,4,339,13,13,13,13,135,80,0
1,1.5333333333,17.2666666667,2.6666666667,12,5,259,9,15,9,15,84,60,1
1,1.7692307692,23.7692307692,2.7692307692,19,2,309,6,13,6,13,107,38,1
1,2.8571428571,32.1428571429,2.1428571429,15,4,225,7,7,7,7,44,60,1
1,3.375,28,2.875,15,4,224,2,8,2,8,58,60,1
1,1.3333333333,13.8333333333,1.6666666667,11,5,83,2,6,2,6,27,55,1
1,1.6666666667,14.8333333333,2.3333333333,5,4,89,4,6,4,6,19,20,1
1,5.0869565217,48.1304347826,2.6956521739,26,4,1107,21,23,21,23,271,104,0
1,1,15.8,1.2,10,4,79,2,5,2,5,22,40,1
1,1.8235294118,20.1764705882,2.0588235294,15,5,343,8,17,8,17,94,75,1
1,1.7692307692,20.7692307692,2,15,4,270,7,13,7,13,79,60,1
8,2,18.5,2.3333333333,7,4,111,4,6,4,6,22,28,1
1,2,20.3333333333,2.3333333333,6,4,122,3,6,3,6,21,24,1
1,2.3846153846,23.5384615385,2.6923076923,15,5,306,6,13,6,13,71,75,1
6,3.5555555556,36.1666666667,3.0555555556,26,3,651,14,18,14,18,204,78,0
1,1.5555555556,17.1111111111,2.4444444444,10,3,154,3,9,3,9,36,30,1
1,1.5714285714,16.5714285714,2.2857142857,5,5,116,3,7,3,7,22,25,1
1,1.4285714286,15.5238095238,2.5238095238,14,4,326,3,21,3,21,99,56,1
1,2.95,33.3,2.6,32,3,666,11,20,11,20,170,96,0
1,1.5,14.2,1.9,11,5,142,4,10,4,10,40,55,1
1,1.5555555556,18,2.4444444444,10,3,162,3,9,3,9,36,30,1
27,1.3829787234,21.4680851064,3.9361702128,32,4,1009,10,47,10,47,280,128,0
3,4.7142857143,83.3571428571,3.2142857143,29,3,1167,26,14,26,14,233,87,0
1,1,11.2857142857,2.1428571429,10,5,79,2,7,2,7,26,50,1
1,1.1428571429,12.4285714286,2.1428571429,9,4,87,2,7,2,7,26,36,1
1,1.3333333333,16.1666666667,2.3333333333,8,4,97,2,6,2,6,21,32,1
1,2.25,21.5,2.75,11,4,172,2,8,2,8,41,44,1
1,2.880952381,31,2.8333333333,20,4,1302,24,42,24,42,331,80,0
1,1.1666666667,11.8333333333,1.6666666667,9,5,71,2,6,2,6,24,45,1
1,2.6,27.3,1.5,9,4,273,3,10,3,10,34,36,1
1,1,13.4,1.2,8,4,67,2,5,2,5,18,32,1
4,1.2857142857,11.5714285714,2.2857142857,5,5,81,2,7,2,7,17,25,1
1,2.0588235294,27.4705882353,1.8235294118,18,5,467,9,17,9,17,102,90,0
1,1.8333333333,13.6666666667,2.3333333333,2,3,82,3,6,3,6,18,6,1
1,1.8,30.4,4,11,3,152,0,5,0,5,36,33,1
12,2.6071428571,27,2.0357142857,41,1,756,27,28,27,28,227,41,0
1,1,108,1,9,1,108,0,1,0,1,12,9,1
1,1,9.25,1.25,3,4,37,2,4,2,4,10,12,1
0,1.3333333333,12.3333333333,2.3333333333,4,4,74,2,6,2,6,15,16,1
1,2.6551724138,35.8620689655,2.0689655172,33,3,1040,22,29,22,29,237,99,0
1,1.7142857143,17.1428571429,2.1428571429,9,4,120,3,7,3,7,27,36,1
1,2.0909090909,25.9090909091,3,14,3,285,7,11,7,11,93,42,1
1,1.3333333333,11.8333333333,2.3333333333,4,4,71,2,6,2,6,15,16,1
1,6.3125,65,3.125,23,3,1040,21,16,21,16,179,69,0
1,2,20,2.1428571429,8,3,140,3,7,3,7,25,24,1
2,6,51,3.1333333333,28,3,765,10,15,10,15,205,84,0
3,1.7333333333,19.0666666667,2.3333333333,16,5,286,7,15,7,15,75,80,1
1,1,7.5,1.25,3,4,30,2,4,2,4,7,12,1
13,2,50.2857142857,1.8571428571,17,1,352,0,7,0,7,53,17,1
11,3.6,41.1333333333,3,23,2,617,8,15,8,15,176,46,0
1,1,6.5,1.25,2,4,26,2,4,2,4,6,8,1
1,2.9565217391,33.2173913043,2.4347826087,24,4,764,27,23,27,23,211,96,0
1,1.8181818182,15.9090909091,1.2727272727,9,5,175,3,11,3,11,59,45,1
1,1.4,14.4,1.9,9,5,144,4,10,4,10,40,45,1
5,1.5,65,2.375,11,8,1040,41,16,41,16,48,88,0
2,1.6666666667,21.1666666667,2.5,7,4,127,3,6,3,6,24,28,1
2,2.3043478261,32,2.9565217391,25,4,736,13,23,13,23,218,100,0
4,4.8088235294,51.3088235294,2.4705882353,25,5,3489,36,68,36,68,415,125,0
4,2.2857142857,23.4285714286,2.1428571429,11,4,164,5,7,5,7,32,44,1
2,2.7,29.2,3.1,18,2,292,10,10,10,10,98,36,1
1,1.9230769231,24.7692307692,1.3846153846,15,4,322,5,13,5,13,94,60,1
1,3.2727272727,28.1818181818,1.2727272727,10,4,310,3,11,3,11,77,40,1
11,3.1428571429,32,2.1428571429,10,4,224,6,7,6,7,36,40,1
3,6.8571428571,54,2.8571428571,15,2,378,5,7,5,7,56,30,0
1,2.25,18.3333333333,1.25,9,4,220,4,12,4,12,71,36,1
1,1,9,1.2,5,4,45,2,5,2,5,13,20,1
2,3.2307692308,27.3846153846,2.9230769231,14,2,356,11,13,11,13,108,28,1
2,2.7058823529,33.4117647059,2.8235294118,20,4,568,16,17,16,17,106,80,0
1,3.2941176471,35.2058823529,2.0294117647,19,4,1197,0,34,0,34,223,76,0
5,3.1666666667,35.7291666667,2.1458333333,45,4,1715,33,48,33,48,450,180,0
1,1.4166666667,17.4166666667,2,16,4,209,5,12,5,12,68,64,1
0,1.4444444444,11.8888888889,1.8888888889,9,1,107,0,9,0,9,46,9,1
44,1,22.32,3.64,12,20,558,33,25,33,25,76,240,0
51,1,8.1186440678,1.5593220339,3,2,479,33,59,33,59,183,6,0
16,1,10,1,1,1,10,0,1,0,1,2,1,1
6,5.8888888889,55.4444444444,2.2222222222,16,4,499,20,9,20,9,80,64,0
7,5.0967741935,47.3548387097,2.7096774194,39,2,1468,56,31,56,31,384,78,0
0,2.125,18.75,2.125,6,3,150,4,8,4,8,30,18,1
1,5.6551724138,37.2068965517,2.0344827586,20,5,1079,3,29,3,29,197,100,0
1,1.8571428571,19.7142857143,2,8,4,138,5,7,5,7,31,32,1
2,8.2142857143,63.4285714286,2.5714285714,27,3,1776,20,28,20,28,310,81,0
13,2.1538461538,24.6923076923,2.8846153846,14,1,642,6,26,6,26,165,14,0
0,2,29.2222222222,1,1,9,263,0,9,0,9,27,9,1
0,0,0,0,0,0,0,0,0,0,0,0,0,1
1,4,43.3333333333,2.3333333333,3,1,130,0,3,0,3,10,3,1
10,1.5,8.75,1.25,0,2,35,3,4,3,4,8,0,1
7,5.4444444444,51.8055555556,3.2222222222,10,4,1865,2,36,2,36,203,40,0
1,2,15,4,1,1,15,0,1,0,1,2,1,1
17,1.5679012346,13.2098765432,2.8271604938,14,31,1070,44,81,44,81,264,434,0
3,8.6666666667,76.6666666667,3,10,2,230,4,3,4,3,29,20,1
3,4.5,40,2.1666666667,12,1,240,0,6,0,6,30,12,1
7,13.0526315789,78.6842105263,4.3157894737,25,1,1495,30,19,30,19,220,25,0
1,5,54,4,8,1,54,0,1,0,1,14,8,1
2,3.25,26.25,3.75,7,1,105,0,4,0,4,22,7,1
0,1.1428571429,12.8571428571,1.5714285714,4,3,90,3,7,3,7,29,12,1
0,1,9.2,1.4,1,3,46,2,5,2,5,8,3,1
0,2,17.375,2.125,7,3,139,5,8,5,8,34,21,1
0,0,0,0,0,0,0,0,0,0,0,0,0,1
0,0,0,0,0,0,0,0,0,0,0,0,0,1
1,1.3333333333,34.6666666667,3,1,1,104,0,3,0,3,6,1,1
2,3.5,27.3333333333,2.25,12,4,328,7,12,7,12,49,48,1
2,1,13.6666666667,1.5,3,3,82,3,6,3,6,14,9,1
2,1.5714285714,15.2857142857,2,4,2,107,9,7,9,7,32,8,1
50,1.4482758621,27.8965517241,2.9655172414,12,15,809,52,29,52,29,131,180,0
1,3,46.1176470588,2.6470588235,13,3,784,9,17,9,17,71,39,1
1,2.5833333333,24.8333333333,2.4166666667,4,3,298,6,12,6,12,52,12,1
1,2.5454545455,33.6363636364,1.9090909091,18,4,370,10,11,10,11,105,72,1
2,1.625,22.75,2.375,9,2,182,6,8,6,8,40,18,1
1,1.4444444444,22.2222222222,2.4444444444,13,5,200,8,9,8,9,42,65,1
3,8.375,61.25,2.125,3,1,490,17,8,17,8,61,3,1
0,2.4444444444,19.8888888889,3.2222222222,5,3,179,3,9,3,9,26,15,1
6,2.3846153846,24.3846153846,3.3076923077,4,6,317,5,13,5,13,37,24,1
0,1.6363636364,24,2.0909090909,20,3,264,5,11,5,11,95,60,1
6,2.5,32.6818181818,1.6818181818,8,2,719,10,22,10,22,134,16,1
3,2.5,22.3,2.2,6,3,223,4,10,4,10,36,18,1
6,1.8461538462,26.6153846154,2.3846153846,13,4,346,8,13,8,13,63,52,1
1,2.4444444444,37.1666666667,2.0555555556,9,2,669,16,18,16,18,111,18,1
1,2.4761904762,25.0476190476,2.3333333333,19,3,526,8,21,8,21,123,57,1
3,3.3529411765,29.1764705882,1.9411764706,11,3,496,15,17,15,17,96,33,1
4,2.1538461538,19.9230769231,2.0384615385,21,4,518,9,26,9,26,131,84,1
8,2.1818181818,17.6363636364,1.8181818182,8,3,194,4,11,4,11,47,24,1
0,2,18.1428571429,2.4285714286,10,3,127,4,7,4,7,40,30,1
2,2.0833333333,18.25,1.9166666667,3,4,219,8,12,8,12,39,12,1
1,2.2,25.1,2.4,13,2,502,10,20,10,20,104,26,1
7,1,16.7777777778,1.8888888889,7,6,151,3,9,3,9,30,42,1
6,1.9375,19.125,2.625,5,3,306,4,16,4,16,62,15,1
17,2.5,20.35,2.3,13,2,407,15,20,15,20,117,26,1
3,1.375,15.625,2.4375,6,4,250,2,16,2,16,67,24,1
1,2.6,23.4,2.48,14,4,585,10,25,10,25,139,56,1
1,2.2142857143,22.8571428571,2.3928571429,14,3,640,10,28,10,28,150,42,1
1,1.9565217391,23.347826087,1.9565217391,11,3,537,18,23,18,23,122,33,1
6,1.3333333333,19.5833333333,2.4583333333,8,15,470,8,24,8,24,61,120,1
1,5.125,73.875,6,10,4,591,10,8,10,8,47,40,0
15,3.0769230769,30.5897435897,2.4615384615,21,9,1193,18,39,18,39,174,189,0
5,1,27,1,3,2,54,0,2,0,2,9,6,1
46,1.8235294118,20.7254901961,2.0588235294,7,5,1057,27,51,27,51,175,35,0
1,2.9473684211,38.5789473684,2.2631578947,15,3,733,10,19,10,19,118,45,1
2,3.75,25.5625,2.5625,8,9,409,9,16,9,16,53,72,1
1,1.5555555556,23.4444444444,1.5555555556,3,5,211,6,9,6,9,28,15,1
1,2.1666666667,31.2222222222,2.2222222222,19,3,562,14,18,14,18,118,57,1
1,1.8888888889,25.7777777778,1.5555555556,3,5,232,6,9,6,9,28,15,1
3,2.1428571429,19.2857142857,1.6428571429,12,1,270,6,14,6,14,71,12,1
1,1.8888888889,23,1.5555555556,3,5,207,6,9,6,9,28,15,1
2,9,63,3.6666666667,1,1,189,7,3,7,3,14,1,1
3,3.6216216216,33.2972972973,2.2432432432,13,9,1232,33,37,33,37,160,117,0
1,2.5555555556,22.5,1.6666666667,5,3,405,12,18,12,18,95,15,1
16,2.1538461538,18.7692307692,1.9615384615,12,2,488,13,26,13,26,133,24,1
7,2,22.7222222222,2.3333333333,17,4,409,14,18,14,18,97,68,1
1,1.9333333333,26.9333333333,2.3333333333,16,4,404,9,15,9,15,63,64,1
2,4.2,36.4,3.4,3,2,182,1,5,1,5,32,6,1
8,2.2307692308,29.1153846154,1.9615384615,14,11,757,12,26,12,26,90,154,0
1,2.8571428571,42.7857142857,2.2857142857,12,3,599,10,14,10,14,59,36,1
3,1.6,16,2,5,5,240,4,15,4,15,41,25,1
8,3.1111111111,27.4444444444,1.6666666667,9,2,247,1,9,1,9,47,18,1
1,1.6923076923,25.8461538462,2,19,3,336,16,13,16,13,80,57,1
54,3.4,29.0666666667,2.4,17,4,1308,30,45,30,45,257,68,0
1,1.6666666667,62,2.3333333333,13,2,186,0,3,0,3,24,26,1
28,2.1285714286,20.8857142857,3.6285714286,13,16,1462,10,70,10,70,269,208,0
17,1.3448275862,19,1.6551724138,11,8,551,15,29,15,29,124,88,0
9,2.170212766,15.4893617021,2.0212765957,18,5,728,17,47,17,47,191,90,0
10,2,26.8775510204,2.1632653061,15,3,1317,17,49,17,49,256,45,0
6,1.5263157895,15.2631578947,2.0526315789,7,3,290,11,19,11,19,82,21,1
10,2,14.8333333333,1.5,0,4,89,5,6,5,6,12,0,1
26,2.0666666667,14.4,1.5333333333,2,6,216,13,15,13,15,40,12,1
14,2.3333333333,23.2857142857,1.9285714286,26,4,978,18,42,18,42,252,104,0
1,1.6666666667,21.6666666667,2.5,8,4,130,5,6,5,6,25,32,1
0,1.7857142857,16.7142857143,3.2857142857,11,4,234,2,14,2,14,59,44,1
1,1.5384615385,25.1538461538,2.5384615385,13,3,327,6,13,6,13,60,39,1
1,1,10.25,2.75,0,4,41,2,4,2,4,4,0,1
201,2.1538461538,27,2.1538461538,7,4,351,17,13,17,13,44,28,1
37,2.5,23.4666666667,2.2666666667,15,4,704,13,30,13,30,148,60,0
3,1.5,13.375,2.5,5,4,107,6,8,6,8,27,20,1
4,1.3333333333,18.2222222222,1.6666666667,7,2,164,9,9,9,9,33,14,1
2,2,18.1428571429,1.5714285714,4,5,127,7,7,7,7,16,20,1
2,3.4375,28.9375,2.4375,6,3,463,11,16,11,16,82,18,1
1,2,19.8888888889,1.8888888889,3,4,179,3,9,3,9,20,12,1
4,2.2222222222,27.6388888889,2.1944444444,19,9,995,16,36,16,36,130,171,0
1,2.7777777778,26.8888888889,1.6666666667,4,6,242,5,9,5,9,27,24,1
1,1.875,18,1.875,6,4,144,4,8,4,8,27,24,1
2,1.2,12.4,2.2,4,4,62,3,5,3,5,13,16,1
3,3.7804878049,39.0243902439,3.0731707317,26,4,1600,30,41,30,41,308,104,0
2,2.25,31.5,2.125,8,4,252,6,8,6,8,36,32,1
2,2.25,21.9166666667,2.0833333333,5,3,263,8,12,8,12,54,15,1
0,0,0,0,0,0,0,0,0,0,0,0,0,1
2,1.3,18.6,2,8,5,186,7,10,7,10,27,40,1
1,2.6315789474,24.6842105263,1.4736842105,22,3,469,10,19,10,19,123,66,1
5,2.52,24.64,2.4,6,13,616,11,25,11,25,68,78,1
1,1.8181818182,17.6363636364,1.8181818182,8,5,194,6,11,6,11,33,40,1
1,1.8571428571,25.7142857143,1.5714285714,8,3,180,4,7,4,7,33,24,1
8,1.8,11.2,1.8,4,2,112,5,10,5,10,31,8,1
2,1.5,12.0833333333,1.6666666667,4,6,145,6,12,6,12,27,24,1
1,1.8571428571,20.8571428571,1.2857142857,5,4,146,4,7,4,7,18,20,1
1,1.8125,26.5625,2,20,4,425,18,16,18,16,78,80,0
1,1.4,20,2.2,6,4,100,5,5,5,5,21,24,1
7,2.6363636364,31.3181818182,2.6818181818,31,7,1378,51,44,51,44,283,217,0
1,1,12.8333333333,1.5,3,6,77,2,6,2,6,10,18,1
1,1.7272727273,15.9090909091,1.9090909091,5,4,175,4,11,4,11,34,20,1
1,3.5714285714,26.2857142857,2.5714285714,6,1,184,4,7,4,7,33,6,1
4,1.3333333333,15.2222222222,2,5,6,137,3,9,3,9,21,30,1
0,2.6944444444,31.25,2.6388888889,38,2,1125,21,36,21,36,287,76,0
2,1,7.4,1.2,0,4,37,4,5,4,5,6,0,1
8,2.125,25.25,1.875,4,2,202,9,8,9,8,45,8,1
23,1.8333333333,17.6666666667,2.2777777778,8,7,318,6,18,6,18,48,56,1
20,1,16.25,2.5,2,4,65,3,4,3,4,6,8,1
1,2.2777777778,23.6111111111,2.2222222222,4,5,425,17,18,17,18,88,20,1
4,2.125,16,2.375,2,9,384,3,24,3,24,70,18,1
1,2.2142857143,31.7857142857,3.2142857143,3,1,445,10,14,10,14,68,3,1
1,1.5625,17.75,1.9375,1,4,284,6,16,6,16,35,4,1
1,1.7142857143,21.4285714286,1.4285714286,0,4,150,2,7,2,7,10,0,1
5,1.8965517241,21.8965517241,2.2413793103,23,4,635,11,29,11,29,169,92,0
3,3.4285714286,28.5714285714,2.2142857143,10,3,400,10,14,10,14,68,30,1
5,2.3684210526,31.2631578947,2.4736842105,8,3,594,11,19,11,19,89,24,1
2,1,13.75,2.75,3,4,55,2,4,2,4,8,12,1
6,3,26.6363636364,2,7,1,293,14,11,14,11,39,7,1
1,1.8,15.5,2.2,7,4,155,5,10,5,10,35,28,1
1,1.9333333333,18.5333333333,1.6666666667,6,6,278,7,15,7,15,34,36,1
3,1.9230769231,13.0769230769,1.5384615385,2,5,170,7,13,7,13,34,10,1
2,1.7692307692,11.3846153846,1.6153846154,3,5,148,3,13,3,13,38,15,1
1,1.2857142857,9.7142857143,2.1428571429,6,3,68,2,7,2,7,21,18,1
4,1,8.6,1.4,4,2,43,2,5,2,5,14,8,1
3,2.0526315789,19.5263157895,2.2631578947,10,3,371,7,19,7,19,85,30,1
1,1.7142857143,21.4285714286,1.7142857143,2,3,150,2,7,2,7,17,6,1
3,2.75,25.9642857143,2.1071428571,20,13,727,0,28,0,28,132,260,0
1,1.9090909091,23.0909090909,2.0909090909,15,3,254,9,11,9,11,79,45,1
11,4.3333333333,39,2,6,1,234,2,6,2,6,29,6,1
1,5,37,1.6666666667,8,3,222,3,6,3,6,24,24,1
2,1.1428571429,42.8571428571,2,9,1,300,4,7,4,7,44,9,1
1,1,41.8333333333,1.6666666667,11,3,251,17,6,17,6,35,33,1
9,2.3888888889,23.25,1.6666666667,15,12,837,8,36,8,36,100,180,0
6,2,15,1.25,0,1,60,3,4,3,4,9,0,1
2,2.4482758621,27.9655172414,2.4827586207,22,5,811,21,29,21,29,113,110,0
1,2.0714285714,22,2.3571428571,12,4,308,10,14,10,14,44,48,1
0,3.9,36.2,1.7,9,3,362,14,10,14,10,44,27,1
6,2.2,22.8,2.08,6,7,570,12,25,12,25,60,42,1
1,1.5555555556,12.8888888889,2.2222222222,6,4,116,5,9,5,9,33,24,1
1,1.9090909091,30.1818181818,2.2727272727,15,4,332,3,11,3,11,50,60,1
2,5.55,47.775,1.95,9,3,1911,15,40,15,40,231,27,0
1,4.6666666667,44.1,2.1333333333,10,5,1323,26,30,26,30,203,50,0
4,1.8571428571,40.7857142857,1.9285714286,14,7,571,11,14,11,14,72,98,0
1,1.8571428571,23.4285714286,2.5714285714,11,5,164,7,7,7,7,30,55,1
1,2.4761904762,29.4761904762,3.4761904762,4,4,619,7,21,7,21,61,16,1
9,1.225,34.15,2.55,9,16,1366,15,40,15,40,104,144,0
3,2.4615384615,20.5384615385,2,7,2,267,11,13,11,13,52,14,1
1,1,9.5,1.5,0,4,114,6,12,6,12,21,0,1
2,3.7586206897,38.275862069,2.1034482759,17,3,1110,21,29,21,29,215,51,0
2,1,11,1.2,1,5,55,0,5,0,5,6,5,1
1,2.4583333333,25.2916666667,2.0416666667,23,6,607,11,24,11,24,107,138,1
1,1.5714285714,9.4285714286,2,5,3,66,2,7,2,7,20,15,1
1,3.3333333333,34,3.3333333333,7,1,102,6,3,6,3,28,7,1
1,2.1428571429,23.7142857143,4.7142857143,12,1,166,0,7,0,7,46,12,1
1,1.5,23,3.5,10,1,92,0,4,0,4,25,10,1
1,1,25.8571428571,3.5714285714,9,1,181,0,7,0,7,39,9,1
7,2,23.0740740741,2.4444444444,26,3,623,15,27,15,27,150,78,1
1,2.1333333333,25.8666666667,2.3333333333,9,2,388,14,15,14,15,112,18,1
2,1.7142857143,19.6666666667,2.2380952381,19,3,413,12,21,12,21,116,57,1
1,2.3076923077,25.9230769231,2,18,5,337,5,13,5,13,66,90,0
1,1.6,26.6,1.9,15,3,266,13,10,13,10,80,45,1
1,1,11.75,2.75,1,4,47,2,4,2,4,5,4,1
2,1.75,15,1.625,6,4,120,3,8,3,8,22,24,1
45,3.2058823529,30.5,2.5,13,5,1037,21,34,21,34,157,65,0
1,3.5384615385,27.8461538462,2.1538461538,14,4,362,10,13,10,13,81,56,1
0,1.6666666667,22.6666666667,2.1111111111,12,4,204,5,9,5,9,64,48,1
2,1.6666666667,25.5,2.8333333333,4,1,153,11,6,11,6,46,4,1
21,2.6923076923,26.1538461538,2.5,7,5,680,18,26,18,26,92,35,1
8,1.4090909091,23.3636363636,5.7272727273,16,1,514,0,22,0,22,119,16,1
2,2,19.7857142857,2.3571428571,6,2,277,13,14,13,14,74,12,1
28,2.4,28.9,2.8,13,4,289,7,10,7,10,31,52,1
2,2.1428571429,33.8571428571,4.8571428571,4,2,237,0,7,0,7,22,8,1
1,1,46,1,0,1,46,0,1,0,1,1,0,1
38,3.2058823529,29.2352941176,2.5882352941,13,2,994,34,34,34,34,249,26,0
0,3,29.8571428571,2,5,2,209,4,7,4,7,50,10,1
0,1.75,18.75,1.75,4,3,75,2,4,2,4,19,12,1
0,5.5,50.25,1.75,11,3,201,2,4,2,4,34,33,1
2,1.9,17.4,1.9,5,3,174,6,10,6,10,49,15,1
0,4.5,33,1.75,7,2,132,3,4,3,4,28,14,1
0,3,25.1666666667,2,6,3,151,2,6,2,6,21,18,1
0,2,10.75,1.75,6,3,43,2,4,2,4,14,18,1
3,3,26.5714285714,1.7142857143,9,2,186,8,7,8,7,40,18,1
0,1.25,15.25,2.5,3,3,61,2,4,2,4,12,9,1
7,2.2,36,2.6,8,2,180,0,5,0,5,17,16,1
85,3.2,27.35,2.2,14,29,1094,0,40,0,40,91,406,0
0,3.4,20.2,1.2,1,4,101,2,5,2,5,7,4,1
16,1.3333333333,17.6666666667,2.3333333333,0,1,53,2,3,2,3,6,0,1
2,5.3636363636,47.9090909091,2.3636363636,6,2,527,9,11,9,11,77,12,1
3,3.9230769231,28.9615384615,3,3,1,753,20,26,20,26,127,3,1
0,2,30.25,1,1,8,242,0,8,0,8,24,8,1
0,0,0,0,0,0,0,0,0,0,0,0,0,1
0,11.2631578947,101.7894736842,2.7368421053,49,1,1934,0,19,0,19,273,49,0
0,0,0,0,0,0,0,15,0,15,0,0,0,1
2,1,22,3,2,1,88,0,4,0,4,11,2,1
1,7.2777777778,97.4444444444,3.5,41,2,1754,2,18,2,18,219,82,0
2,3,22,2.5,0,2,44,0,2,0,2,2,0,1
1,1,25.25,4,1,1,101,0,4,0,4,10,1,1
1,4.75,87.5,3.5,16,2,350,1,4,1,4,50,32,1
0,0,0,0,0,0,0,1,0,1,0,0,0,1
1,4,32.5,1.5,3,1,130,2,4,2,4,17,3,1
0,3,28.3333333333,1.5555555556,13,1,255,0,9,0,9,38,13,1
5,1,5.3,1,2,1,53,9,10,9,10,46,2,1
0,1,6.6153846154,1.5384615385,2,1,86,1,13,1,13,61,2,1
1,1.28125,20.75,1.0625,35,1,664,5,32,5,32,170,35,0
258,2.4705882353,25.7058823529,2,15,9,1311,69,51,69,51,278,135,0
0,5.2857142857,40.5714285714,1.5714285714,13,4,284,4,7,4,7,68,52,1
222,2.1111111111,30.0277777778,2.2777777778,57,4,1081,61,36,61,36,331,228,0
12,1,18.6666666667,1,5,6,112,0,6,0,6,31,30,1
5,1.6428571429,17.9285714286,2.3571428571,14,4,251,11,14,11,14,63,56,1
10,1,21.1363636364,1.9545454545,4,22,465,0,22,0,22,135,88,1
0,1,4,1,2,5,20,0,5,0,5,11,10,1
0,1.8333333333,23.5,2.6666666667,5,6,141,0,6,0,6,42,30,1
4,1,12.6,4.8,4,3,63,2,5,2,5,17,12,1
1,2.8,33.4,3,6,1,167,14,5,14,5,57,6,1
0,1.9090909091,23.2727272727,2.1818181818,16,3,256,7,11,7,11,68,48,1
2,1,23,4,2,3,69,0,3,0,3,17,6,1
4,3.2105263158,37.4736842105,3.4210526316,16,3,712,20,19,20,19,143,48,1
6,1,19.5714285714,1.2857142857,3,7,137,0,7,0,7,36,21,1
10,1,14,6,3,1,14,0,1,0,1,5,3,1
48,2.734375,27.484375,3.59375,32,18,1759,38,64,38,64,465,576,0
16,1,20.7,2.5,3,10,207,0,10,0,10,55,30,1
1,1.0625,22.6875,3.5,3,16,363,0,16,0,16,87,48,1
0,0,0,0,0,0,0,0,0,0,0,0,0,1
122,1,17.2933333333,1.04,4,75,1297,0,75,0,75,382,300,0
10,1,21,3,4,5,105,0,5,0,5,29,20,1
36,1.5,17.6666666667,1.1666666667,2,6,106,0,6,0,6,34,12,1
200,1,14.2903225806,2,15,27,443,10,31,10,31,126,405,0
168,1.5230769231,21.3076923077,3.1538461538,31,13,1385,24,65,24,65,380,403,0
205,1,23.375,3,5,24,561,0,24,0,24,143,120,1
40,2.1111111111,26.3888888889,2.6666666667,21,4,475,10,18,10,18,139,84,0
3,2,34.75,9.375,5,16,556,0,16,0,16,117,80,0
0,1,22,1.5,2,2,44,0,2,0,2,11,4,1
12,1,22.1176470588,3.2941176471,5,17,376,0,17,0,17,89,85,1
3,1,30.0909090909,1,0,22,662,0,22,0,22,22,0,1
19,2.4117647059,41.5882352941,2.1176470588,19,11,707,20,17,20,17,120,209,0
50,1,21.4166666667,2.75,4,12,257,0,12,0,12,68,48,1
1,1,18,1.5,1,6,108,0,6,0,6,30,6,1
0,1,9.8,2.4,3,3,49,2,5,2,5,12,9,1
1,1,22,1.5,2,2,44,0,2,0,2,11,4,1
1,2.8,28.2,2.4,5,1,141,8,5,8,5,42,5,1
0,1,9.8,1.6,5,3,49,2,5,2,5,12,15,1
2,1,19,2,1,3,57,0,3,0,3,15,3,1
3,1.8461538462,23.9230769231,2.3846153846,9,3,311,13,13,13,13,57,27,1
1,1,24,1,4,1,24,0,1,0,1,5,4,1
15,1,18.5,1.25,4,8,148,0,8,0,8,32,32,1
14,1.5806451613,23.7096774194,3.2258064516,2,31,735,0,31,0,31,194,62,0
0,1,10.2,2.8,4,3,51,2,5,2,5,13,12,1
0,1,4,1,2,2,8,0,2,0,2,5,4,1
2,2,26.6,2.6,4,5,133,0,5,0,5,28,20,1
1,1.8,31.2,2.6,5,1,156,10,5,10,5,47,5,1
0,1.3333333333,21,2.3333333333,9,3,126,3,6,3,6,23,27,1
2,1,19.6666666667,2.3333333333,1,3,59,0,3,0,3,15,3,1
5,2.0666666667,29.8666666667,2.6,14,3,448,17,15,17,15,86,42,1
0,1.5,21.5,2.3,1,10,215,0,10,0,10,54,10,1
14,1,19.8333333333,2,1,6,119,0,6,0,6,30,6,1
5,1,19,2,1,1,19,0,1,0,1,5,1,1
62,1,6.8260869565,2.347826087,5,21,157,0,23,0,23,55,105,1
185,1.4186046512,19.6627906977,1.8895348837,54,94,3382,32,172,32,172,637,5076,0
258,1,20.6071428571,2.1547619048,8,84,1731,0,84,0,84,434,672,0
2,2.125,18.875,2.375,7,4,151,5,8,5,8,31,28,1
8,1,25.2857142857,5.1428571429,3,7,177,0,7,0,7,49,21,1
163,1.724137931,18.9655172414,1.3793103448,5,29,550,0,29,0,29,149,145,1
13,1.7619047619,15.5714285714,2.1904761905,8,7,327,11,21,11,21,62,56,1
3,2,28,6,4,9,252,0,9,0,9,60,36,1
70,4.8333333333,46.1666666667,3.8333333333,14,4,277,0,6,0,6,61,56,1
22,2.8125,27.34375,2.65625,34,9,1750,27,64,27,64,499,306,0
63,1.4838709677,19.6774193548,2.0967741935,4,31,610,0,31,0,31,163,124,0
0,4.5555555556,41.6666666667,3.2222222222,9,1,375,1,9,1,9,64,9,1
40,1.3333333333,17,1,1,3,51,0,3,0,3,15,3,1
3,1,23.2352941176,4.1176470588,1,17,395,0,17,0,17,85,17,1
0,1,4,1,2,6,24,0,6,0,6,14,12,1
21,2.0714285714,18.6785714286,2.25,14,9,523,8,28,8,28,125,126,0
16,1.6666666667,20.9333333333,2.0666666667,2,15,314,0,15,0,15,87,30,1
0,1,9.8,2.4,3,3,49,2,5,2,5,12,9,1
0,1,4,1,2,1,4,0,1,0,1,3,2,1
0,2,22.5,2,3,4,90,0,4,0,4,24,12,1
1,1.8,28.8,2.4,5,1,144,9,5,9,5,43,5,1
0,1,11,1.6,7,3,55,2,5,2,5,14,21,1
2,1,19,2,1,3,57,0,3,0,3,15,3,1
2,2,25.2307692308,2.3846153846,11,3,328,13,13,13,13,61,33,1
0,1,22.6,3,5,15,339,0,15,0,15,87,75,1
1,2,35.5,5,4,2,71,0,2,0,2,20,8,1
0,1,10.8,3.2,5,3,54,2,5,2,5,15,15,1
0,1,4,1,2,1,4,0,1,0,1,3,2,1
0,2,25.25,2.75,4,4,101,0,4,0,4,27,16,1
1,1.8,31.8,2.4,5,1,159,12,5,12,5,51,5,1
0,1,13.6,1.6,7,3,68,2,5,2,5,20,21,1
2,1,19,2,1,3,57,0,3,0,3,15,3,1
4,2.4444444444,29.7777777778,2.6666666667,14,3,536,18,18,18,18,109,42,1
7,4.75,49.5,5.25,6,1,198,0,4,0,4,24,6,1
5,2,15.5,1,1,1,31,0,2,0,2,5,1,1
2,4,25.25,1.75,1,1,101,0,4,0,4,8,1,1
14,4.1428571429,29.1428571429,2.5714285714,12,1,204,17,7,17,7,82,12,1
112,3.2222222222,36.7222222222,3.9444444444,7,2,661,22,18,22,18,229,14,0
10,4,30,3,1,1,30,0,1,0,1,2,1,1
17,3.7083333333,36.5,1.875,19,3,876,21,24,21,24,184,57,0
106,1,18.4444444444,1.7777777778,1,9,166,0,9,0,9,45,9,1
1,2.6,40.7,2.4,8,5,407,11,10,11,10,32,40,1
6,1,29.6666666667,5.3333333333,3,3,89,0,3,0,3,12,9,1
10,1.9,27.8,3.8,4,10,278,0,10,0,10,56,40,1
2,2,121,8.5,7,1,242,0,2,0,2,16,7,1
149,2.8888888889,27.6666666667,2.2222222222,5,3,249,20,9,20,9,45,15,1
39,2.0769230769,14.3076923077,1.8461538462,0,10,186,12,13,12,13,26,0,1
43,1.1111111111,17,1.1111111111,1,9,153,0,9,0,9,45,9,1
1,2.25,11,1.3333333333,1,3,132,8,12,8,12,24,3,1
19,2.8,29.3,3.4,7,6,293,5,10,5,10,95,42,1
11,1,6.6,1,0,2,33,12,5,12,5,10,0,1
6,1,6.5,2.5,1,2,13,0,2,0,2,4,2,1
4,1.1935483871,21.3548387097,3.7096774194,26,18,662,3,31,3,31,196,468,0
22,1,19.7058823529,1.9411764706,4,17,335,0,17,0,17,93,68,1
0,1,34,9.5,3,8,272,0,8,0,8,56,24,1
9,1,19.2903225806,1.8064516129,2,31,598,0,31,0,31,151,62,1
2,1,45,12.5,5,4,180,0,4,0,4,34,20,1
27,3.0833333333,24.1666666667,1.1666666667,5,2,290,15,12,15,12,106,10,1
1,2.6666666667,24,2.4444444444,7,2,216,6,9,6,9,66,14,1
0,1,27.3333333333,5.6666666667,4,6,164,0,6,0,6,41,24,1
0,0,0,0,0,0,0,0,0,0,0,0,0,1
128,1.4,19.7,1.5,12,1,197,1,10,1,10,45,12,1
0,0,0,0,0,0,0,0,0,0,0,0,0,1
79,1.7142857143,17.7142857143,1,1,7,124,0,7,0,7,35,7,1
4,1,18.9166666667,1.5833333333,1,12,227,0,12,0,12,50,12,1
1,2.3571428571,10.5714285714,1.5714285714,4,6,148,11,14,11,14,66,24,1
0,1,4.7857142857,1.6428571429,2,14,67,0,14,0,14,31,28,1
29,1.8,16.4545454545,2.6363636364,26,15,905,27,55,27,55,284,390,0
17,1,25.8846153846,4.2692307692,7,26,673,0,26,0,26,157,182,0
14,1.8888888889,23.5925925926,2.3333333333,18,4,637,14,27,14,27,162,72,0
0,0,0,0,0,0,0,0,0,0,0,0,0,1
0,0,0,0,0,0,0,0,0,0,0,0,0,1
5,2,13,1,0,1,13,17,1,17,1,2,0,1
0,0,0,0,0,0,0,0,0,0,0,0,0,1
0,1,32.7777777778,1,1,36,1180,0,36,0,36,144,36,1
19,1.1818181818,8.4545454545,1.3636363636,0,4,93,6,11,6,11,18,0,1
4,1,21,3,0,1,21,0,1,0,1,1,0,1
3,1,8.3333333333,1,0,3,25,0,3,0,3,3,0,1
9,2,38.25,2,3,2,153,6,4,6,4,20,6,1
62,3.5625,32.9375,1.25,3,6,527,3,16,3,16,45,18,1
0,0,0,0,0,0,0,0,0,0,0,0,0,1
1,2.5555555556,17.2222222222,2,1,4,155,0,9,0,9,15,4,1
0,0,0,0,0,0,0,0,0,0,0,0,0,1
66,1.2105263158,11.0526315789,1.6315789474,3,2,210,5,19,5,19,53,6,1
3,1,47,1.3333333333,1,3,141,12,3,12,3,7,3,1
5,7.5357142857,28.3392857143,2.4464285714,3,14,1587,115,56,115,56,327,42,0
21,5,27,12,1,2,54,0,2,0,2,10,2,1
1,5.2666666667,31.0666666667,1.1333333333,1,1,466,1,15,1,15,42,1,1
2,2,43,3,0,1,43,1,1,1,1,2,0,1
38,1.375,13.9166666667,2.125,4,6,334,2,24,2,24,74,24,1
3,1,12.5714285714,2.2857142857,2,3,176,10,14,10,14,73,6,1
180,1,29.2142857143,2.4285714286,4,8,409,1,14,1,14,48,32,1
78,1.9130434783,16.9565217391,1.9130434783,3,3,390,7,23,7,23,93,9,1
0,0,0,0,0,0,0,0,0,0,0,0,0,1
6,1.037037037,20.2592592593,2.8888888889,1,2,547,11,27,11,27,96,2,1
0,1,17,1,1,1,34,0,2,0,2,4,1,1
3,5.5,165.5,13,6,1,331,2,2,2,2,30,6,1
8,3.7142857143,34.7142857143,3.4285714286,4,7,243,0,7,0,7,32,28,1
12,1,19,2,1,3,95,0,5,0,5,9,3,1
4,1,12.375,4.375,3,7,99,0,8,0,8,46,21,1
0,0,0,0,0,0,0,0,0,0,0,0,0,1
5,1.25,16.75,1.25,0,1,67,4,4,4,4,10,0,1
50,1.5263157895,42.9473684211,3.0526315789,7,17,816,0,19,0,19,97,119,0
62,0,0,0,0,0,0,17,0,17,0,0,0,1
1,1,8.6666666667,2,2,2,26,0,3,0,3,8,4,1
5,1.2,10.4,2.4,2,4,52,0,5,0,5,19,8,1
1,3.7692307692,24.6923076923,2.3846153846,5,1,321,5,13,5,13,56,5,1
149,1.0888888889,13.4666666667,2.3555555556,6,29,606,3,45,3,45,156,174,0
0,3.5,27,2,3,1,54,8,2,8,2,14,3,1
0,1,31,1,1,2,62,0,2,0,2,8,2,1
0,5.5,33.3333333333,2.5,3,3,200,21,6,21,6,41,9,1
7,6.8666666667,49.2666666667,3.0666666667,10,1,739,0,15,0,15,75,10,1
0,1,4,1,0,1,4,0,1,0,1,1,0,1
73,1.45,19.2,2.65,9,11,384,9,20,9,20,71,99,1
0,0,0,0,0,0,0,0,0,0,0,0,0,1
24,3.4545454545,24.9090909091,1.7272727273,6,8,274,2,11,2,11,31,48,1
12,8.6666666667,68.8333333333,2.6666666667,9,1,413,0,6,0,6,42,9,1
29,2.125,41.875,2.5,3,4,335,0,8,0,8,26,12,1
4,2,28.8,3,2,2,144,0,5,0,5,13,4,1
0,0,0,0,0,0,0,0,0,0,0,0,0,1
0,0,0,0,0,0,0,0,0,0,0,0,0,1
22,3.8333333333,25.6111111111,1.9444444444,5,1,461,8,18,8,18,100,5,1
18,4.4666666667,29.2,2.2,8,10,438,3,15,3,15,34,80,0
0,0,0,0,0,0,0,0,0,0,0,0,0,1
45,0,0,0,0,0,0,12,0,12,0,0,0,1
24,1.2941176471,14.5,2.0588235294,6,18,493,4,34,4,34,102,108,0
0,1,16,3,0,1,16,0,1,0,1,1,0,1
15,1.1555555556,11.4,2.3555555556,4,35,513,7,45,7,45,158,140,0
4,1,14.7692307692,1.7692307692,7,7,192,23,13,23,13,37,49,1
5,1.9333333333,17.3333333333,1.6,4,2,260,13,15,13,15,62,8,1
0,0,0,0,0,0,0,0,0,0,0,0,0,1
0,6.6,38.2,2.4,5,1,191,4,5,4,5,24,5,1
0,1,1,1,0,3,3,0,3,0,3,3,0,1
0,1,4,1,0,1,4,0,1,0,1,1,0,1
0,0,0,0,0,0,0,0,0,0,0,0,0,1
2,2.1176470588,32.3529411765,1.8235294118,4,1,550,7,17,7,17,114,4,1
0,0,0,0,0,0,0,0,0,0,0,0,0,1
5,3.4,40.44,2.24,5,7,1011,23,25,23,25,87,35,1
295,1,14.2222222222,1.5555555556,1,8,128,0,9,0,9,11,8,1
3,1.7692307692,19.3076923077,1.7692307692,4,4,251,16,13,16,13,33,16,1
3,1.4285714286,11.4285714286,1.2857142857,1,3,80,9,7,9,7,15,3,1
2,1,64.5,1.5,3,2,129,0,2,0,2,7,6,1
3,3,28.25,3.5,4,4,226,10,8,10,8,21,16,1
4,3.0769230769,26.5384615385,3.2307692308,4,5,345,10,13,10,13,43,20,1
16,1.75,17.9375,1.625,3,5,287,15,16,15,16,51,15,1
13,2.5238095238,27.7619047619,2.619047619,6,3,583,17,21,17,21,61,18,1
24,2.4347826087,27.4347826087,2,15,2,631,15,23,15,23,123,30,0
7,1.4347826087,15.2608695652,1.8260869565,7,10,351,18,23,18,23,67,70,1
4,1.5,15.8125,1.875,3,3,253,12,16,12,16,56,9,1
4,1.875,23,1.75,4,3,184,9,8,9,8,34,12,1
4,2.0625,21.875,2.4375,5,2,350,9,16,9,16,89,10,1
4,2.0769230769,22.1538461538,2.2307692308,6,7,288,8,13,8,13,36,42,1
1,1,60.5,3,3,2,121,0,2,0,2,5,6,1
2,3.3888888889,31.3888888889,2.5555555556,7,5,565,7,18,7,18,59,35,1
3,4.6666666667,39.8333333333,1.8333333333,7,5,717,14,18,14,18,70,35,1
0,3.0909090909,24.9090909091,1.8181818182,11,2,274,5,11,5,11,82,22,1
0,4.8,37.0666666667,1.7333333333,11,2,1112,17,30,17,30,211,22,0
3,1.3636363636,20.8636363636,2.1363636364,15,8,459,18,22,18,22,101,120,1
10,1.7692307692,15.1538461538,1.7692307692,4,2,197,23,13,23,13,59,8,1
10,1.6666666667,14.6666666667,2,3,9,176,29,12,29,12,33,27,1
160,2,17.68,2.2,4,4,442,14,25,14,25,60,16,1
2,2.5882352941,21.3529411765,2.0588235294,1,1,363,18,17,18,17,96,1,1
17,1.25,12.125,2.125,2,6,97,6,8,6,8,14,12,1
2,1.75,14.75,2,3,4,118,3,8,3,8,21,12,1
5,1.25,17.5833333333,2.1666666667,4,5,211,7,12,7,12,29,20,1
9,1,38,5.5714285714,7,3,266,0,7,0,7,22,21,1
2,2,24.9166666667,1.8333333333,3,2,299,15,12,15,12,65,6,1
99,2.3333333333,21.9166666667,1.4166666667,3,3,263,6,12,6,12,28,9,1
251,2.8125,21.4375,2.375,5,2,343,2,16,2,16,39,10,1
8,1.875,16.375,1.75,4,4,131,3,8,3,8,17,16,1
62,1.75,20.5625,2.5625,4,8,329,11,16,11,16,47,32,1
3,1.6923076923,15.0769230769,2.0769230769,1,6,196,8,13,8,13,26,6,1
2,1.2222222222,20.5555555556,1.5555555556,3,2,185,15,9,15,9,49,6,1
3,2.8928571429,31.3928571429,2.1785714286,2,3,879,22,28,22,28,145,6,1
2,2.4166666667,31.5,1.75,3,4,378,16,12,16,12,36,12,1
3,1.1818181818,43.3636363636,2.6363636364,6,10,477,0,11,0,11,24,60,1
4,2.1515151515,29.0303030303,2.4848484848,7,3,958,17,33,17,33,123,21,1
3,2.75,43.3125,1.8125,4,2,693,20,16,20,16,107,8,1
3,1.6923076923,20,1.8461538462,2,4,260,10,13,10,13,37,8,1
1,2,12.8571428571,1.1428571429,1,2,90,7,7,7,7,16,2,1
60,1.375,16.3125,2.3125,6,12,522,30,32,30,32,83,72,0
40,8.7619047619,73.8571428571,3.6666666667,9,9,1551,17,21,17,21,94,81,0
58,2.8941176471,35.7647058824,3.3058823529,28,2,3040,0,85,0,85,558,56,0
26,2.880952381,34.380952381,3.2857142857,25,2,1444,6,42,6,42,245,50,0
7,2.2142857143,31.5714285714,6.7142857143,7,1,442,8,14,8,14,101,7,1
7,2.9090909091,30.9090909091,2.0606060606,5,3,1020,24,33,24,33,138,15,1
88,2.6666666667,41.1111111111,6.6666666667,6,2,370,0,9,0,9,28,12,1
2,3.15,36.7,1.9,7,1,734,22,20,22,20,92,7,1
37,2.15625,32.59375,2.53125,9,3,1043,34,32,34,32,265,27,0
74,4.3333333333,42,3.6666666667,1,1,126,22,3,22,3,21,1,1
2,1.8,23.3,2.2,1,6,233,10,10,10,10,27,6,1
4,1.25,14.25,1.25,1,7,114,6,8,6,8,10,7,1
4,2.5384615385,35.5384615385,1.9230769231,6,3,462,15,13,15,13,68,18,1
5,2.935483871,23.7419354839,2.3225806452,4,12,736,13,31,13,31,74,48,1
0,1,4,1,0,1,4,0,1,0,1,1,0,1
6,1,30,2.5,3,1,60,4,2,4,2,12,3,1
193,1.7391304348,37.2608695652,3.7826086957,9,13,857,6,23,6,23,69,117,0
0,1,30.8571428571,1,1,7,216,0,7,0,7,28,7,1
0,0,0,0,0,0,0,0,0,0,0,0,0,1
17,3,28.4705882353,2.2941176471,5,4,484,12,17,12,17,49,20,1
0,6.5,55.5,2,2,1,111,4,2,4,2,13,2,1
0,3.6666666667,64.6666666667,1.6666666667,2,1,194,0,3,0,3,14,2,1
1,3.8181818182,34.6363636364,1.3636363636,11,3,381,13,11,13,11,83,33,1
2,1.7777777778,19.2222222222,1.6666666667,10,6,173,11,9,11,9,49,60,1
0,1.5,23.5714285714,2.5,8,6,330,8,14,8,14,62,48,1
0,1,8.125,1.625,4,5,65,4,8,4,8,30,20,1
0,4.2608695652,39.5652173913,1.8260869565,4,6,910,33,23,33,23,152,24,1
0,3.7647058824,28.8235294118,1.8823529412,6,5,490,12,17,12,17,79,30,1
0,5.4,40,2.0666666667,5,5,600,16,15,16,15,77,25,1
0,2.6428571429,25.7142857143,1.7857142857,9,5,360,18,14,18,14,73,45,1
0,1.7272727273,15.0909090909,1.9090909091,8,6,166,5,11,5,11,39,48,1
0,1.7272727273,14.9090909091,1.9090909091,7,6,164,5,11,5,11,38,42,1
0,4,30.6315789474,1.6315789474,14,5,582,4,19,4,19,79,70,1
0,2.75,24,1.8125,12,5,384,7,16,7,16,75,60,1
1,3.2058823529,35.1764705882,2.7058823529,7,3,1196,19,34,19,34,189,21,0
0,1,4,1.2,0,5,20,0,5,0,5,5,0,1
3,1,4,1.2,0,5,20,0,5,0,5,5,0,1
1,1,16.2068965517,2.3793103448,9,14,470,0,29,0,29,262,126,1
0,1.7142857143,86.4285714286,1.5714285714,16,1,605,0,7,0,7,130,16,1
1,1,43.6666666667,2.3333333333,5,3,131,0,3,0,3,11,15,1
1,1.5,26,2,1,1,52,2,2,2,2,8,1,1
6,1.4117647059,23.8823529412,2.2941176471,13,8,406,0,17,0,17,89,104,1
3,3.5,35.25,3,12,3,141,55,4,55,4,40,36,1
1,2,30.5384615385,2,19,3,397,32,13,32,13,133,57,0
0,7.6,68.4,2.2,16,4,342,22,5,22,5,35,64,1
0,9,80.2142857143,2.3571428571,18,3,1123,14,14,14,14,97,54,0
0,3.3571428571,30.119047619,1.5238095238,18,3,1265,31,42,31,42,258,54,0
0,5,46.25,6.5,10,3,185,1,4,1,4,26,30,1
0,6.5,72.75,2.25,19,3,291,5,4,5,4,46,57,1
2,6.1666666667,87.5,2.5,23,3,525,10,6,10,6,86,69,0
1,3.375,47.875,4.25,22,4,383,7,8,7,8,79,88,0
0,6.4117647059,73.5882352941,5.2352941176,25,4,1251,7,17,7,17,141,100,0
0,9.1,88.6,3.2,26,3,886,17,10,17,10,188,78,0
0,2.75,46.75,3,10,3,187,1,4,1,4,30,30,1
0,2.1428571429,38.2857142857,3,20,3,268,11,7,11,7,70,60,1
0,4.8125,67.375,3.1875,26,3,1078,46,16,46,16,222,78,0
0,7.4285714286,93.1428571429,3.7142857143,20,3,652,5,7,5,7,71,60,0
0,3.125,37.9166666667,2.3333333333,27,3,910,20,24,20,24,225,81,0
0,2.7142857143,39.7142857143,2.5714285714,22,3,278,11,7,11,7,77,66,1
0,6.1944444444,53.6388888889,2.3888888889,26,3,1931,68,36,68,36,285,78,0
0,3.7777777778,36.4444444444,2.5555555556,20,4,328,12,9,12,9,69,80,0
0,3.125,20.125,2.5,9,3,161,4,8,4,8,38,27,1
0,4.1428571429,82,2.2857142857,25,3,574,7,7,7,7,80,75,1
0,1.8333333333,29.5,2.5,16,3,177,11,6,11,6,55,48,1
0,3,40.5,2.4166666667,24,4,486,4,12,4,12,80,96,0
0,5.619047619,58.3333333333,4.0476190476,30,12,1225,33,21,33,21,190,360,0
0,3.8333333333,20,2.5,7,4,120,6,6,6,6,32,28,1
907,2.4,22.4,2.45,21,8,448,35,20,35,20,111,168,0
0,2.6666666667,15.1666666667,2.5,7,3,91,5,6,5,6,22,21,1
0,4.3333333333,21.1666666667,2.5,8,4,127,6,6,6,6,34,32,1
42,4.6842105263,41.6842105263,1.8947368421,21,3,792,28,19,28,19,139,63,0
0,5.25,42.25,2.75,12,3,169,2,4,2,4,29,36,1
0,4.9230769231,48.4615384615,3.1538461538,26,3,630,8,13,8,13,139,78,0
0,4.5818181818,45.7636363636,2.7818181818,35,5,2517,71,55,71,55,498,175,0
0,3,31.9411764706,4.2352941176,30,27,1086,12,34,12,34,233,810,0
0,4.5,56,2.25,18,3,224,3,4,3,4,43,54,1
0,4.2222222222,50.7777777778,2.7777777778,20,3,914,31,18,31,18,251,60,0
0,2.7272727273,26.0454545455,3.3181818182,23,3,573,17,22,17,22,178,69,0
0,6.5,72.75,2.25,20,3,291,5,4,5,4,51,60,1
1,1.5714285714,32.1428571429,2.7857142857,19,3,450,25,14,25,14,114,57,1
0,5.2222222222,65.2222222222,2.1111111111,24,3,587,14,9,14,9,112,72,1
0,5.1538461538,57.3846153846,3.1538461538,26,3,746,6,13,6,13,186,78,0
0,4.2,52.8,3.8,10,3,264,1,5,1,5,37,30,1
0,5.125,69.75,3.625,19,3,558,4,8,4,8,66,57,1
0,2.8333333333,48,3,17,3,288,5,6,5,6,56,51,1
1,4.8333333333,58.5,3,21,3,351,24,6,24,6,82,63,1
13,3.5714285714,41.2857142857,3.1428571429,21,3,289,10,7,10,7,64,63,1
0,4.3333333333,35,2.1666666667,14,5,210,1,6,1,6,30,70,1
0,9.5714285714,98.2857142857,2.7142857143,15,5,688,3,7,3,7,52,75,0
1,6.4,63.4,2.8,16,4,634,24,10,24,10,43,64,0
0,3.6666666667,25,3,7,3,75,1,3,1,3,12,21,1
1,4.75,49.7916666667,2.8333333333,14,5,1195,15,24,15,24,123,70,1
0,7.1666666667,151.8333333333,2.5,31,5,911,4,6,4,6,120,155,0
0,4,56.5,3,10,4,226,12,4,12,4,33,40,1
6,13.1111111111,99.8888888889,4,18,3,899,33,9,33,9,70,54,0
0,4.0810810811,41.4594594595,2.8648648649,31,4,1534,46,37,46,37,256,124,0
20,6.8181818182,83.6363636364,2.7272727273,27,3,920,23,11,23,11,169,81,0
0,7.2857142857,44.1428571429,2.7142857143,5,3,309,1,7,1,7,17,15,1
0,6,63.3333333333,3,9,3,190,1,3,1,3,15,27,1
0,3.7777777778,53.5555555556,2.2222222222,18,3,482,13,9,13,9,73,54,1
0,7.5,81.25,2.5,12,3,325,1,4,1,4,26,36,1
0,9.7777777778,73.3888888889,2.3333333333,24,3,1321,22,18,22,18,134,72,0
0,5.6,150.4,2.6,14,5,752,2,5,2,5,43,70,1
253,4.6428571429,41,3.4285714286,15,3,574,40,14,40,14,99,45,0
0,2.3461538462,38.0769230769,2.9615384615,25,5,990,40,26,40,26,202,125,0
0,3.4444444444,47.5555555556,2.1666666667,23,7,856,18,18,18,18,142,161,0
0,5.5,67.8333333333,2.5,12,4,407,1,6,1,6,41,48,1
1,9.125,106.25,2.4375,33,4,1700,39,16,39,16,217,132,0
2,4.5238095238,63.8095238095,2.1904761905,14,6,1340,31,21,31,21,143,84,0
2,8.0512820513,75.8717948718,2.6666666667,34,6,2959,37,39,37,39,384,204,0
1,9.1428571429,61.0952380952,2.5714285714,22,5,1283,14,21,14,21,126,110,0
1,6.7,60.3,2.5,27,4,1206,17,20,17,20,190,108,0
1,4.5813953488,37.8837209302,3.1860465116,17,11,1629,16,43,16,43,244,187,0
1,4.1818181818,63,2.4545454545,20,3,693,16,11,16,11,120,60,1
0,8.9230769231,107.3076923077,3.5384615385,14,4,1395,34,13,34,13,80,56,0
0,13.25,110.3333333333,3,29,6,1324,17,12,17,12,113,174,0
1,7.5833333333,70.75,2.75,30,4,849,14,12,14,12,92,120,0
1,5.8461538462,59.3846153846,2.4615384615,22,3,772,14,13,14,13,149,66,0
0,7.1538461538,70.0769230769,2.1538461538,20,4,911,10,13,10,13,98,80,0
432,5.36,69.8,2.44,27,5,1745,15,25,15,25,224,135,0
0,4.1818181818,84.5454545455,2.3636363636,14,5,930,9,11,9,11,79,70,1
1,8.6129032258,60.6129032258,3,16,7,1879,40,31,40,31,331,112,0
0,3.8888888889,55.7777777778,2.7777777778,33,3,1004,24,18,24,18,188,99,0
48,4,37,1.9545454545,23,3,1628,84,44,84,44,462,69,0
0,3.2941176471,31.2352941176,2.0588235294,19,3,531,37,17,37,17,181,57,0
0,1,12,3,2,2,24,1,2,1,2,4,4,1
0,3,31,2.3333333333,12,3,186,5,6,5,6,46,36,1
0,4.6,72.5,2.6,26,3,725,31,10,31,10,131,78,0
0,4.25,46.25,2.5,9,3,185,1,4,1,4,25,27,1
76,4.2857142857,65.7142857143,1.8571428571,23,4,460,27,7,27,7,78,92,0
0,2.1666666667,43.6666666667,2.6666666667,18,3,262,11,6,11,6,88,54,1
1,4.3666666667,47.9,2.8666666667,28,3,1437,50,30,50,30,335,84,0
1,3.8604651163,47.8139534884,6.3255813953,21,7,2056,28,43,28,43,452,147,0
0,4.0769230769,46.9615384615,2.9615384615,29,3,1221,12,26,12,26,185,87,0
0,4.6,66.4,3.2,23,3,332,12,5,12,5,67,69,1
1,2,36.3636363636,3.0909090909,20,3,400,24,11,24,11,111,60,1
0,2.45,30.6,2.75,25,3,612,27,20,27,20,172,75,0
0,2.5,58.9166666667,2,6,5,707,9,12,9,12,45,30,1
0,2.2,33.8,2.6,18,3,169,25,5,25,5,39,54,1
1,5.5277777778,62.75,5.1111111111,29,3,2259,40,36,40,36,492,87,0
0,4.5,59.6363636364,2,29,8,1312,64,22,64,22,225,232,0
0,3.2631578947,39.0526315789,2.6842105263,22,7,742,21,19,21,19,166,154,0
0,2.75,36.75,2.625,21,3,294,22,8,22,8,50,63,1
0,1.5,34.5,3.1666666667,15,6,207,10,6,10,6,35,90,1
0,3.1111111111,40.1111111111,2.8888888889,21,3,361,9,9,9,9,84,63,1
0,4,52.625,2.75,22,3,421,17,8,17,8,118,66,1
0,1.6666666667,35.8333333333,2.6666666667,20,3,215,10,6,10,6,77,60,1
0,4.2727272727,63.2727272727,2.3636363636,31,3,696,12,11,12,11,125,93,0
0,5.8888888889,74.6666666667,2.5555555556,22,3,672,9,9,9,9,100,66,0
0,7.5714285714,100.1428571429,3.7142857143,21,3,701,7,7,7,7,64,63,0
0,3.3333333333,62.1666666667,3.1666666667,14,3,746,11,12,11,12,79,42,1
0,1,11,3,2,2,22,1,2,1,2,4,4,1
0,4.0526315789,31,2.2105263158,13,3,589,15,19,15,19,119,39,1
0,2.1428571429,32.7142857143,3.5714285714,23,3,229,2,7,2,7,64,69,1
0,4.5,62.75,3.125,19,3,502,14,8,14,8,102,57,1
0,7.8,68.6,2.8,17,3,343,9,5,9,5,77,51,1
1,5.4509803922,51.1176470588,1.8235294118,31,3,2607,70,51,70,51,531,93,0
0,2.4210526316,37.4210526316,1.8421052632,27,5,711,12,19,12,19,105,135,0
0,3,39.1428571429,4.1428571429,19,3,548,5,14,5,14,90,57,0
0,3.2,52.2,2.4,23,3,261,4,5,4,5,72,69,1
0,2.0869565217,32.2173913043,2.2173913043,24,3,741,43,23,43,23,165,72,0
0,5.1666666667,49.5,2.8333333333,22,4,297,12,6,12,6,60,88,1
0,6,85,3.5,20,3,510,5,6,5,6,64,60,0
0,7.875,107.5,5.625,24,3,860,16,8,16,8,149,72,0
0,3.8974358974,32.5384615385,2.0512820513,25,5,2538,121,78,121,78,776,125,0
0,3.5,48,2.1666666667,21,3,288,8,6,8,6,63,63,1
201,4.7333333333,50.4666666667,1.6,19,2,757,54,15,54,15,102,38,0
0,3.4285714286,35.5714285714,5.1428571429,11,3,249,1,7,1,7,71,33,1
1,3.15,38.95,2.15,22,3,779,39,20,39,20,202,66,0
0,6,74.25,2.75,24,3,297,6,4,6,4,68,72,1
0,3.6666666667,58,2.2222222222,9,3,522,5,9,5,9,55,27,1
0,7.5555555556,78.7777777778,3.8888888889,21,3,709,6,9,6,9,89,63,0
0,3.8157894737,24.5263157895,4.9473684211,28,19,932,30,38,30,38,174,532,0
0,2.7619047619,33.9047619048,2.7142857143,27,4,712,26,21,26,21,218,108,0
0,2.375,30.875,2.375,13,3,247,12,8,12,8,58,39,1
0,7.1818181818,121.3636363636,3.9090909091,26,3,1335,21,11,21,11,197,78,0
0,3.1666666667,64.3333333333,4,22,3,386,16,6,16,6,64,66,1
0,5.6666666667,30,2.6666666667,2,3,90,1,3,1,3,5,6,1
0,3.4285714286,51.1428571429,2.7142857143,15,3,358,10,7,10,7,50,45,1
0,3.2857142857,58.4285714286,3.1428571429,26,3,409,19,7,19,7,94,78,0
0,6.7272727273,72.0909090909,4.4545454545,22,3,793,12,11,12,11,94,66,0
0,19.8333333333,148.5,3.8333333333,13,1,891,0,6,0,6,63,13,1
0,10,93.5,3.7,20,1,935,9,10,9,10,82,20,0
218,1,222.75,3,13,3,891,26,4,26,4,70,39,1
0,9.3333333333,51.4166666667,2.6666666667,7,9,617,16,12,16,12,65,63,1
21,11,103.5,3.25,11,3,414,7,4,7,4,40,33,0
2,1,22,2.6666666667,1,2,66,11,3,11,3,13,2,1
2,4.7777777778,60,1.7037037037,5,3,1620,72,27,72,27,198,15,0
1,7,64.7272727273,3.0909090909,21,4,712,6,11,6,11,123,84,0
0,6.1428571429,80.7142857143,3.1428571429,22,3,565,8,7,8,7,106,66,0
1,1,26.875,3.1666666667,2,2,645,21,24,21,24,132,4,1
1,3.4444444444,51.2222222222,2.2222222222,18,2,461,0,9,0,9,61,36,1
1,6.3571428571,49.7142857143,3.3571428571,13,1,696,0,14,0,14,87,13,1
1,6.2777777778,57.5,3.0555555556,24,1,1035,0,18,0,18,133,24,1
2,3.25,35,3,4,3,140,33,4,33,4,15,12,1
2,1,17,2.5,5,4,68,0,4,0,4,16,20,1
7,5.7142857143,55,2,15,3,385,1,7,1,7,39,45,1
2,1,52,2.3333333333,1,2,156,0,3,0,3,5,2,1
3,11.4,116,2.4,21,1,580,3,5,3,5,54,21,1
2,1,60,1,1,1,60,2,1,2,1,4,1,1
5,2.4,69.1333333333,1.8,36,1,1037,51,15,51,15,296,36,0
3,9,64.5,2.25,5,4,258,0,4,0,4,31,20,1
12,1.5,24.8333333333,1.8333333333,7,6,149,17,6,17,6,21,42,1
0,8.2727272727,48.7272727273,1.8181818182,4,2,536,28,11,28,11,88,8,1
2,4.9523809524,62.380952381,4.2857142857,21,3,1310,0,21,0,21,216,63,0
1,2,30.5,3.9,4,2,305,0,10,0,10,44,8,1
0,12.1764705882,109,3,46,2,1853,0,17,0,17,385,92,0
0,5.375,55.5416666667,2.75,20,3,1333,16,24,16,24,222,60,0
0,3.6666666667,39.6666666667,3.1666666667,10,1,238,0,6,0,6,45,10,1
4,1.1,84.8,3.1,4,5,848,0,10,0,10,27,20,1
4,1,51,3,2,2,102,136,2,136,2,7,4,1
2,4.3846153846,55.1538461538,3.1538461538,7,1,717,15,13,15,13,107,7,1
0,7.6,89.2,2.6,17,4,446,2,5,2,5,62,68,1
0,2.4285714286,18.6428571429,2.3571428571,6,6,261,3,14,3,14,40,36,1
1,1.1,20.3,2.4,3,10,203,2,10,2,10,14,30,1
0,5.4444444444,43.7777777778,2.1111111111,4,9,394,0,9,0,9,19,36,1
0,2.1111111111,19.5555555556,2.1111111111,6,9,176,0,9,0,9,25,54,1
2,3,26.75,2.25,2,4,107,1,4,1,4,9,8,1
144,3.0869565217,45.6086956522,1.7826086957,31,3,1049,26,23,26,23,228,93,0
5,8.2857142857,57.380952381,2.8571428571,8,4,1205,24,21,24,21,141,32,1
1,25,162.5,4,6,1,325,4,2,4,2,36,6,1
1,2.0571428571,48.4285714286,1.9714285714,28,4,1695,16,35,16,35,308,112,0
17,2.1428571429,37.3333333333,1.8571428571,23,4,784,102,21,102,21,143,92,0
1,3.9444444444,32.7777777778,2.8888888889,8,3,590,0,18,0,18,119,24,1
2,2.3846153846,25.3076923077,1.6923076923,10,1,329,6,13,6,13,104,10,1
1,2.5,21.625,1.5,9,3,173,0,8,0,8,76,27,1
2,2.5769230769,36.0576923077,1.9615384615,48,16,1875,24,52,24,52,474,768,0
13,4.2162162162,24.3783783784,1.9459459459,16,6,902,20,37,20,37,244,96,0
1,2.8571428571,25.1428571429,1.4285714286,8,3,176,0,7,0,7,71,24,1
2,2.2857142857,30.5714285714,1.3571428571,5,2,428,7,14,7,14,75,10,1
1,3.2857142857,24.1428571429,1.4285714286,5,2,169,0,7,0,7,62,10,1
2,1.8,46.9,1.3,8,5,469,1,10,1,10,97,40,1
1,3.3333333333,27.8333333333,1.3333333333,16,1,334,6,12,6,12,100,16,1
1,2.4285714286,23.1428571429,1.4285714286,8,3,162,0,7,0,7,74,24,1
2,3,31.5,1.375,5,3,252,2,8,2,8,64,15,1
2,3.625,43,1.375,8,3,344,1,8,1,8,77,24,1
1,1,29,2,1,1,58,2,2,2,2,8,1,1
12,1.5,26.4166666667,2.9166666667,16,3,634,18,24,18,24,252,48,0
0,0,0,0,0,0,0,0,0,0,0,0,0,1
16,1.4651162791,22.023255814,2.1627906977,25,11,947,100,43,100,43,242,275,0
4,2.55,25.95,1.6,23,1,519,10,20,10,20,161,23,0
2,1,22,1,7,2,66,2,3,2,3,22,14,1
2,1,27.5,1.75,11,2,220,10,8,10,8,90,22,1
17,2.1818181818,34.7727272727,2.2727272727,33,13,765,57,22,57,22,141,429,0
7,1,4,1,1,1,4,4,1,4,1,3,1,1
3,1,5.5,1,2,2,11,1,2,1,2,5,4,1
2,1,26.6666666667,1.8333333333,9,2,160,4,6,4,6,40,18,1
4,2.5,30.55,1.75,14,1,611,22,20,22,20,203,14,0
1,2.2,34.8,1.2,11,1,174,6,5,6,5,61,11,1
2,1,21.75,1,7,2,87,3,4,3,4,29,14,1
0,4.25,20.75,2.75,4,1,83,0,4,0,4,17,4,1
0,2.9230769231,32,3.2307692308,21,3,416,18,13,18,13,98,63,1
20,1.724137931,57.2068965517,3.0344827586,16,6,1659,10,29,10,29,196,96,0
2,4.1724137931,33.5862068966,1.4482758621,20,1,974,10,29,10,29,256,20,0
4,1.5,23,1.3333333333,8,1,138,6,6,6,6,41,8,1
3,0,0,0,0,0,0,1,0,1,0,0,0,1
0,23.125,141,3.25,14,1,1128,1,8,1,8,118,14,1
2,1,20.75,1.625,9,3,166,4,8,4,8,45,27,1
0,2.75,27.5,1.6875,13,1,440,18,16,18,16,150,13,1
45,2.8,33.3,3.7,13,4,333,1,10,1,10,49,52,1
6,2.7380952381,30.0079365079,2.1587301587,43,3,3781,184,126,184,126,1144,129,0
1,1.8139534884,24.0697674419,1.9302325581,10,1,1035,14,43,14,43,185,10,0
0,1.7333333333,17.2666666667,1.6,3,2,259,9,15,9,15,55,6,1
1,1.4,16.6,2.2,5,2,83,1,5,1,5,14,10,1
0,2.1111111111,17.6666666667,2.4444444444,9,3,159,1,9,1,9,34,27,1
0,25.5,130.5,1.5,0,1,261,0,2,0,2,3,0,1
0,3.8333333333,33.8333333333,2.8333333333,8,3,203,1,6,1,6,35,24,1
0,1,183,2,0,1,183,0,1,0,1,1,0,1
0,2,20.8571428571,1.8571428571,5,2,146,0,7,0,7,21,10,1
3,1,19,1.8,2,2,95,1,5,1,5,13,4,1
4,2.9285714286,37.5,2.2142857143,14,2,525,5,14,5,14,100,28,1
5,3.6666666667,30.3333333333,2.8333333333,2,2,182,3,6,3,6,29,4,1
2,1,12.5,2.5,1,1,25,6,2,6,2,12,1,1
2,4.2142857143,27.9285714286,3,4,1,391,14,14,14,14,72,4,1
0,1.75,7,2,1,4,28,1,4,1,4,5,4,1
5,1.7142857143,12.8571428571,1.7142857143,1,6,90,10,7,10,7,12,6,1
0,0,0,0,0,0,0,0,0,0,0,0,0,1
0,2.2,19.2,2.4,8,3,192,6,10,6,10,46,24,1
0,7,39,1,0,1,39,0,1,0,1,1,0,1
312,10.8333333333,68.5,2.3333333333,4,2,411,5,6,5,6,52,8,0
2,1.9583333333,40.5,3.9166666667,9,6,972,2,24,2,24,234,54,1
2,3.2533333333,41.2533333333,2.4266666667,31,8,3094,118,75,118,75,932,248,0
0,2,30,1,1,1,30,0,1,0,1,2,1,1
2,1.8333333333,20.1666666667,3,4,1,121,8,6,8,6,28,4,1
2,1.5277777778,8.7222222222,1.1388888889,2,15,314,38,36,38,36,85,30,1
1,1.1666666667,6.6666666667,1.1666666667,2,6,40,20,6,20,6,10,12,1
1,1.0357142857,8.3214285714,2.3928571429,8,4,233,15,28,15,28,150,32,1
2,1,7.6666666667,1.3333333333,3,1,23,3,3,3,3,16,3,1
2,1,6.6666666667,1,2,1,20,4,3,4,3,16,2,1
1,1,7.5,1,2,1,30,4,4,4,4,22,2,1
1,1,6.25,1.25,2,1,25,5,4,5,4,21,2,1
1,1,7.2,1.2,3,1,36,4,5,4,5,27,3,1
1,1,8,1,4,2,16,2,2,2,2,9,8,1
6,1,6.75,1.25,2,1,27,6,4,6,4,23,2,1
1,1,10.6666666667,1.3333333333,3,1,32,6,3,6,3,21,3,1
1,1,7.3333333333,1,2,1,22,4,3,4,3,17,2,1
2,2.2857142857,25.4285714286,1.7142857143,15,1,178,14,7,14,7,52,15,1
2,1.5714285714,28.5714285714,1.2857142857,13,1,200,16,7,16,7,67,13,1
2,1.3333333333,13.3333333333,2,5,1,40,7,3,7,3,25,5,1
1,2.6,18.6,2.4,6,1,93,17,5,17,5,64,6,1
1,1.3333333333,10.6666666667,1.3333333333,3,1,32,4,3,4,3,18,3,1
1,1.8333333333,14.5,2.3333333333,6,2,87,9,6,9,6,49,12,1
2,1,6.6666666667,1.6666666667,2,1,20,5,3,5,3,17,2,1
2,1,8,1.5,4,1,32,3,4,3,4,24,4,1
1,1.3333333333,10.3333333333,1.3333333333,3,1,31,4,3,4,3,18,3,1
2,1,6,1.25,2,1,24,4,4,4,4,18,2,1
1,1,6.25,1.5,2,1,25,5,4,5,4,21,2,1
2,1,6,1.25,2,1,24,4,4,4,4,18,2,1
1,1,7.3333333333,1.3333333333,3,1,22,3,3,3,3,16,3,1
7,1,5.5,1,2,1,22,3,4,3,4,15,2,1
2,1,8.3333333333,1.3333333333,4,1,25,3,3,3,3,16,4,1
2,1,9,1.3333333333,4,1,27,3,3,3,3,17,4,1
2,1,9,1.3333333333,4,1,27,3,3,3,3,17,4,1
2,1.4,16.4,2.6,8,1,82,8,5,8,5,54,8,1
1,1,8,1.5,4,1,32,3,4,3,4,24,4,1
5,1,5.75,1,2,1,23,3,4,3,4,15,2,1
4,1.5,8.75,1.5,4,1,35,4,4,4,4,22,4,1
39,1.7575757576,7.8787878788,1.3636363636,3,2,260,23,33,23,33,155,6,1
14,1,9.0333333333,1.8,34,28,271,0,30,0,30,191,952,0
2,1.5277777778,8.7222222222,1.1388888889,2,15,314,38,36,38,36,85,30,1
1,1.1666666667,6.8333333333,1.1666666667,3,6,41,22,6,22,6,12,18,1
8,1.5,10.6666666667,2,5,11,128,11,12,11,12,18,55,1
4,1.84,16.92,2,12,2,423,27,25,27,25,162,24,1
3,1.625,22.5,1.625,7,5,180,0,8,0,8,29,35,1
5,1.85,15.3,1.8,11,1,306,22,20,22,20,129,11,1
39,1.6666666667,10.0729166667,1.5520833333,43,12,967,34,96,34,96,500,516,0
7,1.375,14.1875,1.4375,10,1,227,25,16,25,16,70,10,1
1,1,5.75,2.75,1,3,23,1,4,1,4,7,3,1
4,1,4.6666666667,2.6666666667,2,1,14,1,3,1,3,11,2,1
3,1.5555555556,6.4444444444,1.7777777778,2,1,58,2,9,2,9,33,2,1
2,1.5277777778,8.7222222222,1.1388888889,2,15,314,38,36,38,36,85,30,1
0,1.3333333333,6.6666666667,1.1666666667,2,6,40,20,6,20,6,10,12,1
38,1.043956044,8.989010989,1.967032967,14,1,818,56,91,56,91,451,14,0
1,1,12,2.5,2,1,24,4,2,4,2,10,2,1
5,1.5510204082,12.7959183673,2.2857142857,17,5,627,22,49,22,49,214,85,0
2,2.1,19.95,1.7,18,1,399,40,20,40,20,141,18,1
8,2.6666666667,24.7222222222,2,18,2,445,13,18,13,18,116,36,1
4,1.4054054054,9.5675675676,2.5405405405,9,3,354,13,37,13,37,211,27,1
1,1.9047619048,17.5238095238,2.9047619048,11,4,368,16,21,16,21,86,44,1
0,1.25,32.75,1.25,10,1,131,11,4,11,4,32,10,1
0,1.5,24.5,2,2,1,49,0,2,0,2,8,2,1
1,1,11.5,2,2,1,92,7,8,7,8,30,2,1
1,1,21,1.5,1,1,42,2,2,2,2,8,1,1
4,2,8,2,1,1,8,0,1,0,1,2,1,1
8,1,6.8333333333,4.6666666667,2,1,41,0,6,0,6,15,2,1
0,1.3636363636,6.7272727273,1.3636363636,4,1,74,3,11,3,11,43,4,1
0,10.5,136,1,19,2,272,0,2,0,2,92,38,1
4,2.9230769231,25.3076923077,2.6153846154,14,9,329,27,13,27,13,118,126,1
7,4.75,67.5,2,17,2,270,42,4,42,4,73,34,1
3,5,41.2,2,18,1,412,9,10,9,10,114,18,1
2,1.8888888889,73.1111111111,2.3333333333,15,1,658,8,9,8,9,192,15,0
1,1,32,2,1,1,64,2,2,2,2,8,1,1
1,2.9047619048,63.0952380952,1.8095238095,28,1,1325,16,21,16,21,275,28,0
2,1.36,10.48,1.76,3,1,262,26,25,26,25,153,3,1
7,1,73,2.5,10,4,292,4,4,4,4,56,40,1
420,1.7333333333,21.6,2.7333333333,7,10,324,28,15,28,15,71,70,1
10,4,66.75,2,14,2,267,44,4,44,4,104,28,1
4,2.7857142857,43.7857142857,4.1428571429,15,6,613,3,14,3,14,131,90,0
4,2.6315789474,60.3684210526,2.8421052632,12,3,1147,11,19,11,19,228,36,0
0,1.5,32,2,1,1,64,2,2,2,2,8,1,1
3,2.6666666667,70.2777777778,1.5555555556,17,2,1265,12,18,12,18,194,34,0
1,1,134.25,4.25,3,4,537,0,4,0,4,23,12,1
0,3.3333333333,58.1111111111,2.7777777778,12,1,523,7,9,7,9,66,12,1
1,6,42.5,4.5,8,2,85,0,2,0,2,17,16,1
1,8.25,95.5,4.25,14,3,382,13,4,13,4,48,42,0
0,1,13,2.3333333333,5,1,39,0,3,0,3,11,5,1
0,1,5.1,1.7,2,7,51,5,10,5,10,20,14,1
0,1,6.3,1.8,2,7,63,5,10,5,10,20,14,1
2,2.2307692308,18.5384615385,1.9230769231,4,3,241,5,13,5,13,44,12,1
0,1.8333333333,31,2.1111111111,10,1,558,5,18,5,18,68,10,1
0,1,144,3,2,2,288,1,2,1,2,4,4,1
1,8.6,47.4,3,6,1,237,0,5,0,5,20,6,1
5,3.68,34.36,2.76,6,6,859,9,25,9,25,105,36,1
2,6.68,42,3.2,5,2,1050,31,25,31,25,208,10,0
3,0,0,0,0,0,0,22,0,22,0,0,0,1
0,3.7142857143,23.1428571429,3.5714285714,6,4,162,1,7,1,7,22,24,1
0,3.4375,46.3125,1.6875,32,3,741,28,16,28,16,230,96,0
1,2.3333333333,46,2.6666666667,5,1,138,0,3,0,3,17,5,1
9,1.8095238095,36.5238095238,1.8095238095,16,1,767,14,21,14,21,230,16,0
1,2,17,1.6666666667,1,3,51,0,3,0,3,7,3,1
1,2.3461538462,25.1538461538,2.2307692308,7,7,654,21,26,21,26,72,49,1
1,3,27.5,1.375,4,2,220,0,8,0,8,24,8,1
2,1,28.5,2,6,4,114,0,4,0,4,19,24,1
1,1.8888888889,24.8888888889,2.6666666667,17,4,224,13,9,13,9,42,68,1
0,4,25.3333333333,2.6666666667,6,7,228,3,9,3,9,35,42,1
0,1.6666666667,29,1,2,1,87,1,3,1,3,9,2,1
0,2.8148148148,20.0617283951,1.7777777778,28,65,1625,11,81,11,81,276,1820,0
0,2.1666666667,19.2777777778,1.6111111111,6,9,347,1,18,1,18,94,54,1
0,1.3333333333,5.6666666667,1.3333333333,0,1,17,2,3,2,3,7,0,1
0,2,11.6666666667,1.3333333333,1,1,35,2,3,2,3,8,1,1
5,0,0,0,0,0,0,23,0,23,0,0,0,1
0,3.8645833333,18.1875,1.8958333333,9,72,1746,20,96,20,96,240,648,0
0,1.4,10.4,1.6,1,5,52,3,5,3,5,7,5,1
0,2.4615384615,17.0865384615,2.2884615385,28,82,1777,12,104,12,104,427,2296,0
0,2.3928571429,14.75,1.9880952381,21,84,1239,3,84,3,84,233,1764,0
0,0,0,0,0,0,0,0,0,0,0,0,0,1
0,1.8571428571,10.2857142857,1.7142857143,2,7,72,3,7,3,7,13,14,1
6,1.3846153846,8.0769230769,1.7692307692,2,12,105,3,13,3,13,31,24,1
0,10.2142857143,59.5,2.2857142857,12,11,833,19,14,19,14,75,132,0
0,3.7941176471,21.4705882353,2.1176470588,15,34,730,12,34,12,34,133,510,0
0,0,0,0,0,0,0,0,0,0,0,0,0,1
1,2.1777777778,15.1111111111,2.2888888889,16,42,680,10,45,10,45,148,672,0
6,1.5333333333,51.7333333333,2.4,16,15,776,28,15,28,15,80,240,0
0,0,0,0,0,0,0,10,0,10,0,0,0,1
0,1,13,1.2,1,5,65,4,5,4,5,7,5,1
1,3.6153846154,23.3076923077,1.9230769231,4,1,303,3,13,3,13,77,4,1
7,10.2105263158,77.4210526316,1.7894736842,21,3,1471,5,19,5,19,136,63,0
1,4.1538461538,44.9230769231,2.2307692308,14,1,584,11,13,11,13,77,14,1
0,0,0,0,0,0,0,0,0,0,0,0,0,1
1,1,52,5,3,1,52,0,1,0,1,9,3,1
3,4.8666666667,53.2666666667,2.8666666667,25,1,799,11,15,11,15,176,25,0
0,0,0,0,0,0,0,0,0,0,0,0,0,1
1,3.6666666667,39.3333333333,2,4,1,118,0,3,0,3,19,4,1
2,2.3,70.6,2.6,8,9,706,0,10,0,10,155,72,1
2,7.5384615385,58.7692307692,2.1538461538,14,1,764,4,13,4,13,118,14,0
2,5.5454545455,36.6818181818,1.8181818182,10,1,807,24,22,24,22,127,10,0
1,1,26,5,3,1,26,48,1,48,1,8,3,1
2,1,38,1,0,1,38,0,1,0,1,1,0,1
0,3.2,60.4,2.6,12,2,302,1,5,1,5,37,24,1
2,2.3333333333,16,2,3,1,48,0,3,0,3,15,3,1
11,1,1.2162162162,1.0540540541,0,31,45,103,37,103,37,43,0,0
3,5.1284916201,23.6424581006,1.8938547486,11,42,4232,21,179,21,179,1103,462,0
0,1,1,1.625,0,8,8,2,8,2,8,8,0,1
0,1,1,1.5,0,4,4,8,4,8,4,4,0,1
1,1.3333333333,7.0666666667,1.3333333333,1,7,106,14,15,14,15,34,7,1
0,3.3333333333,17.1666666667,3.1666666667,1,1,103,0,6,0,6,14,1,1
0,3.75,47.25,1.3333333333,22,3,567,5,12,5,12,113,66,1
1,1,21.3333333333,3.6666666667,0,3,64,0,3,0,3,3,0,1
1,4.4137931034,49.0689655172,1.7931034483,8,1,1423,22,29,22,29,264,8,1
24,1,5.625,1.9375,2,14,90,0,16,0,16,33,28,1
0,1.7,9.8,2.1,2,10,98,0,10,0,10,26,20,1
1,2.4444444444,18.2222222222,2,7,1,164,5,9,5,9,43,7,1
1,1,111,1,5,1,333,1,3,1,3,32,5,1
2,2.0666666667,41.8666666667,1.6666666667,18,7,628,11,15,11,15,114,126,0
1,1,13.0909090909,1.4545454545,4,10,144,7,11,7,11,22,40,1
8,0,0,0,0,0,0,28,0,28,0,0,0,1
10,1,8.0810810811,1.7297297297,3,11,299,2,37,2,37,144,33,1
1,1.8333333333,23.3333333333,2,6,2,140,2,6,2,6,29,12,1
6,1.53125,21.65625,1.34375,6,7,693,14,32,14,32,197,42,1
5,1,7.6,1.3,6,9,76,0,10,0,10,21,54,1
1,1.1875,9.8125,1.8125,6,11,157,0,16,0,16,36,66,1
6,2.3333333333,23.3333333333,2.3333333333,3,1,70,1,3,1,3,23,3,1
1,1.75,14.45,1.65,6,15,289,5,20,5,20,57,90,1
6,2.6,27,2.3,14,8,540,205,20,205,20,171,112,0
0,0,0,0,0,0,0,0,0,0,0,0,0,1
3,3.4,37.3,2.05,18,3,746,17,20,17,20,97,54,1
457,2.4897959184,12.6326530612,1.1632653061,1,1,619,14,49,14,49,172,1,0
0,2.0196078431,18.9803921569,3.6078431373,15,26,968,0,51,0,51,172,390,0
0,4,44,2,3,1,88,0,2,0,2,13,3,1
0,5.25,47.375,2.625,4,2,379,3,8,3,8,26,8,1
