10,1,4,1,1,7,28,0,7,0,7,14,7,1
4,3.2307692308,45.6923076923,2.5384615385,11,3,594,0,13,0,13,63,33,1
1,0,0,0,0,0,0,2,0,2,0,0,0,1
4,0,0,0,0,0,0,5,0,5,0,0,0,1
20,6,21,2.75,5,1,84,2,4,2,4,17,5,1
6,6,27,2,1,1,27,0,1,0,1,2,1,1
1,4,14,2,0,1,28,2,2,2,2,6,0,1
2,0,0,0,0,0,0,6,0,6,0,0,0,1
1,0,0,0,0,0,0,5,0,5,0,0,0,1
0,0,0,0,0,0,0,1,0,1,0,0,0,1
1,0,0,0,0,0,0,2,0,2,0,0,0,1
118,5.1666666667,37,2.3888888889,5,5,666,14,18,14,18,94,25,1
0,0,0,0,0,0,0,2,0,2,0,0,0,1
8,0,0,0,0,0,0,4,0,4,0,0,0,1
1,0,0,0,0,0,0,15,0,15,0,0,0,1
155,8.4285714286,46.0238095238,3.5595238095,70,60,3866,11,84,11,84,776,4200,0
0,0,0,0,0,0,0,6,0,6,0,0,0,1
0,0,0,0,0,0,0,2,0,2,0,0,0,1
29,5,27.75,1.5,1,3,111,3,4,3,4,26,3,1
30,0,0,0,0,0,0,19,0,19,0,0,0,1
0,5.6,59.2,1.2,5,1,296,0,5,0,5,18,5,1
1,0,0,0,0,0,0,4,0,4,0,0,0,1
0,0,0,0,0,0,0,0,0,0,0,0,0,1
0,0,0,0,0,0,0,3,0,3,0,0,0,1
2,0,0,0,0,0,0,2,0,2,0,0,0,1
2,0,0,0,0,0,0,33,0,33,0,0,0,1
2,0,0,0,0,0,0,53,0,53,0,0,0,1
1,0,0,0,0,0,0,4,0,4,0,0,0,1
0,6,14,1,2,1,28,1,2,1,2,10,2,1
1,0,0,0,0,0,0,3,0,3,0,0,0,1
0,0,0,0,0,0,0,0,0,0,0,0,0,1
11,0,0,0,0,0,0,17,0,17,0,0,0,1
89,4.6666666667,30.1666666667,2,4,1,181,6,6,6,6,56,4,1
0,0,0,0,0,0,0,0,0,0,0,0,0,1
0,3.7894736842,23.1578947368,1.6578947368,9,12,880,14,38,14,38,151,108,1
0,0,0,0,0,0,0,18,0,18,0,0,0,1
2,0,0,0,0,0,0,8,0,8,0,0,0,1
3,0,0,0,0,0,0,7,0,7,0,0,0,1
2,0,0,0,0,0,0,2,0,2,0,0,0,1
2,0,0,0,0,0,0,12,0,12,0,0,0,1
0,3.5,42,1,3,1,84,0,2,0,2,13,3,1
3,1.6666666667,36,1,2,2,108,3,3,3,3,16,4,1
3,0,0,0,0,0,0,6,0,6,0,0,0,1
8,1,12.5,1,4,2,50,5,4,5,4,22,8,1
0,0,0,0,0,0,0,2,0,2,0,0,0,1
0,0,0,0,0,0,0,2,0,2,0,0,0,1
13,5.6666666667,21.3333333333,1.3333333333,8,2,128,2,6,2,6,60,16,1
1,0,0,0,0,0,0,3,0,3,0,0,0,1
12,0,0,0,0,0,0,23,0,23,0,0,0,1
14,0,0,0,0,0,0,18,0,18,0,0,0,1
10,3,16.6666666667,1.3333333333,16,2,50,47,3,47,3,47,32,1
4,0,0,0,0,0,0,4,0,4,0,0,0,1
1,1.3333333333,107,1.3333333333,2,1,321,1,3,1,3,17,2,1
19,4,21.6153846154,1.5384615385,21,4,281,14,13,14,13,80,84,1
4,0,0,0,0,0,0,6,0,6,0,0,0,1
2,3.4,39.2666666667,2,10,1,589,56,15,56,15,229,10,0
13,4.1666666667,31.8888888889,2.0555555556,15,1,574,36,18,36,18,173,15,0
3,1.6666666667,26.6666666667,1.3333333333,2,1,80,2,3,2,3,19,2,1
1,5.3846153846,41.9230769231,2.5384615385,13,1,545,23,13,23,13,127,13,0
1,0,0,0,0,0,0,2,0,2,0,0,0,1
2,3,11.8,2,5,2,118,0,10,0,10,57,10,1
5,0,0,0,0,0,0,4,0,4,0,0,0,1
6,0,0,0,0,0,0,11,0,11,0,0,0,1
3,6.1333333333,95.2666666667,1.6666666667,35,1,1429,90,15,90,15,486,35,0
1,18.6666666667,212,2,15,1,636,0,3,0,3,49,15,1
0,21,325.3333333333,1,31,3,976,3,3,3,3,114,93,0
1,2.3333333333,26,1.8333333333,9,1,156,7,6,7,6,49,9,1
10,1.8,10.6666666667,2.1333333333,1,14,160,0,15,0,15,19,14,1
31,21.4444444444,122.1111111111,2,72,3,1099,3,9,3,9,417,216,0
18,9.8666666667,52.1333333333,1.6666666667,63,4,782,11,15,11,15,500,252,0
23,0,0,0,0,0,0,30,0,30,0,0,0,1
3,2.875,45,2,12,1,360,1,8,1,8,78,12,1
1,0,0,0,0,0,0,4,0,4,0,0,0,1
1,0,0,0,0,0,0,4,0,4,0,0,0,1
5,5.4347826087,35.0869565217,1.1304347826,16,1,807,10,23,10,23,251,16,0
0,0,0,0,0,0,0,2,0,2,0,0,0,1
11,1,27.9230769231,1.1538461538,31,7,363,0,13,0,13,201,217,0
22,1.8571428571,84.5714285714,2.1428571429,33,2,592,10,7,10,7,149,66,0
1,8.5,36,1.6666666667,17,3,216,4,6,4,6,99,51,1
3,14.5,94.5,3.5,15,1,378,2,4,2,4,68,15,1
7,11.8571428571,55.7142857143,2.1428571429,37,8,780,9,14,9,14,299,296,0
4,5.8333333333,41,1.5,4,2,246,0,6,0,6,33,8,1
13,0,0,0,0,0,0,5,0,5,0,0,0,1
1,1,12.5,4,2,2,25,0,2,0,2,5,4,1
12,1,71.25,2.25,6,3,285,0,4,0,4,21,18,1
9,0,0,0,0,0,0,4,0,4,0,0,0,1
5,0,0,0,0,0,0,2,0,2,0,0,0,1
0,0,0,0,0,0,0,0,0,0,0,0,0,1
18,1,17.3333333333,2.0833333333,5,11,208,0,12,0,12,21,55,1
3,5.4761904762,52.1428571429,2.1428571429,27,8,1095,3,21,3,21,169,216,0
6,9.9166666667,62.375,1.7916666667,30,1,1497,7,24,7,24,228,30,0
1,4.1111111111,45.7222222222,1.6111111111,27,18,823,6,18,6,18,131,486,0
0,0,0,0,0,0,0,5,0,5,0,0,0,1
4,0,0,0,0,0,0,33,0,33,0,0,0,1
0,0,0,0,0,0,0,0,0,0,0,0,0,1
2,6,53.8181818182,1.7272727273,14,1,592,2,11,2,11,89,14,1
3,0,0,0,0,0,0,5,0,5,0,0,0,1
2,0,0,0,0,0,0,5,0,5,0,0,0,1
3,0,0,0,0,0,0,5,0,5,0,0,0,1
4,0,0,0,0,0,0,25,0,25,0,0,0,1
3,2,10.875,2,2,7,87,6,8,6,8,17,14,1
1,0,0,0,0,0,0,16,0,16,0,0,0,1
0,8.25,36.25,3.5,18,1,290,0,8,0,8,79,18,1
11,1,16.6666666667,1.3333333333,0,3,50,17,3,17,3,3,0,1
13,5.425,32.125,2.15,17,4,1285,33,40,33,40,237,68,0
2,0,0,0,0,0,0,6,0,6,0,0,0,1
13,0,0,0,0,0,0,61,0,61,0,0,0,1
4,1,40.8,1.2,5,1,204,11,5,11,5,39,5,1
0,0,0,0,0,0,0,1,0,1,0,0,0,1
0,0,0,0,0,0,0,1,0,1,0,0,0,1
0,0,0,0,0,0,0,1,0,1,0,0,0,1
0,0,0,0,0,0,0,1,0,1,0,0,0,1
0,0,0,0,0,0,0,1,0,1,0,0,0,1
0,0,0,0,0,0,0,1,0,1,0,0,0,1
0,0,0,0,0,0,0,1,0,1,0,0,0,1
0,0,0,0,0,0,0,1,0,1,0,0,0,1
0,0,0,0,0,0,0,1,0,1,0,0,0,1
0,0,0,0,0,0,0,1,0,1,0,0,0,1
0,0,0,0,0,0,0,1,0,1,0,0,0,1
0,0,0,0,0,0,0,1,0,1,0,0,0,1
0,0,0,0,0,0,0,1,0,1,0,0,0,1
0,0,0,0,0,0,0,1,0,1,0,0,0,1
0,0,0,0,0,0,0,1,0,1,0,0,0,1
0,0,0,0,0,0,0,1,0,1,0,0,0,1
0,0,0,0,0,0,0,1,0,1,0,0,0,1
0,0,0,0,0,0,0,1,0,1,0,0,0,1
0,0,0,0,0,0,0,1,0,1,0,0,0,1
0,0,0,0,0,0,0,1,0,1,0,0,0,1
0,0,0,0,0,0,0,1,0,1,0,0,0,1
0,0,0,0,0,0,0,1,0,1,0,0,0,1
0,0,0,0,0,0,0,1,0,1,0,0,0,1
0,0,0,0,0,0,0,1,0,1,0,0,0,1
0,0,0,0,0,0,0,1,0,1,0,0,0,1
47,1,38,1,2,2,76,4,2,4,2,7,4,1
0,0,0,0,0,0,0,3,0,3,0,0,0,1
1,3.6666666667,43,1.4444444444,6,3,387,10,9,10,9,47,18,1
1,0,0,0,0,0,0,3,0,3,0,0,0,1
19,5.0555555556,32.6666666667,1.5833333333,24,2,1176,39,36,39,36,257,48,0
1,0,0,0,0,0,0,12,0,12,0,0,0,1
1,0,0,0,0,0,0,3,0,3,0,0,0,1
1,0,0,0,0,0,0,3,0,3,0,0,0,1
1,0,0,0,0,0,0,4,0,4,0,0,0,1
1,0,0,0,0,0,0,2,0,2,0,0,0,1
1,0,0,0,0,0,0,5,0,5,0,0,0,1
1,0,0,0,0,0,0,2,0,2,0,0,0,1
1,0,0,0,0,0,0,2,0,2,0,0,0,1
1,15,56.5,1,1,1,113,2,2,2,2,7,1,1
1,4.6666666667,27,1.6666666667,2,1,81,3,3,3,3,12,2,1
0,0,0,0,0,0,0,0,0,0,0,0,0,1
25,2.2692307692,22.3076923077,2.1923076923,10,12,580,28,26,28,26,135,120,0
29,0,0,0,0,0,0,6,0,6,0,0,0,1
4,0,0,0,0,0,0,6,0,6,0,0,0,1
30,0,0,0,0,0,0,10,0,10,0,0,0,1
4,0,0,0,0,0,0,2,0,2,0,0,0,1
1,0,0,0,0,0,0,5,0,5,0,0,0,1
0,7.6,37.6,1.4,9,2,188,5,5,5,5,31,18,1
0,3,18.25,1.75,6,2,73,1,4,1,4,27,12,1
0,0,0,0,0,0,0,1,0,1,0,0,0,1
0,7.5,41.1666666667,3,5,2,247,1,6,1,6,39,10,1
0,0,0,0,0,0,0,3,0,3,0,0,0,1
0,6,27.25,1.75,6,2,109,1,4,1,4,31,12,1
0,0,0,0,0,0,0,7,0,7,0,0,0,1
0,6.5,35.25,1.75,6,2,141,1,4,1,4,29,12,1
0,0,0,0,0,0,0,4,0,4,0,0,0,1
0,1.75,8,1.75,4,2,32,1,4,1,4,18,8,1
0,5.4,31.6,2.2,6,2,158,1,5,1,5,31,12,1
0,0,0,0,0,0,0,7,0,7,0,0,0,1
0,6.75,45.75,1.75,8,2,183,1,4,1,4,34,16,1
0,0,0,0,0,0,0,7,0,7,0,0,0,1
0,2.4,20,1.8,9,2,100,1,5,1,5,42,18,1
0,0,0,0,0,0,0,1,0,1,0,0,0,1
0,6.7727272727,26.7727272727,2.1818181818,10,8,589,1,22,1,22,95,80,0
0,14,48,5,3,2,96,2,2,2,2,9,6,1
0,14,48,5,3,2,96,2,2,2,2,9,6,1
0,5.5,26.25,1.75,6,2,105,1,4,1,4,30,12,1
0,0,0,0,0,0,0,7,0,7,0,0,0,1
0,6.7,55.2,3.7,8,2,552,7,10,7,10,55,16,1
0,0,0,0,0,0,0,49,0,49,0,0,0,1
0,1.75,12.5,1.75,5,2,50,1,4,1,4,20,10,1
0,12.875,83,1.5,10,2,664,1,8,1,8,109,20,1
1,0,0,0,0,0,0,23,0,23,0,0,0,1
0,8.25,59,1.75,12,2,236,2,4,2,4,41,24,1
0,0,0,0,0,0,0,8,0,8,0,0,0,1
0,7.75,36.75,1.75,6,2,147,1,4,1,4,38,12,1
0,0,0,0,0,0,0,24,0,24,0,0,0,1
0,7.75,39.25,1.75,6,2,157,1,4,1,4,31,12,1
0,0,0,0,0,0,0,2,0,2,0,0,0,1
0,7.1666666667,49.6666666667,2,7,2,298,1,6,1,6,49,14,1
0,0,0,0,0,0,0,0,0,0,0,0,0,1
0,6.7777777778,51.8888888889,2,11,2,467,1,9,1,9,67,22,1
1,0,0,0,0,0,0,29,0,29,0,0,0,1
0,3.25,24.25,1.75,8,2,97,1,4,1,4,33,16,1
0,0,0,0,0,0,0,6,0,6,0,0,0,1
0,3.2857142857,15.2857142857,1.7142857143,6,2,107,5,7,5,7,38,12,1
0,4.25,24.75,1.75,7,2,99,2,4,2,4,29,14,1
0,0,0,0,0,0,0,2,0,2,0,0,0,1
0,0,0,0,0,0,0,5,0,5,0,0,0,1
0,3.75,39.75,1.75,8,2,159,2,4,2,4,34,16,1
0,0,0,0,0,0,0,9,0,9,0,0,0,1
0,2.25,13.25,1.75,5,2,53,1,4,1,4,28,10,1
0,0,0,0,0,0,0,2,0,2,0,0,0,1
0,3.1666666667,12.3333333333,3.8333333333,3,6,74,0,6,0,6,15,18,1
0,3.875,31.625,1.875,8,2,253,1,8,1,8,50,16,1
0,0,0,0,0,0,0,16,0,16,0,0,0,1
0,0,0,0,0,0,0,2,0,2,0,0,0,1
0,8.5,38,1.75,8,2,152,1,4,1,4,36,16,1
0,0,0,0,0,0,0,0,0,0,0,0,0,1
0,0,0,0,0,0,0,11,0,11,0,0,0,1
2,0,0,0,0,0,0,2,0,2,0,0,0,1
0,0,0,0,0,0,0,0,0,0,0,0,0,1
0,0,0,0,0,0,0,0,0,0,0,0,0,1
0,0,0,0,0,0,0,3,0,3,0,0,0,1
0,6,133,1,6,2,266,1,2,1,2,27,12,1
4,1.1111111111,27.3333333333,5,4,6,246,0,9,0,9,24,24,1
24,1,23.6666666667,1.3333333333,3,4,142,3,6,3,6,17,12,1
0,0,0,0,0,0,0,2,0,2,0,0,0,1
10,7.4666666667,78.8666666667,8,3,1,1183,3,15,3,15,51,3,0
0,9.2142857143,52.7142857143,2.0714285714,10,2,738,8,14,8,14,56,20,0
0,1.5555555556,10.1111111111,1.6666666667,1,9,91,2,9,2,9,10,9,1
0,5.5,38.6071428571,2.6428571429,10,1,1081,2,28,2,28,175,10,0
1,0,0,0,0,0,0,20,0,20,0,0,0,1
0,2,14.4615384615,1.7692307692,6,4,188,4,13,4,13,37,24,1
0,5.375,26.3125,1.625,11,1,421,12,16,12,16,89,11,0
3,0,0,0,0,0,0,7,0,7,0,0,0,1
0,0,0,0,0,0,0,3,0,3,0,0,0,1
0,3.4,14.3,2,8,6,143,5,10,5,10,35,48,1
0,5.1111111111,38,1.6666666667,5,2,342,8,9,8,9,39,10,1
0,1.6666666667,9,1.6666666667,4,7,81,2,9,2,9,17,28,1
0,3.3333333333,14.0666666667,1.9333333333,6,4,211,11,15,11,15,64,24,1
1,0,0,0,0,0,0,4,0,4,0,0,0,1
0,2.1538461538,18.3846153846,1.7692307692,6,1,239,6,13,6,13,45,6,1
1,4.4545454545,17.9090909091,1.6363636364,6,4,197,5,11,5,11,30,24,1
0,3.0909090909,21.7272727273,1.6818181818,9,1,478,6,22,6,22,143,9,1
1,0,0,0,0,0,0,15,0,15,0,0,0,1
0,1.2,7,1.6,5,6,70,3,10,3,10,21,30,1
0,2.9090909091,14.8181818182,1.5454545455,7,2,163,6,11,6,11,44,14,1
0,9.6363636364,40.8181818182,1.5454545455,9,1,449,8,11,8,11,53,9,1
0,2.9166666667,15.4166666667,1.75,8,5,185,6,12,6,12,44,40,1
0,4.4705882353,18.4117647059,1.9411764706,9,1,313,7,17,7,17,62,9,1
1,0,0,0,0,0,0,2,0,2,0,0,0,1
0,2.9166666667,17.6666666667,1.8333333333,7,4,212,2,12,2,12,31,28,1
0,4.2,22.7,1.7,7,4,227,6,10,6,10,35,28,1
0,6.6666666667,37.4666666667,1.4666666667,12,1,562,9,15,9,15,68,12,0
0,1.6666666667,9,1.6666666667,4,7,81,2,9,2,9,17,28,1
0,3.0909090909,17.7272727273,2,8,1,195,7,11,7,11,57,8,1
0,0,0,0,0,0,0,3,0,3,0,0,0,1
20,5.3333333333,24.6666666667,3,6,2,74,26,3,26,3,15,12,1
3,0,0,0,0,0,0,4,0,4,0,0,0,1
7,0,0,0,0,0,0,10,0,10,0,0,0,1
0,0,0,0,0,0,0,7,0,7,0,0,0,1
15,0,0,0,0,0,0,2,0,2,0,0,0,1
0,1,1,1.6666666667,0,9,9,0,9,0,9,9,0,1
7,3.7704918033,21.5245901639,2.262295082,20,28,1313,0,61,0,61,183,560,0
0,0,0,0,0,0,0,5,0,5,0,0,0,1
2,0,0,0,0,0,0,8,0,8,0,0,0,1
3,5.2307692308,34.6153846154,3.1538461538,8,2,450,2,13,2,13,72,16,1
1,0,0,0,0,0,0,8,0,8,0,0,0,1
3,0,0,0,0,0,0,6,0,6,0,0,0,1
5,1.96,10.16,2.24,12,5,254,0,25,0,25,90,60,1
1,0,0,0,0,0,0,3,0,3,0,0,0,1
0,0,0,0,0,0,0,12,0,12,0,0,0,1
2,0,0,0,0,0,0,3,0,3,0,0,0,1
1,0,0,0,0,0,0,2,0,2,0,0,0,1
1,0,0,0,0,0,0,7,0,7,0,0,0,1
0,0,0,0,0,0,0,1,0,1,0,0,0,1
2,0,0,0,0,0,0,4,0,4,0,0,0,1
0,0,0,0,0,0,0,2,0,2,0,0,0,1
1,0,0,0,0,0,0,4,0,4,0,0,0,1
0,0,0,0,0,0,0,2,0,2,0,0,0,1
0,1,1,1.8333333333,0,6,6,0,6,0,6,6,0,1
2,3.6666666667,24.5333333333,1.8,5,5,368,0,15,0,15,79,25,1
0,0,0,0,0,0,0,4,0,4,0,0,0,1
3,0,0,0,0,0,0,20,0,20,0,0,0,1
4,2.45,31.6,3.1,15,9,632,0,20,0,20,122,135,1
2,0,0,0,0,0,0,5,0,5,0,0,0,1
1,0,0,0,0,0,0,10,0,10,0,0,0,1
4,1.5,10.75,4.25,2,4,43,0,4,0,4,6,8,1
0,0,0,0,0,0,0,3,0,3,0,0,0,1
6,1.3,10,2.3,3,5,100,7,10,7,10,19,15,1
1,0,0,0,0,0,0,3,0,3,0,0,0,1
1,1.4666666667,62,2.6,12,7,930,0,15,0,15,57,84,1
4,6.22,47,2.88,36,2,2350,0,50,0,50,407,72,0
1,0,0,0,0,0,0,4,0,4,0,0,0,1
0,0,0,0,0,0,0,2,0,2,0,0,0,1
1,0,0,0,0,0,0,2,0,2,0,0,0,1
1,0,0,0,0,0,0,16,0,16,0,0,0,1
2,0,0,0,0,0,0,8,0,8,0,0,0,1
3,0,0,0,0,0,0,46,0,46,0,0,0,1
1,0,0,0,0,0,0,4,0,4,0,0,0,1
2,0,0,0,0,0,0,7,0,7,0,0,0,1
0,0,0,0,0,0,0,54,0,54,0,0,0,1
0,0,0,0,0,0,0,6,0,6,0,0,0,1
0,0,0,0,0,0,0,28,0,28,0,0,0,1
1,0,0,0,0,0,0,5,0,5,0,0,0,1
1,0,0,0,0,0,0,4,0,4,0,0,0,1
1,0,0,0,0,0,0,4,0,4,0,0,0,1
1,1,9.3076923077,2.6153846154,4,7,121,0,13,0,13,25,28,1
3,2.2666666667,15.2,1.7333333333,7,8,228,4,15,4,15,54,56,1
0,27,189,2,0,1,189,2,1,2,1,3,0,1
0,0,0,0,0,0,0,0,0,0,0,0,0,1
1,0,0,0,0,0,0,24,0,24,0,0,0,1
4,0,0,0,0,0,0,12,0,12,0,0,0,1
0,0,0,0,0,0,0,20,0,20,0,0,0,1
8,1.92,8.56,1.64,7,18,214,0,25,0,25,40,126,1
0,1,1,2,0,3,3,0,3,0,3,3,0,1
0,0,0,0,0,0,0,13,0,13,0,0,0,1
0,0,0,0,0,0,0,3,0,3,0,0,0,1
1,0,0,0,0,0,0,4,0,4,0,0,0,1
1,0,0,0,0,0,0,3,0,3,0,0,0,1
0,0,0,0,0,0,0,3,0,3,0,0,0,1
0,0,0,0,0,0,0,4,0,4,0,0,0,1
1,0,0,0,0,0,0,6,0,6,0,0,0,1
1,0,0,0,0,0,0,2,0,2,0,0,0,1
1,0,0,0,0,0,0,3,0,3,0,0,0,1
1,0,0,0,0,0,0,3,0,3,0,0,0,1
1,0,0,0,0,0,0,3,0,3,0,0,0,1
1,0,0,0,0,0,0,7,0,7,0,0,0,1
1,0,0,0,0,0,0,3,0,3,0,0,0,1
1,0,0,0,0,0,0,2,0,2,0,0,0,1
1,0,0,0,0,0,0,5,0,5,0,0,0,1
1,0,0,0,0,0,0,10,0,10,0,0,0,1
0,0,0,0,0,0,0,9,0,9,0,0,0,1
0,0,0,0,0,0,0,6,0,6,0,0,0,1
1,0,0,0,0,0,0,2,0,2,0,0,0,1
1,0,0,0,0,0,0,3,0,3,0,0,0,1
1,0,0,0,0,0,0,2,0,2,0,0,0,1
1,0,0,0,0,0,0,6,0,6,0,0,0,1
0,0,0,0,0,0,0,12,0,12,0,0,0,1
0,0,0,0,0,0,0,5,0,5,0,0,0,1
0,0,0,0,0,0,0,0,0,0,0,0,0,1
2,1,46.75,1,9,3,187,0,4,0,4,109,27,1
2,7.5263157895,71.8947368421,2.5263157895,7,3,1366,3,19,3,19,104,21,1
3,0,0,0,0,0,0,3,0,3,0,0,0,1
3,0,0,0,0,0,0,4,0,4,0,0,0,1
0,0,0,0,0,0,0,9,0,9,0,0,0,1
3,5.7777777778,56.6666666667,1.7777777778,5,5,510,0,9,0,9,40,25,1
0,10.1428571429,76.2857142857,2.1428571429,8,7,534,1,7,1,7,51,56,1
0,2,9,2,1,1,9,0,1,0,1,3,1,1
1,3.9166666667,134.3333333333,2.9166666667,14,12,1612,0,12,0,12,60,168,1
2,1,60.7777777778,2.1111111111,8,9,547,1,9,1,9,56,72,1
6,0,0,0,0,0,0,18,0,18,0,0,0,1
1,3.7590361446,25.9397590361,2.1325301205,27,73,2153,0,83,0,83,289,1971,0
0,0,0,0,0,0,0,0,0,0,0,0,0,1
2,0,0,0,0,0,0,7,0,7,0,0,0,1
0,0,0,0,0,0,0,0,0,0,0,0,0,1
2,0,0,0,0,0,0,1,0,1,0,0,0,1
1,0,0,0,0,0,0,4,0,4,0,0,0,1
1,0,0,0,0,0,0,2,0,2,0,0,0,1
2,0,0,0,0,0,0,4,0,4,0,0,0,1
2,0,0,0,0,0,0,7,0,7,0,0,0,1
2,0,0,0,0,0,0,8,0,8,0,0,0,1
2,1,21,1,0,1,21,0,1,0,1,1,0,1
0,0,0,0,0,0,0,345,0,345,0,0,0,1
1,0,0,0,0,0,0,4,0,4,0,0,0,1
0,0,0,0,0,0,0,20,0,20,0,0,0,1
2,1.2142857143,18.9285714286,2.6428571429,3,4,265,0,14,0,14,50,12,1
3,1,17.3846153846,2.4615384615,3,11,226,0,13,0,13,32,33,1
1,6.5,41,2,5,4,246,0,6,0,6,23,20,1
1,0,0,0,0,0,0,8,0,8,0,0,0,1
0,0,0,0,0,0,0,8,0,8,0,0,0,1
2,5.375,24.625,2.75,3,1,197,0,8,0,8,36,3,1
1,0,0,0,0,0,0,5,0,5,0,0,0,1
2,0,0,0,0,0,0,5,0,5,0,0,0,1
2,1.6363636364,54.0909090909,2.4545454545,9,8,595,0,11,0,11,66,72,1
1,1.1,4.6,2.1,1,7,46,0,10,0,10,16,7,1
2,5.2857142857,25,2.5238095238,7,1,525,0,21,0,21,107,7,1
2,0,0,0,0,0,0,4,0,4,0,0,0,1
1,0,0,0,0,0,0,4,0,4,0,0,0,1
2,0,0,0,0,0,0,5,0,5,0,0,0,1
4,3.609375,25.890625,1.890625,16,15,1657,0,64,0,64,270,240,0
2,0,0,0,0,0,0,14,0,14,0,0,0,1
1,0,0,0,0,0,0,12,0,12,0,0,0,1
3,0,0,0,0,0,0,9,0,9,0,0,0,1
2,3.347826087,17.3913043478,1.347826087,3,1,400,5,23,5,23,100,3,1
1,5,29,2,1,2,58,0,2,0,2,10,2,1
2,1.7692307692,18.1538461538,1.7692307692,3,1,236,12,13,12,13,55,3,1
1,0,0,0,0,0,0,2,0,2,0,0,0,1
6,7.1333333333,40.1,2.7666666667,11,11,1203,0,30,0,30,177,121,0
2,0,0,0,0,0,0,7,0,7,0,0,0,1
1,0,0,0,0,0,0,7,0,7,0,0,0,1
1,5.6538461538,30.9615384615,3.1538461538,12,4,805,0,26,0,26,141,48,1
1,0,0,0,0,0,0,8,0,8,0,0,0,1
1,0,0,0,0,0,0,4,0,4,0,0,0,1
1,0,0,0,0,0,0,2,0,2,0,0,0,1
1,0,0,0,0,0,0,2,0,2,0,0,0,1
1,0,0,0,0,0,0,2,0,2,0,0,0,1
0,0,0,0,0,0,0,3,0,3,0,0,0,1
1,0,0,0,0,0,0,3,0,3,0,0,0,1
0,0,0,0,0,0,0,12,0,12,0,0,0,1
1,0,0,0,0,0,0,4,0,4,0,0,0,1
1,0,0,0,0,0,0,3,0,3,0,0,0,1
1,7.6666666667,41.8518518519,1.4074074074,8,2,1130,0,27,0,27,100,16,1
3,3.0338983051,36.1525423729,1.5254237288,6,1,2133,1,59,1,59,295,6,1
0,0,0,0,0,0,0,0,0,0,0,0,0,1
0,0,0,0,0,0,0,2,0,2,0,0,0,1
0,0,0,0,0,0,0,8,0,8,0,0,0,1
7,0,0,0,0,0,0,16,0,16,0,0,0,1
0,2.8461538462,15.6923076923,1.3076923077,2,2,204,0,13,0,13,33,4,1
2,1,114,2,1,2,228,0,2,0,2,4,2,1
0,0,0,0,0,0,0,0,0,0,0,0,0,1
0,0,0,0,0,0,0,4,0,4,0,0,0,1
2,3,21,5,1,1,21,0,1,0,1,3,1,1
1,1.9230769231,24.3846153846,1.6923076923,1,7,317,1,13,1,13,28,7,1
1,0,0,0,0,0,0,7,0,7,0,0,0,1
9,3.1428571429,28.2857142857,2.4761904762,26,8,594,24,21,24,21,199,208,0
1,0,0,0,0,0,0,2,0,2,0,0,0,1
1,0,0,0,0,0,0,4,0,4,0,0,0,1
1,0,0,0,0,0,0,4,0,4,0,0,0,1
1,4.6,26,1.8,12,1,130,7,5,7,5,106,12,1
1,1,62.1666666667,3,15,1,373,10,6,10,6,62,15,1
0,0,0,0,0,0,0,2,0,2,0,0,0,1
11,0,0,0,0,0,0,11,0,11,0,0,0,1
1,0,0,0,0,0,0,6,0,6,0,0,0,1
0,3,18.8,1.8,11,1,94,3,5,3,5,43,11,1
7,0,0,0,0,0,0,15,0,15,0,0,0,1
4,0,0,0,0,0,0,45,0,45,0,0,0,1
0,4,18.2,1.6,9,1,91,3,5,3,5,37,9,1
0,7.6666666667,38.2222222222,1.7777777778,8,1,344,3,9,3,9,46,8,1
1,0,0,0,0,0,0,4,0,4,0,0,0,1
0,4.1428571429,26.7142857143,1.5714285714,10,1,187,3,7,3,7,54,10,1
0,8.2727272727,34.9090909091,1.8181818182,12,1,384,6,11,6,11,65,12,0
6,1,46.6666666667,1.8333333333,10,5,280,7,6,7,6,43,50,1
6,0,0,0,0,0,0,4,0,4,0,0,0,1
2,0,0,0,0,0,0,18,0,18,0,0,0,1
0,6.5,25,1.75,12,1,200,3,8,3,8,74,12,1
0,5.25,23.25,1.75,12,1,93,3,4,3,4,38,12,1
0,9.3333333333,40,2,9,1,120,3,3,3,3,17,9,1
1,4.5555555556,21.1111111111,2.4444444444,15,2,190,5,9,5,9,94,30,1
82,0,0,0,0,0,0,319,0,319,0,0,0,1
5,0,0,0,0,0,0,29,0,29,0,0,0,1
1,0,0,0,0,0,0,6,0,6,0,0,0,1
0,6.4,41.8,2.2,10,5,209,1,5,1,5,34,50,1
0,0,0,0,0,0,0,2,0,2,0,0,0,1
0,2,10.2,2.2,7,5,51,1,5,1,5,16,35,1
0,3.6666666667,26.1666666667,2.3333333333,3,5,157,3,6,3,6,13,15,1
0,2.8,15.8,2.2,6,5,79,1,5,1,5,15,30,1
0,2.6,14,2.2,4,5,70,1,5,1,5,13,20,1
0,4.2,24.2,2.2,4,5,121,1,5,1,5,11,20,1
0,6.1428571429,37.2857142857,2,8,2,261,3,7,3,7,50,16,1
0,6.875,34,2.75,12,5,272,1,8,1,8,26,60,1
0,5.5454545455,41.0909090909,2.7272727273,6,3,452,4,11,4,11,37,18,1
0,3.3333333333,19,3.1666666667,5,3,114,1,6,1,6,26,15,1
0,3.7777777778,26.8888888889,3.1111111111,6,5,242,3,9,3,9,29,30,1
0,2.4,11,2.2,2,5,55,0,5,0,5,7,10,1
0,9.4444444444,28.6666666667,1.8888888889,9,1,258,7,9,7,9,49,9,1
0,6.3333333333,30.5555555556,2.1111111111,7,3,275,2,9,2,9,43,21,1
0,2.6,13.8,2.2,6,3,69,2,5,2,5,23,18,1
0,3.2857142857,18.2857142857,1.8571428571,4,3,128,1,7,1,7,23,12,1
0,0,0,0,0,0,0,7,0,7,0,0,0,1
0,7.3333333333,46.5,2.5,11,5,279,1,6,1,6,37,55,1
1,0,0,0,0,0,0,5,0,5,0,0,0,1
0,2.2727272727,11.9090909091,1.9090909091,8,10,131,2,11,2,11,30,80,1
0,0,0,0,0,0,0,5,0,5,0,0,0,1
0,4.1,37.2,1.8,8,3,372,1,10,1,10,49,24,1
1,0,0,0,0,0,0,5,0,5,0,0,0,1
0,2.7142857143,22,2.2857142857,3,5,154,4,7,4,7,16,15,1
0,7.2,24.2,2.2,6,5,121,1,5,1,5,16,30,1
0,5.3333333333,40.6666666667,2,7,3,244,17,6,17,6,67,21,1
1,0,0,0,0,0,0,8,0,8,0,0,0,1
0,4.2727272727,24.5454545455,1.5454545455,11,11,270,12,11,12,11,46,121,1
0,0,0,0,0,0,0,8,0,8,0,0,0,1
0,1.4,20.4,2.2,2,5,102,1,5,1,5,13,10,1
0,5.875,31.625,2.5,9,5,253,1,8,1,8,38,45,1
1,0,0,0,0,0,0,6,0,6,0,0,0,1
0,4.1666666667,20.8333333333,2,5,5,125,1,6,1,6,20,25,1
0,0,0,0,0,0,0,4,0,4,0,0,0,1
4,2.8636363636,19.3181818182,2.6818181818,13,6,425,12,22,12,22,112,78,1
0,0,0,0,0,0,0,13,0,13,0,0,0,1
1,10,62,2,7,1,62,0,1,0,1,13,7,1
7,0,0,0,0,0,0,6,0,6,0,0,0,1
8,0,0,0,0,0,0,18,0,18,0,0,0,1
1,4,28.6,2,8,1,143,18,5,18,5,67,8,1
1,2.1666666667,20.8333333333,1.8333333333,7,1,125,15,6,15,6,76,7,1
1,5.6,41.4,2,13,1,207,3,5,3,5,62,13,1
1,1.1666666667,10.1666666667,2,7,1,61,0,6,0,6,44,7,1
1,2,34.8,2,7,1,174,8,5,8,5,59,7,1
0,0,0,0,0,0,0,7,0,7,0,0,0,1
1,1.8,34.6,2,6,1,173,8,5,8,5,58,6,1
0,0,0,0,0,0,0,2,0,2,0,0,0,1
0,1.0909090909,5.7272727273,1.8636363636,1,14,126,0,22,0,22,34,14,1
17,4.1,44.1,2.2,16,5,441,3,10,3,10,76,80,0
9,5.7857142857,35.1428571429,2.3214285714,8,1,984,12,28,12,28,142,8,0
0,0,0,0,0,0,0,2,0,2,0,0,0,1
0,0,0,0,0,0,0,35,0,35,0,0,0,1
0,0,0,0,0,0,0,3,0,3,0,0,0,1
1,0,0,0,0,0,0,4,0,4,0,0,0,1
2,0,0,0,0,0,0,9,0,9,0,0,0,1
1,0,0,0,0,0,0,2,0,2,0,0,0,1
1,0,0,0,0,0,0,9,0,9,0,0,0,1
3,0,0,0,0,0,0,6,0,6,0,0,0,1
13,6.0769230769,33,2.5384615385,19,4,429,3,13,3,13,83,76,0
32,46.3333333333,72,2,3,3,216,0,3,0,3,7,9,1
8,0,0,0,0,0,0,4,0,4,0,0,0,1
140,1,34.3333333333,1.8333333333,3,1,206,25,6,25,6,46,3,1
0,0,0,0,0,0,0,0,0,0,0,0,0,1
2,0,0,0,0,0,0,5,0,5,0,0,0,1
1,0,0,0,0,0,0,2,0,2,0,0,0,1
1,5.5833333333,112.3333333333,2.0833333333,2,1,1348,23,12,23,12,101,2,1
1,3.2142857143,18.3928571429,2.0357142857,9,5,515,0,28,0,28,113,45,1
2,0,0,0,0,0,0,2,0,2,0,0,0,1
1,0,0,0,0,0,0,10,0,10,0,0,0,1
1,0,0,0,0,0,0,6,0,6,0,0,0,1
1,0,0,0,0,0,0,29,0,29,0,0,0,1
48,17.6666666667,83.6666666667,5.3333333333,14,3,251,42,3,42,3,57,42,0
3,0,0,0,0,0,0,5,0,5,0,0,0,1
0,7.5,30.5,2.5,7,4,122,2,4,2,4,21,28,1
0,0,0,0,0,0,0,5,0,5,0,0,0,1
0,4.75,19.75,2.5,6,4,79,1,4,1,4,21,24,1
1,0,0,0,0,0,0,3,0,3,0,0,0,1
0,5.25,21,2.5,7,4,84,1,4,1,4,23,28,1
0,12.25,68.0833333333,2.3333333333,19,2,817,24,12,24,12,131,38,0
0,0,0,0,0,0,0,15,0,15,0,0,0,1
1,0,0,0,0,0,0,4,0,4,0,0,0,1
0,2.6666666667,10.6666666667,3.5,5,4,64,1,6,1,6,21,20,1
0,2.5714285714,13.4285714286,2.1428571429,9,4,94,4,7,4,7,32,36,1
1,0,0,0,0,0,0,3,0,3,0,0,0,1
1,0,0,0,0,0,0,2,0,2,0,0,0,1
0,1,1,2.5,0,4,4,0,4,0,4,4,0,1
1,1.6,8.4,2.2,3,4,42,2,5,2,5,15,12,1
0,7.6,48.6,2.6,12,4,243,1,5,1,5,54,48,1
0,0,0,0,0,0,0,9,0,9,0,0,0,1
0,4.25,28.25,2.5,4,4,113,1,4,1,4,13,16,1
0,0,0,0,0,0,0,3,0,3,0,0,0,1
0,2,9.25,2.5,6,4,37,1,4,1,4,22,24,1
0,5.2,24.2,2.6,5,2,121,7,5,7,5,23,10,1
0,3.2857142857,22.2857142857,2.5714285714,5,2,156,5,7,5,7,27,10,1
0,0,0,0,0,0,0,8,0,8,0,0,0,1
0,1.25,3,2.5,2,4,12,1,4,1,4,7,8,1
0,9,55.5,2.5,10,2,222,19,4,19,4,56,20,1
0,7,24.25,2.5,6,4,97,1,4,1,4,26,24,1
0,7.5,44,2.5,7,3,176,9,4,9,4,25,21,1
0,0,0,0,0,0,0,3,0,3,0,0,0,1
0,0,0,0,0,0,0,6,0,6,0,0,0,1
0,0,0,0,0,0,0,8,0,8,0,0,0,1
0,4.2222222222,26.6666666667,2.5555555556,4,2,240,4,9,4,9,27,8,1
0,0,0,0,0,0,0,7,0,7,0,0,0,1
0,5.4,28.8,2.2,7,3,144,1,5,1,5,17,21,1
0,0,0,0,0,0,0,5,0,5,0,0,0,1
0,9.3333333333,48.5,2.3333333333,12,3,291,1,6,1,6,38,36,1
0,0,0,0,0,0,0,3,0,3,0,0,0,1
0,0,0,0,0,0,0,0,0,0,0,0,0,1
0,3.347826087,23.652173913,3.347826087,18,8,544,6,23,6,23,129,144,1
0,0,0,0,0,0,0,4,0,4,0,0,0,1
1,0,0,0,0,0,0,8,0,8,0,0,0,1
1,0,0,0,0,0,0,11,0,11,0,0,0,1
0,0,0,0,0,0,0,4,0,4,0,0,0,1
0,0,0,0,0,0,0,8,0,8,0,0,0,1
0,0,0,0,0,0,0,10,0,10,0,0,0,1
0,0,0,0,0,0,0,14,0,14,0,0,0,1
0,0,0,0,0,0,0,6,0,6,0,0,0,1
0,0,0,0,0,0,0,5,0,5,0,0,0,1
1,0,0,0,0,0,0,28,0,28,0,0,0,1
1,0,0,0,0,0,0,9,0,9,0,0,0,1
1,0,0,0,0,0,0,6,0,6,0,0,0,1
0,7,53.4,2.2,4,4,267,8,5,8,5,29,16,1
1,0,0,0,0,0,0,5,0,5,0,0,0,1
0,5,24.8571428571,2.2857142857,7,4,174,1,7,1,7,23,28,1
0,0,0,0,0,0,0,2,0,2,0,0,0,1
4,3.6666666667,17,2,3,2,51,20,3,20,3,13,6,1
1,15.375,85.625,2.75,16,1,685,121,8,121,8,172,16,0
0,1.8,12.4,3.4,7,2,62,1,5,1,5,27,14,1
0,3.5,24.1666666667,3,8,3,145,3,6,3,6,52,24,1
0,2.8,40.4,3.4,12,1,202,25,5,25,5,65,12,1
0,6.8333333333,20.5,3.1666666667,8,2,123,1,6,1,6,27,16,1
0,4.1111111111,31.3333333333,3.3333333333,13,1,282,9,9,9,9,62,13,1
0,5.875,29.375,2.75,16,2,235,3,8,3,8,62,32,1
1,0,0,0,0,0,0,3,0,3,0,0,0,1
0,9.5,69.5625,1.875,17,2,1113,59,16,59,16,214,34,0
1,0,0,0,0,0,0,16,0,16,0,0,0,1
1,0,0,0,0,0,0,26,0,26,0,0,0,1
85,1.2272727273,22.9545454545,3.1363636364,18,7,505,81,22,81,22,181,126,0
5,0,0,0,0,0,0,6,0,6,0,0,0,1
1,0,0,0,0,0,0,5,0,5,0,0,0,1
1,0,0,0,0,0,0,4,0,4,0,0,0,1
95,0,0,0,0,0,0,19,0,19,0,0,0,1
2,0,0,0,0,0,0,2,0,2,0,0,0,1
0,7,19.8333333333,3.3333333333,11,1,119,3,6,3,6,48,11,1
0,5.5,43.5,3.6666666667,9,1,261,8,6,8,6,41,9,1
0,5.5,33.4375,2.125,21,2,535,5,16,5,16,210,42,0
0,0,0,0,0,0,0,2,0,2,0,0,0,1
0,4.6666666667,15.3333333333,3,7,3,92,1,6,1,6,44,21,1
0,12,58.1666666667,3,10,3,349,1,6,1,6,77,30,1
0,0,0,0,0,0,0,5,0,5,0,0,0,1
0,4.125,18.125,5.375,10,3,145,1,8,1,8,50,30,1
6,0,0,0,0,0,0,27,0,27,0,0,0,1
0,6.2,23.8,4.2,8,2,119,4,5,4,5,66,16,1
0,4.8,28.8,3.6,8,2,144,1,5,1,5,50,16,1
0,3.5,16.8333333333,4,6,2,101,2,6,2,6,46,12,1
0,4.8,26.6,3.4,9,3,266,5,10,5,10,97,27,1
1,0,0,0,0,0,0,6,0,6,0,0,0,1
0,3.5714285714,27.5714285714,4.1428571429,8,3,193,1,7,1,7,43,24,1
16,5.4,22.8,3.1333333333,9,5,342,5,15,5,15,103,45,1
3,0,0,0,0,0,0,10,0,10,0,0,0,1
0,0,0,0,0,0,0,3,0,3,0,0,0,1
0,9.3333333333,53,4,8,2,159,1,3,1,3,43,16,1
0,11.1666666667,48.3333333333,4.1666666667,14,2,580,2,12,2,12,98,28,0
0,3.1666666667,18.6666666667,3.6666666667,9,3,112,1,6,1,6,44,27,1
0,6.6666666667,25,3.3333333333,6,3,75,1,3,1,3,25,18,1
0,1.5,9.5,4.5,5,2,19,1,2,1,2,12,10,1
0,5.1666666667,19.8333333333,3.1666666667,9,2,119,5,6,5,6,40,18,1
0,4.0769230769,26.1538461538,2.2307692308,12,2,340,1,13,1,13,118,24,1
1,0,0,0,0,0,0,8,0,8,0,0,0,1
0,7.2142857143,27.9285714286,4.2857142857,12,1,391,7,14,7,14,221,12,0
0,1.5,9.75,3.25,6,3,39,1,4,1,4,28,18,1
0,2,15.75,3.25,6,3,63,1,4,1,4,37,18,1
2,7.6666666667,44.2222222222,4.8518518519,17,4,1194,4,27,4,27,256,68,0
1,0,0,0,0,0,0,9,0,9,0,0,0,1
0,0,0,0,0,0,0,4,0,4,0,0,0,1
0,4.5,21.25,2,4,2,85,1,4,1,4,29,8,1
0,2.25,15.5,3.5,6,2,62,1,4,1,4,39,12,1
0,2,7,3.6666666667,6,2,21,4,3,4,3,22,12,1
0,5,34,2,4,2,102,1,3,1,3,25,8,1
0,5.1333333333,38.2,3.9333333333,15,9,573,11,15,11,15,124,135,0
0,2.25,16.75,3.25,9,3,134,1,8,1,8,52,27,1
0,4.9,18.7,3.8,11,4,187,1,10,1,10,77,44,1
0,2.6666666667,17.8333333333,3.5,12,3,107,2,6,2,6,43,36,1
0,2,11.75,2.25,4,2,47,1,4,1,4,26,8,1
0,3.8,30,4.8,9,3,300,1,10,1,10,52,27,1
0,4.5,20,3.5,7,2,120,5,6,5,6,43,14,1
0,4.5,21.25,3.75,6,1,85,1,4,1,4,29,6,1
0,2.5,17.5,5.25,12,2,140,4,8,4,8,50,24,1
0,3.8181818182,24.9090909091,2.9090909091,11,2,274,2,11,2,11,82,22,1
1,0,0,0,0,0,0,1,0,1,0,0,0,1
0,4.75,33.875,2.5,8,3,271,1,8,1,8,58,24,1
0,4.5,28.75,3.5,10,2,115,1,4,1,4,42,20,1
0,4.2,23.4,3,9,1,117,1,5,1,5,33,9,1
0,3,17.8823529412,2.1764705882,10,12,304,4,17,4,17,113,120,1
0,0,0,0,0,0,0,1,0,1,0,0,0,1
0,0,0,0,0,0,0,1,0,1,0,0,0,1
170,3.8888888889,22.5555555556,2.8888888889,9,5,203,5,9,5,9,83,45,1
0,6,27.6666666667,4.3333333333,6,1,83,1,3,1,3,21,6,1
0,1.5,5.5,2,4,1,11,4,2,4,2,11,4,1
0,5.5454545455,23.7272727273,3.2727272727,14,4,261,7,11,7,11,94,56,1
0,3.9333333333,14.2666666667,4.5333333333,11,4,214,3,15,3,15,102,44,1
0,6,18.5,3.125,11,2,148,4,8,4,8,60,22,1
0,5.5555555556,29.6666666667,4.1111111111,13,3,267,1,9,1,9,81,39,1
0,11,44.6,4.6,6,2,223,1,5,1,5,35,12,1
0,5,22.8571428571,2.8571428571,11,3,160,2,7,2,7,80,33,1
0,4.4,20.2,2.8666666667,15,5,303,6,15,6,15,117,75,1
0,6.6666666667,38.5,2.8333333333,13,3,231,1,6,1,6,78,39,1
0,3.8,23.8,3,7,3,119,1,5,1,5,55,21,1
0,6.25,33.5,3.75,8,2,134,1,4,1,4,50,16,1
0,4.8235294118,32.2941176471,3.1176470588,10,3,549,1,17,1,17,114,30,1
1,0,0,0,0,0,0,3,0,3,0,0,0,1
0,6.3333333333,19.3333333333,3.8333333333,9,1,116,1,6,1,6,42,9,1
0,5.8,19.8,4.4,9,2,99,1,5,1,5,42,18,1
0,5.1111111111,26.2222222222,3.2222222222,15,3,236,1,9,1,9,61,45,1
7,9.3333333333,38,3.9166666667,18,2,456,18,12,18,12,124,36,0
0,0,0,0,0,0,0,3,0,3,0,0,0,1
0,4.1538461538,17.9230769231,2.6153846154,10,3,233,1,13,1,13,115,30,1
0,4.7777777778,21.1111111111,3.2222222222,11,4,190,1,9,1,9,57,44,1
0,2.75,28.5,3.25,6,3,114,1,4,1,4,36,18,1
0,1.75,10.75,2.25,4,2,43,1,4,1,4,26,8,1
0,5.1538461538,23.9230769231,3.7692307692,15,5,311,4,13,4,13,120,75,1
0,10.8333333333,43.5,3,11,3,261,12,6,12,6,46,33,1
0,0,0,0,0,0,0,7,0,7,0,0,0,1
0,0,0,0,0,0,0,2,0,2,0,0,0,1
0,3,14,2.25,5,1,56,1,4,1,4,38,5,1
0,4,30.3333333333,2,4,2,91,1,3,1,3,25,8,1
0,3.9375,15.8125,3.5,12,2,253,2,16,2,16,85,24,1
0,5.7272727273,24,3.6363636364,16,4,264,3,11,3,11,83,64,1
0,6.1666666667,36.8333333333,3,9,3,221,1,6,1,6,51,27,1
0,6,36.6,3,7,3,183,1,5,1,5,42,21,1
0,4.875,27.5,3.25,11,3,220,2,8,2,8,78,33,1
0,4.7,26.8,3.7,14,4,268,2,10,2,10,108,56,1
0,4.5555555556,17.7777777778,3.2222222222,11,2,160,1,9,1,9,63,22,1
0,3.0833333333,19.5,2.9166666667,13,6,234,2,12,2,12,101,78,1
0,2.1666666667,10,2.6666666667,7,2,60,1,6,1,6,30,14,1
0,2.75,13.5,3.5,7,2,54,1,4,1,4,25,14,1
0,7.5,52.4285714286,3.7857142857,14,5,734,3,14,3,14,86,70,0
2,0,0,0,0,0,0,9,0,9,0,0,0,1
0,0,0,0,0,0,0,0,0,0,0,0,0,1
0,0,0,0,0,0,0,0,0,0,0,0,0,1
0,0,0,0,0,0,0,15,0,15,0,0,0,1
1,0,0,0,0,0,0,15,0,15,0,0,0,1
1,0,0,0,0,0,0,13,0,13,0,0,0,1
1,0,0,0,0,0,0,13,0,13,0,0,0,1
2,1,19,3,4,1,19,0,1,0,1,5,4,1
3,1,4,1,0,1,4,7,1,7,1,1,0,1
1,0,0,0,0,0,0,9,0,9,0,0,0,1
2,0,0,0,0,0,0,31,0,31,0,0,0,1
0,3,9,4,2,1,9,12,1,12,1,3,2,1
1,13.7,65.7,3.1,11,2,657,0,10,0,10,75,22,1
1,0,0,0,0,0,0,7,0,7,0,0,0,1
1,1.5,177.75,1.75,14,2,711,2,4,2,4,39,28,1
7,0,0,0,0,0,0,11,0,11,0,0,0,1
0,0,0,0,0,0,0,4,0,4,0,0,0,1
16,0,0,0,0,0,0,14,0,14,0,0,0,1
4,0,0,0,0,0,0,4,0,4,0,0,0,1
1,0,0,0,0,0,0,3,0,3,0,0,0,1
1,0,0,0,0,0,0,2,0,2,0,0,0,1
2,0,0,0,0,0,0,10,0,10,0,0,0,1
2,0,0,0,0,0,0,8,0,8,0,0,0,1
2,0,0,0,0,0,0,10,0,10,0,0,0,1
0,0,0,0,0,0,0,22,0,22,0,0,0,1
13,1,17,2.1111111111,11,8,153,0,9,0,9,76,88,1
0,5.6666666667,32.5,1.6666666667,7,5,195,1,6,1,6,19,35,1
0,0,0,0,0,0,0,5,0,5,0,0,0,1
0,9.6666666667,49.5833333333,3.3333333333,13,5,595,1,12,1,12,111,65,1
1,11.3636363636,61.3636363636,2.4545454545,17,6,675,3,11,3,11,73,102,0
0,0,0,0,0,0,0,7,0,7,0,0,0,1
3,9,42.5,3.5,0,2,85,11,2,11,2,4,0,1
0,9.5,45.8888888889,1.8888888889,17,4,826,8,18,8,18,143,68,0
0,3.652173913,17.3913043478,1.3043478261,14,20,400,1,23,1,23,113,280,1
1,0,0,0,0,0,0,17,0,17,0,0,0,1
0,0,0,0,0,0,0,9,0,9,0,0,0,1
0,0,0,0,0,0,0,6,0,6,0,0,0,1
1,0,0,0,0,0,0,11,0,11,0,0,0,1
1,0,0,0,0,0,0,4,0,4,0,0,0,1
1,0,0,0,0,0,0,9,0,9,0,0,0,1
0,5,24.6,2.6,7,5,123,1,5,1,5,35,35,1
0,0,0,0,0,0,0,3,0,3,0,0,0,1
0,8.2,81.2,1.8,8,5,406,1,5,1,5,35,40,1
1,0,0,0,0,0,0,5,0,5,0,0,0,1
1,0,0,0,0,0,0,5,0,5,0,0,0,1
0,3,32.8,1.8,6,5,164,1,5,1,5,11,30,1
0,0,0,0,0,0,0,4,0,4,0,0,0,1
0,6.3333333333,42.3333333333,2.6666666667,8,4,254,1,6,1,6,19,32,1
0,0,0,0,0,0,0,7,0,7,0,0,0,1
0,11.3571428571,52.9285714286,2.1428571429,25,6,741,9,14,9,14,92,150,0
0,0,0,0,0,0,0,13,0,13,0,0,0,1
0,6,39.5,1.3333333333,6,3,237,3,6,3,6,35,18,1
1,0,0,0,0,0,0,4,0,4,0,0,0,1
197,4,27,2.2,8,5,135,4,5,4,5,32,40,1
0,0,0,0,0,0,0,2,0,2,0,0,0,1
0,13.7142857143,77.1714285714,2.5142857143,29,1,2701,6,35,6,35,363,29,0
1,0,0,0,0,0,0,6,0,6,0,0,0,1
1,0,0,0,0,0,0,43,0,43,0,0,0,1
1,0,0,0,0,0,0,3,0,3,0,0,0,1
1,0,0,0,0,0,0,26,0,26,0,0,0,1
3,0,0,0,0,0,0,3,0,3,0,0,0,1
0,2.625,24.5625,2.125,7,6,393,1,16,1,16,78,42,1
1,0,0,0,0,0,0,15,0,15,0,0,0,1
1,90.5,0.5,2,20,1,1,0,2,0,2,86,20,1
1,0,0,0,0,0,0,3,0,3,0,0,0,1
1,0,0,0,0,0,0,4,0,4,0,0,0,1
1,0,0,0,0,0,0,3,0,3,0,0,0,1
1,0,0,0,0,0,0,2,0,2,0,0,0,1
1,0,0,0,0,0,0,7,0,7,0,0,0,1
1,0,0,0,0,0,0,34,0,34,0,0,0,1
0,4,23.5714285714,2.1428571429,8,7,165,1,7,1,7,22,56,1
0,11.45,50.8,1.75,18,8,1016,22,20,22,20,187,144,0
1,0,0,0,0,0,0,7,0,7,0,0,0,1
0,5.8,39.6,2.8,15,4,396,7,10,7,10,57,60,0
1,0,0,0,0,0,0,2,0,2,0,0,0,1
1,0,0,0,0,0,0,5,0,5,0,0,0,1
0,7,54.6,1.8,3,5,273,1,5,1,5,8,15,1
0,0,0,0,0,0,0,5,0,5,0,0,0,1
0,5,28.4444444444,2.1111111111,11,6,256,1,9,1,9,38,66,1
0,0,0,0,0,0,0,3,0,3,0,0,0,1
1,13.4117647059,84.4705882353,2.2941176471,25,4,1436,3,17,3,17,269,100,0
0,0,0,0,0,0,0,2,0,2,0,0,0,1
0,0,0,0,0,0,0,3,0,3,0,0,0,1
1,0,0,0,0,0,0,2,0,2,0,0,0,1
1,0,0,0,0,0,0,15,0,15,0,0,0,1
1,0,0,0,0,0,0,14,0,14,0,0,0,1
0,6.5714285714,60.2857142857,1.7142857143,6,3,422,1,7,1,7,35,18,1
1,0,0,0,0,0,0,5,0,5,0,0,0,1
0,0,0,0,0,0,0,7,0,7,0,0,0,1
0,2.3333333333,21.3333333333,2.3333333333,6,3,64,7,3,7,3,21,18,1
0,3.6666666667,33.8333333333,2,4,6,203,1,6,1,6,10,24,1
0,0,0,0,0,0,0,5,0,5,0,0,0,1
0,9.6666666667,27.6666666667,2.3333333333,5,1,83,8,3,8,3,15,5,1
1,19.9285714286,118.4285714286,2.5714285714,20,4,1658,2,14,2,14,104,80,0
0,0,0,0,0,0,0,2,0,2,0,0,0,1
0,0,0,0,0,0,0,34,0,34,0,0,0,1
0,7,54,1.8,9,5,270,3,5,3,5,56,45,1
1,0,0,0,0,0,0,12,0,12,0,0,0,1
0,4.25,48,1.25,6,4,192,1,4,1,4,21,24,1
1,0,0,0,0,0,0,5,0,5,0,0,0,1
1,0,0,0,0,0,0,5,0,5,0,0,0,1
4,4,41.6153846154,2.2307692308,12,5,541,9,13,9,13,107,60,1
1,1.5,5.75,0.5,1,5,46,12,8,6,8,24,5,1
1,0,0,0,0,0,0,8,0,8,0,0,0,1
2,3.2857142857,54.1428571429,2.5714285714,8,2,379,2,7,2,7,35,16,1
0,12.6666666667,89,3.6666666667,6,3,267,0,3,0,3,21,18,1
0,3.75,35.25,1.25,3,4,141,1,4,1,4,11,12,1
2,10.16,63.44,2.72,31,5,3172,5,50,5,50,377,155,0
1,0,0,0,0,0,0,2,0,2,0,0,0,1
1,0,0,0,0,0,0,19,0,19,0,0,0,1
0,0,0,0,0,0,0,3,0,3,0,0,0,1
0,0,0,0,0,0,0,3,0,3,0,0,0,1
0,0,0,0,0,0,0,3,0,3,0,0,0,1
0,0,0,0,0,0,0,4,0,4,0,0,0,1
1,0,0,0,0,0,0,5,0,5,0,0,0,1
1,0,0,0,0,0,0,24,0,24,0,0,0,1
1,0,0,0,0,0,0,4,0,4,0,0,0,1
1,0,0,0,0,0,0,4,0,4,0,0,0,1
0,0,0,0,0,0,0,12,0,12,0,0,0,1
0,0,0,0,0,0,0,2,0,2,0,0,0,1
1,0,0,0,0,0,0,19,0,19,0,0,0,1
1,0,0,0,0,0,0,6,0,6,0,0,0,1
0,0,0,0,0,0,0,4,0,4,0,0,0,1
0,0,0,0,0,0,0,15,0,15,0,0,0,1
0,0,0,0,0,0,0,2,0,2,0,0,0,1
1,0,0,0,0,0,0,9,0,9,0,0,0,1
0,7,48.6,2.6666666667,18,6,729,1,15,1,15,100,108,0
1,0,0,0,0,0,0,3,0,3,0,0,0,1
1,0,0,0,0,0,0,12,0,12,0,0,0,1
2,12.4545454545,70.8181818182,1.9090909091,7,1,779,30,11,30,11,96,7,0
0,15.2857142857,88.5714285714,1.2857142857,10,2,620,19,7,19,7,68,20,0
0,0,0,0,0,0,0,15,0,15,0,0,0,1
0,6.2,37.8,1.8,9,5,189,1,5,1,5,36,45,1
0,3,13,1.7727272727,17,6,286,17,22,17,22,113,102,1
1,0,0,0,0,0,0,2,0,2,0,0,0,1
0,1,1,1,0,3,3,0,3,0,3,3,0,1
1,0,0,0,0,0,0,17,0,17,0,0,0,1
0,0,0,0,0,0,0,9,0,9,0,0,0,1
1,0,0,0,0,0,0,24,0,24,0,0,0,1
0,0,0,0,0,0,0,8,0,8,0,0,0,1
0,0,0,0,0,0,0,15,0,15,0,0,0,1
0,6,42.8333333333,1.6666666667,9,4,257,1,6,1,6,49,36,1
0,0,0,0,0,0,0,3,0,3,0,0,0,1
90,2.4054054054,23,2.3108108108,31,21,1702,94,74,94,74,418,651,0
27,0,0,0,0,0,0,10,0,10,0,0,0,1
31,0,0,0,0,0,0,24,0,24,0,0,0,1
0,0,0,0,0,0,0,5,0,5,0,0,0,1
3,0,0,0,0,0,0,13,0,13,0,0,0,1
1,0,0,0,0,0,0,3,0,3,0,0,0,1
2,0,0,0,0,0,0,4,0,4,0,0,0,1
4,0,0,0,0,0,0,4,0,4,0,0,0,1
1,5.8333333333,22.0833333333,2,5,2,265,0,12,0,12,47,10,1
4,4,17,1,3,1,17,3,1,3,1,6,3,1
0,0,0,0,0,0,0,2,0,2,0,0,0,1
1,0,0,0,0,0,0,1,0,1,0,0,0,1
0,0,0,0,0,0,0,0,0,0,0,0,0,1
1,19,122,1,6,1,122,4,1,4,1,10,6,1
2,0,0,0,0,0,0,3,0,3,0,0,0,1
3,1,10.3333333333,2.3333333333,1,1,31,4,3,4,3,9,1,1
5,5.0625,29.5625,2.375,7,6,473,1,16,1,16,88,42,1
6,0,0,0,0,0,0,19,0,19,0,0,0,1
8,3.5,28,6.75,2,1,112,2,4,2,4,13,2,1
0,1,9,1,0,1,9,9,1,9,1,1,0,1
1,0,0,0,0,0,0,2,0,2,0,0,0,1
10,1,60.375,1.625,16,3,483,4,8,4,8,73,48,0
14,0,0,0,0,0,0,28,0,28,0,0,0,1
0,0,0,0,0,0,0,2,0,2,0,0,0,1
7,0,0,0,0,0,0,23,0,23,0,0,0,1
1,0,0,0,0,0,0,6,0,6,0,0,0,1
0,7.9166666667,50.25,1.8333333333,19,1,603,2,12,2,12,146,19,1
0,0,0,0,0,0,0,3,0,3,0,0,0,1
1,0,0,0,0,0,0,3,0,3,0,0,0,1
1,0,0,0,0,0,0,9,0,9,0,0,0,1
0,6,32.7,1.9,16,2,327,7,10,7,10,70,32,0
0,0,0,0,0,0,0,42,0,42,0,0,0,1
1,0,0,0,0,0,0,2,0,2,0,0,0,1
0,8.0392156863,47.3333333333,2.568627451,23,1,2414,26,51,26,51,464,23,0
1,0,0,0,0,0,0,8,0,8,0,0,0,1
0,0,0,0,0,0,0,6,0,6,0,0,0,1
0,0,0,0,0,0,0,4,0,4,0,0,0,1
0,0,0,0,0,0,0,5,0,5,0,0,0,1
0,0,0,0,0,0,0,3,0,3,0,0,0,1
1,0,0,0,0,0,0,2,0,2,0,0,0,1
1,0,0,0,0,0,0,6,0,6,0,0,0,1
1,0,0,0,0,0,0,44,0,44,0,0,0,1
1,2.2,10.6,2,5,1,53,0,5,0,5,21,5,1
0,2.1666666667,8.8333333333,2.1666666667,5,1,53,0,6,0,6,24,5,1
6,5.5,27.25,1.25,2,2,109,5,4,5,4,15,4,1
1,5,43.6666666667,1.6666666667,4,2,131,0,3,0,3,25,8,1
2,0,0,0,0,0,0,13,0,13,0,0,0,1
0,0,0,0,0,0,0,5,0,5,0,0,0,1
8,1,80.875,2.5,15,8,647,0,8,0,8,75,120,0
0,0,0,0,0,0,0,0,0,0,0,0,0,1
37,0,0,0,0,0,0,26,0,26,0,0,0,1
36,0,0,0,0,0,0,24,0,24,0,0,0,1
10,0,0,0,0,0,0,5,0,5,0,0,0,1
0,38.75,146.5,2,15,2,586,3,4,3,4,68,30,1
1,10,38,3,12,1,76,2,2,2,2,38,12,1
2,1.15,11.025,1.575,9,22,441,22,40,22,40,120,198,0
3,0,0,0,0,0,0,2,0,2,0,0,0,1
1,0,0,0,0,0,0,2,0,2,0,0,0,1
1,0,0,0,0,0,0,7,0,7,0,0,0,1
1,0,0,0,0,0,0,1,0,1,0,0,0,1
0,0,0,0,0,0,0,0,0,0,0,0,0,1
0,2.6666666667,11,1.6666666667,3,2,33,19,3,19,3,10,6,1
0,3,12.3333333333,1.6666666667,1,1,37,2,3,2,3,9,1,1
0,1,6.5,1,0,2,13,0,2,0,2,2,0,1
0,0,0,0,0,0,0,0,0,0,0,0,0,1
2,1,7,1,0,1,7,0,1,0,1,1,0,1
2,1,14,1,1,1,14,2,1,2,1,3,1,1
4,1.35,19.4,1.8,18,10,388,1,20,1,20,163,180,1
3,3,29.7586206897,1.2413793103,20,8,863,0,29,0,29,370,160,0
4,2.8,44.6,2,4,1,223,3,5,3,5,37,4,1
0,0,0,0,0,0,0,0,0,0,0,0,0,1
0,0,0,0,0,0,0,9,0,9,0,0,0,1
0,0,0,0,0,0,0,0,0,0,0,0,0,1
0,0,0,0,0,0,0,9,0,9,0,0,0,1
2,1,39,1,2,1,39,1,1,1,1,10,2,1
3,4.9047619048,34.3333333333,2.0952380952,20,19,721,0,21,0,21,166,380,0
4,0,0,0,0,0,0,18,0,18,0,0,0,1
2,0,0,0,0,0,0,5,0,5,0,0,0,1
2,0,0,0,0,0,0,8,0,8,0,0,0,1
0,0,0,0,0,0,0,2,0,2,0,0,0,1
4,0,0,0,0,0,0,2,0,2,0,0,0,1
4,0,0,0,0,0,0,11,0,11,0,0,0,1
4,0,0,0,0,0,0,4,0,4,0,0,0,1
3,3.5714285714,20.3142857143,1.9142857143,19,18,711,10,35,10,35,310,342,0
4,0,0,0,0,0,0,4,0,4,0,0,0,1
7,1,1,1,0,1,1,45,1,45,1,1,0,1
4,0,0,0,0,0,0,1,0,1,0,0,0,1
5,0,0,0,0,0,0,48,0,48,0,0,0,1
0,0,0,0,0,0,0,1,0,1,0,0,0,1
0,0,0,0,0,0,0,2,0,2,0,0,0,1
6,7.2272727273,66.5454545455,2.1363636364,14,2,1464,5,22,5,22,193,28,0
0,1,13.6,1,0,5,68,0,5,0,5,5,0,1
0,1,8,2,1,1,8,22,1,22,1,4,1,1
1,0,0,0,0,0,0,2,0,2,0,0,0,1
1,0,0,0,0,0,0,2,0,2,0,0,0,1
1,0,0,0,0,0,0,2,0,2,0,0,0,1
1,0,0,0,0,0,0,2,0,2,0,0,0,1
1,0,0,0,0,0,0,2,0,2,0,0,0,1
1,0,0,0,0,0,0,3,0,3,0,0,0,1
2,0,0,0,0,0,0,2,0,2,0,0,0,1
0,1,32,3,2,2,64,0,2,0,2,12,4,1
0,10.5,152,3,2,2,304,0,2,0,2,6,4,1
42,2.1,12.2,2,3,1,122,15,10,15,10,46,3,1
0,0,0,0,0,0,0,7,0,7,0,0,0,1
0,5,29,2,1,1,29,5,1,5,1,6,1,1
1,6,40.3333333333,2.6666666667,4,1,121,0,3,0,3,20,4,1
4,0,0,0,0,0,0,10,0,10,0,0,0,1
0,4.5,30,4.75,5,4,120,0,4,0,4,20,20,1
11,21,77,6,3,1,77,3,1,3,1,9,3,1
140,6.1086956522,28.7173913043,2.5217391304,28,14,1321,33,46,33,46,234,392,0
1,0,0,0,0,0,0,2,0,2,0,0,0,1
1,0,0,0,0,0,0,4,0,4,0,0,0,1
0,0,0,0,0,0,0,3,0,3,0,0,0,1
3,0,0,0,0,0,0,10,0,10,0,0,0,1
0,0,0,0,0,0,0,12,0,12,0,0,0,1
0,0,0,0,0,0,0,1,0,1,0,0,0,1
0,0,0,0,0,0,0,0,0,0,0,0,0,1
1,1,131.5,4,2,1,263,1,2,1,2,15,2,1
1,0,0,0,0,0,0,10,0,10,0,0,0,1
2,6.75,48.5,4.375,7,3,388,1,8,1,8,49,21,1
1,2.5333333333,20.1333333333,2.0666666667,2,1,302,13,15,13,15,65,2,1
0,0,0,0,0,0,0,1,0,1,0,0,0,1
0,5.375,32.0625,2.5,16,2,513,12,16,12,16,171,32,0
3,1,3.8333333333,1.25,2,11,46,4,12,4,12,20,22,1
1,1,1,0.6666666667,0,24,24,16,24,2,24,24,0,1
3,4.4285714286,21.7142857143,1.5714285714,7,2,152,5,7,5,7,50,14,1
1,4.1,20.5,2.8,12,1,205,10,10,10,10,93,12,1
66,3.0833333333,11.9166666667,2.75,13,8,143,100,12,100,12,64,104,0
3,0,0,0,0,0,0,4,0,4,0,0,0,1
3,0,0,0,0,0,0,4,0,4,0,0,0,1
4,0,0,0,0,0,0,4,0,4,0,0,0,1
14,0,0,0,0,0,0,10,0,10,0,0,0,1
0,0,0,0,0,0,0,2,0,2,0,0,0,1
0,0,0,0,0,0,0,2,0,2,0,0,0,1
4,0,0,0,0,0,0,6,0,6,0,0,0,1
0,1,1,2.2,0,10,10,0,10,0,10,10,0,1
0,0,0,0,0,0,0,0,0,0,0,0,0,1
3,0,0,0,0,0,0,23,0,23,0,0,0,1
2,0,0,0,0,0,0,2,0,2,0,0,0,1
1,0,0,0,0,0,0,4,0,4,0,0,0,1
0,0,0,0,0,0,0,4,0,4,0,0,0,1
0,1.9411764706,24.4705882353,2.2352941176,12,10,416,1,17,1,17,68,120,1
0,6.1052631579,34.7368421053,2.5789473684,14,8,660,1,19,1,19,81,112,0
0,4.1176470588,19.7058823529,1.8235294118,11,9,335,10,17,10,17,97,99,1
1,0,0,0,0,0,0,3,0,3,0,0,0,1
1,0,0,0,0,0,0,12,0,12,0,0,0,1
1,0,0,0,0,0,0,6,0,6,0,0,0,1
0,3.6428571429,20.5714285714,2.3571428571,8,9,288,2,14,2,14,34,72,1
0,1,1,0.8,0,5,5,0,5,0,5,5,0,1
0,1,1,0.5714285714,0,7,7,8,7,0,7,7,0,1
0,2.7272727273,9.7272727273,2.0909090909,9,7,107,7,11,7,11,71,63,1
0,12.1363636364,65.6363636364,2.4090909091,16,6,1444,1,22,1,22,99,96,0
1,0,0,0,0,0,0,3,0,3,0,0,0,1
0,3.9047619048,37.2380952381,3,15,4,782,26,21,26,21,141,60,1
1,0,0,0,0,0,0,2,0,2,0,0,0,1
0,5.5652173913,39.5652173913,2.0434782609,15,5,910,3,23,3,23,99,75,0
1,0,0,0,0,0,0,2,0,2,0,0,0,1
1,0,0,0,0,0,0,5,0,5,0,0,0,1
0,9.652173913,58.9565217391,2.0869565217,20,9,1356,1,23,1,23,136,180,0
1,0,0,0,0,0,0,7,0,7,0,0,0,1
1,0,0,0,0,0,0,7,0,7,0,0,0,1
0,8.08,39.44,1.72,19,1,986,34,25,34,25,253,19,0
1,0,0,0,0,0,0,3,0,3,0,0,0,1
1,0,0,0,0,0,0,2,0,2,0,0,0,1
1,5.4761904762,36.9523809524,2.0476190476,19,3,776,53,21,53,21,219,57,0
0,5.8,39.4,2.6,20,9,1182,1,30,1,30,175,180,0
1,0,0,0,0,0,0,15,0,15,0,0,0,1
1,0,0,0,0,0,0,3,0,3,0,0,0,1
0,10.0384615385,38.9615384615,2.1538461538,19,3,1013,46,26,46,26,234,57,0
1,0,0,0,0,0,0,15,0,15,0,0,0,1
0,4.4285714286,25.2857142857,2.2857142857,12,4,354,21,14,21,14,92,48,1
0,7.6153846154,38.6153846154,2,8,3,502,2,13,2,13,61,24,1
0,2.5833333333,24.5,2.3333333333,10,9,294,1,12,1,12,30,90,1
0,5.9,30.95,1.95,27,6,1238,76,40,76,40,455,162,0
0,0,0,0,0,0,0,3,0,3,0,0,0,1
0,6.2,36.4,2,17,7,728,2,20,2,20,98,119,0
1,2.6666666667,17.1666666667,2.0833333333,5,6,206,6,12,6,12,32,30,1
0,2.4615384615,23.3846153846,2,7,10,304,1,13,1,13,29,70,1
97,5.68,38.68,2.2,15,3,967,27,25,27,25,123,45,0
0,0,0,0,0,0,0,23,0,23,0,0,0,1
0,3.75,20.5,2,13,8,246,2,12,2,12,54,104,1
0,2.3846153846,13.3846153846,1.9230769231,6,10,174,1,13,1,13,29,60,1
0,3,16.5,1,5,4,66,1,4,1,4,20,20,1
0,2.75,20.75,2.2,8,5,415,3,20,3,20,92,40,1
2,0,0,0,0,0,0,4,0,4,0,0,0,1
1,0,0,0,0,0,0,7,0,7,0,0,0,1
0,3.0833333333,13.3333333333,1.8333333333,6,9,160,3,12,3,12,28,54,1
0,1.3,5.5,1.7,2,9,55,1,10,1,10,14,18,1
0,2.5384615385,14.4615384615,1.9230769231,8,11,188,2,13,2,13,31,88,1
0,6.4,27.1333333333,1.9333333333,8,9,407,1,15,1,15,38,72,1
1,7.44,48.28,2.04,11,3,1207,32,25,32,25,190,33,0
0,3.65,21.75,2.5,15,4,435,26,20,26,20,156,60,1
0,9.2173913043,52.1304347826,2.6956521739,19,2,1199,2,23,2,23,126,38,1
2,7.4705882353,34.1176470588,2.3529411765,14,5,580,24,17,24,17,155,70,0
0,0,0,0,0,0,0,4,0,4,0,0,0,1
0,6.9375,37.25,1.4375,14,10,596,1,16,1,16,99,140,0
0,4.75,26.4375,2.875,18,3,423,32,16,32,16,168,54,0
0,2.4615384615,11.8461538462,2.3076923077,5,10,154,1,13,1,13,27,50,1
1,2.3333333333,14.6666666667,2.0833333333,5,6,176,6,12,6,12,31,30,1
73,5.9393939394,37.5757575758,1.7272727273,20,3,1240,14,33,14,33,217,60,0
0,0,0,0,0,0,0,4,0,4,0,0,0,1
0,6.9285714286,32.4285714286,2.9285714286,20,4,908,30,28,30,28,241,80,0
1,0,0,0,0,0,0,4,0,4,0,0,0,1
0,3.6428571429,20.4285714286,2.3571428571,9,9,286,1,14,1,14,37,81,1
0,4.5,21.75,2.25,12,7,261,9,12,9,12,89,84,1
0,5.0666666667,33.5333333333,2.2666666667,13,5,503,5,15,5,15,109,65,1
1,0,0,0,0,0,0,5,0,5,0,0,0,1
0,2.8,25.6,2.2,6,5,128,1,5,1,5,27,30,1
0,4.7,33.8,2.2,14,2,338,20,10,20,10,131,28,1
0,5.1666666667,35.3333333333,2,18,4,636,1,18,1,18,121,72,1
0,3.5,26.75,2,9,7,321,21,12,21,12,115,63,1
43,6.1818181818,35.1818181818,2.1212121212,19,3,1161,37,33,37,33,293,57,0
1,0,0,0,0,0,0,4,0,4,0,0,0,1
0,0,0,0,0,0,0,4,0,4,0,0,0,1
0,2.5789473684,19.4736842105,1.9473684211,11,8,370,1,19,1,19,59,88,1
0,2.4615384615,17.6923076923,2,10,8,230,1,13,1,13,31,80,1
0,5.7058823529,41.7647058824,2.1176470588,13,6,710,6,17,6,17,181,78,0
1,0,0,0,0,0,0,35,0,35,0,0,0,1
0,4.2777777778,23.3333333333,1.7222222222,8,6,420,3,18,3,18,55,48,1
6,3.0952380952,29.2380952381,3,16,1,614,15,21,15,21,225,16,0
6,3.05,20.8,1.45,11,3,416,20,20,20,20,165,33,1
0,0,0,0,0,0,0,0,0,0,0,0,0,1
29,4.4821428571,26.5,2.0892857143,15,14,1484,62,56,62,56,338,210,0
2,0,0,0,0,0,0,2,0,2,0,0,0,1
3,1.380952381,29.5238095238,2.6666666667,14,11,620,3,21,3,21,186,154,0
0,2.6,11.4,2.2,2,5,57,2,5,2,5,10,10,1
3,0,0,0,0,0,0,3,0,3,0,0,0,1
3,0,0,0,0,0,0,1,0,1,0,0,0,1
0,0,0,0,0,0,0,4,0,4,0,0,0,1
0,0,0,0,0,0,0,1,0,1,0,0,0,1
0,0,0,0,0,0,0,0,0,0,0,0,0,1
0,3.6,18.6,2.4,3,1,93,0,5,0,5,27,3,1
4,1,1,0,0,1,1,6,1,6,1,1,0,1
0,7,49.6666666667,2,11,3,149,0,3,0,3,31,33,1
1,1,33.25,3.5,9,4,133,6,4,6,4,28,36,1
3,1,66.3333333333,3,12,2,199,6,3,6,3,41,24,1
3,0,0,0,0,0,0,17,0,17,0,0,0,1
0,0,0,0,0,0,0,0,0,0,0,0,0,1
3,1,1,0,0,1,1,3,1,3,1,1,0,1
0,0,0,0,0,0,0,1,0,1,0,0,0,1
2,0,0,0,0,0,0,4,0,4,0,0,0,1
2,1,1,0,0,1,1,21,1,21,1,1,0,1
2,0,0,0,0,0,0,1,0,1,0,0,0,1
0,1,1,0,0,1,1,4,1,4,1,1,0,1
0,0,0,0,0,0,0,1,0,1,0,0,0,1
0,1,1,0,0,1,1,3,1,3,1,1,0,1
2,0,0,0,0,0,0,1,0,1,0,0,0,1
0,1,1,0,0,1,1,3,1,3,1,1,0,1
0,0,0,0,0,0,0,1,0,1,0,0,0,1
2,1,1,0,0,1,1,4,1,4,1,1,0,1
2,0,0,0,0,0,0,1,0,1,0,0,0,1
1,7.75,57.625,2.375,11,7,461,11,8,11,8,47,77,0
0,0,0,0,0,0,0,5,0,5,0,0,0,1
8,1,26.6,1.6,6,1,133,1,5,1,5,27,6,1
3,3.1176470588,18.8823529412,1.8235294118,13,2,321,1,17,1,17,116,26,1
1,0,0,0,0,0,0,3,0,3,0,0,0,1
2,1,1,0,0,1,1,9,1,9,1,1,0,1
1,1.7826086957,12.1304347826,1.8260869565,6,1,279,1,23,1,23,97,6,1
2,1,1,0,0,1,1,15,1,15,1,1,0,1
1,1,38.5,3.25,9,3,154,7,4,7,4,30,27,1
2,5.8571428571,41.2857142857,1.7142857143,29,3,289,16,7,16,7,94,87,0
3,0,0,0,0,0,0,2,0,2,0,0,0,1
1,10.4545454545,75.0909090909,2.4545454545,18,5,826,14,11,14,11,74,90,0
1,1.2727272727,10.3636363636,2.1818181818,6,1,114,1,11,1,11,41,6,1
1,1,1,0,0,1,1,10,1,10,1,1,0,1
12,1,4,1,0,1,4,41,1,41,1,1,0,1
1,1.40625,9.96875,1.890625,15,5,638,3,64,3,64,277,75,0
1,1,1,0,0,1,1,5,1,5,1,1,0,1
2,1,1,0,0,1,1,4,1,4,1,1,0,1
2,1,1,0,0,1,1,6,1,6,1,1,0,1
1,1,1,0,0,1,1,4,1,4,1,1,0,1
1,1,1,0,0,1,1,4,1,4,1,1,0,1
1,1,1,0,0,1,1,3,1,3,1,1,0,1
0,0,0,0,0,0,0,0,0,0,0,0,0,1
2,0,0,0,0,0,0,3,0,3,0,0,0,1
0,0,0,0,0,0,0,4,0,4,0,0,0,1
1,1,1,0,0,1,1,4,1,4,1,1,0,1
0,0,0,0,0,0,0,1,0,1,0,0,0,1
3,1,1,0,0,1,1,15,1,15,1,1,0,1
2,0,0,0,0,0,0,1,0,1,0,0,0,1
2,1,1,0,0,1,1,4,1,4,1,1,0,1
1,0,0,0,0,0,0,1,0,1,0,0,0,1
4,1,1,0,0,1,1,16,1,16,1,1,0,1
3,0,0,0,0,0,0,1,0,1,0,0,0,1
2,1,1,0,0,1,1,12,1,12,1,1,0,1
1,0,0,0,0,0,0,1,0,1,0,0,0,1
2,1,1,0,0,1,1,6,1,6,1,1,0,1
1,0,0,0,0,0,0,1,0,1,0,0,0,1
2,1,1,0,0,1,1,6,1,6,1,1,0,1
2,0,0,0,0,0,0,1,0,1,0,0,0,1
1,1,1,0,0,1,1,11,1,11,1,1,0,1
1,0,0,0,0,0,0,1,0,1,0,0,0,1
0,1,1,0,0,1,1,8,1,8,1,1,0,1
0,0,0,0,0,0,0,1,0,1,0,0,0,1
0,0,0,0,0,0,0,1,0,1,0,0,0,1
0,1,1,0,0,1,1,13,1,13,1,1,0,1
1,1,1,0,0,1,1,8,1,8,1,1,0,1
0,0,0,0,0,0,0,1,0,1,0,0,0,1
0,0,0,0,0,0,0,0,0,0,0,0,0,1
0,0,0,0,0,0,0,0,0,0,0,0,0,1
0,0,0,0,0,0,0,2,0,2,0,0,0,1
0,0,0,0,0,0,0,1,0,1,0,0,0,1
0,0,0,0,0,0,0,2,0,2,0,0,0,1
0,0,0,0,0,0,0,12,0,12,0,0,0,1
0,0,0,0,0,0,0,15,0,15,0,0,0,1
4,1.375,19.25,1.5,6,4,154,1,8,1,8,36,24,1
1,1.6216216216,11.1081081081,2,13,2,411,0,37,0,37,162,26,1
1,1,1,0,0,1,1,3,1,3,1,1,0,1
1,1,1,0,0,1,1,5,1,5,1,1,0,1
2,1,1,0,0,1,1,7,1,7,1,1,0,1
22,1,15.6129032258,2.9677419355,10,26,484,3,31,3,31,91,260,0
2,0,0,0,0,0,0,5,0,5,0,0,0,1
8,0,0,0,0,0,0,5,0,5,0,0,0,1
13,3.3333333333,35.6666666667,1,5,2,107,2,3,2,3,23,10,1
1,0,0,0,0,0,0,9,0,9,0,0,0,1
1,0,0,0,0,0,0,2,0,2,0,0,0,1
3,2.5,15,4.5,4,4,60,1,4,1,4,13,16,1
31,3.1875,36.9375,1.8125,13,2,591,3,16,3,16,84,26,0
3,6.3870967742,40.8064516129,2.7741935484,26,23,1265,0,31,0,31,271,598,0
3,1.25,25.4166666667,3.4166666667,12,3,305,0,12,0,12,113,36,1
0,0,0,0,0,0,0,1,0,1,0,0,0,1
0,0,0,0,0,0,0,2,0,2,0,0,0,1
0,1,38,1,3,1,38,0,1,0,1,4,3,1
0,13,71.25,2.25,7,4,285,3,4,3,4,24,28,1
0,1,93,1,4,1,93,2,1,2,1,8,4,1
0,2.7142857143,16.8571428571,1.2857142857,2,2,118,0,7,0,7,15,4,1
0,0,0,0,0,0,0,1,0,1,0,0,0,1
0,0,0,0,0,0,0,0,0,0,0,0,0,1
3,4.2222222222,22.7777777778,3.3333333333,10,2,410,5,18,5,18,135,20,1
5,0,0,0,0,0,0,4,0,4,0,0,0,1
1,0,0,0,0,0,0,4,0,4,0,0,0,1
5,1.7727272727,15,2.9545454545,10,7,330,1,22,1,22,85,70,1
0,0,0,0,0,0,0,2,0,2,0,0,0,1
0,0,0,0,0,0,0,3,0,3,0,0,0,1
3,1,13.1818181818,4.0909090909,8,6,145,0,11,0,11,76,48,1
11,2.1169230769,12.6861538462,2.0553846154,45,42,4123,54,325,54,325,1080,1890,0
4,0,0,0,0,0,0,4,0,4,0,0,0,1
1,0,0,0,0,0,0,8,0,8,0,0,0,1
1,0,0,0,0,0,0,5,0,5,0,0,0,1
0,0,0,0,0,0,0,3,0,3,0,0,0,1
1,0,0,0,0,0,0,11,0,11,0,0,0,1
0,0,0,0,0,0,0,2,0,2,0,0,0,1
1,0,0,0,0,0,0,4,0,4,0,0,0,1
2,0,0,0,0,0,0,2,0,2,0,0,0,1
1,0,0,0,0,0,0,2,0,2,0,0,0,1
1,0,0,0,0,0,0,3,0,3,0,0,0,1
1,0,0,0,0,0,0,3,0,3,0,0,0,1
3,0,0,0,0,0,0,4,0,4,0,0,0,1
0,0,0,0,0,0,0,0,0,0,0,0,0,1
0,0,0,0,0,0,0,0,0,0,0,0,0,1
0,1,2.1538461538,1.6153846154,1,11,28,0,13,0,13,17,11,1
0,1.0833333333,3.6666666667,3,2,12,44,0,12,0,12,16,24,1
0,0,0,0,0,0,0,3,0,3,0,0,0,1
0,0,0,0,0,0,0,3,0,3,0,0,0,1
0,0,0,0,0,0,0,4,0,4,0,0,0,1
1,1,1,1.5,0,4,4,0,4,0,4,4,0,1
0,1.7142857143,5.5714285714,2.7142857143,2,6,39,3,7,3,7,11,12,1
0,0,0,0,0,0,0,6,0,6,0,0,0,1
1,1,1,2,0,5,5,2,5,2,5,5,0,1
0,0,0,0,0,0,0,6,0,6,0,0,0,1
0,0,0,0,0,0,0,2,0,2,0,0,0,1
2,1,6,1,0,1,6,16,1,16,1,1,0,1
0,0,0,0,0,0,0,3,0,3,0,0,0,1
0,0,0,0,0,0,0,12,0,12,0,0,0,1
0,0,0,0,0,0,0,4,0,4,0,0,0,1
0,0,0,0,0,0,0,3,0,3,0,0,0,1
0,0,0,0,0,0,0,5,0,5,0,0,0,1
0,0,0,0,0,0,0,10,0,10,0,0,0,1
0,0,0,0,0,0,0,2,0,2,0,0,0,1
0,0,0,0,0,0,0,4,0,4,0,0,0,1
5,0,0,0,0,0,0,15,0,15,0,0,0,1
0,0,0,0,0,0,0,2,0,2,0,0,0,1
1,0,0,0,0,0,0,3,0,3,0,0,0,1
0,2.014084507,8.4647887324,3.3521126761,15,71,601,0,71,0,71,207,1065,0
0,0,0,0,0,0,0,16,0,16,0,0,0,1
0,0,0,0,0,0,0,16,0,16,0,0,0,1
0,0,0,0,0,0,0,16,0,16,0,0,0,1
0,0,0,0,0,0,0,16,0,16,0,0,0,1
0,0,0,0,0,0,0,16,0,16,0,0,0,1
0,0,0,0,0,0,0,16,0,16,0,0,0,1
0,0,0,0,0,0,0,7,0,7,0,0,0,1
0,0,0,0,0,0,0,7,0,7,0,0,0,1
0,0,0,0,0,0,0,7,0,7,0,0,0,1
0,0,0,0,0,0,0,7,0,7,0,0,0,1
0,0,0,0,0,0,0,7,0,7,0,0,0,1
0,0,0,0,0,0,0,7,0,7,0,0,0,1
0,0,0,0,0,0,0,16,0,16,0,0,0,1
0,0,0,0,0,0,0,16,0,16,0,0,0,1
0,0,0,0,0,0,0,16,0,16,0,0,0,1
0,0,0,0,0,0,0,7,0,7,0,0,0,1
0,0,0,0,0,0,0,7,0,7,0,0,0,1
0,0,0,0,0,0,0,7,0,7,0,0,0,1
0,0,0,0,0,0,0,7,0,7,0,0,0,1
0,0,0,0,0,0,0,7,0,7,0,0,0,1
0,0,0,0,0,0,0,7,0,7,0,0,0,1
3,0,0,0,0,0,0,12,0,12,0,0,0,1
0,0,0,0,0,0,0,0,0,0,0,0,0,1
0,0,0,0,0,0,0,9,0,9,0,0,0,1
0,0,0,0,0,0,0,9,0,9,0,0,0,1
0,0,0,0,0,0,0,9,0,9,0,0,0,1
0,0,0,0,0,0,0,10,0,10,0,0,0,1
2,0,0,0,0,0,0,10,0,10,0,0,0,1
0,0,0,0,0,0,0,21,0,21,0,0,0,1
2,0,0,0,0,0,0,21,0,21,0,0,0,1
2,0,0,0,0,0,0,4,0,4,0,0,0,1
0,0,0,0,0,0,0,6,0,6,0,0,0,1
0,0,0,0,0,0,0,6,0,6,0,0,0,1
0,0,0,0,0,0,0,0,0,0,0,0,0,1
0,0,0,0,0,0,0,3,0,3,0,0,0,1
0,0,0,0,0,0,0,3,0,3,0,0,0,1
0,0,0,0,0,0,0,3,0,3,0,0,0,1
0,0,0,0,0,0,0,6,0,6,0,0,0,1
0,1,4,1.3333333333,0,3,12,0,3,0,3,3,0,1
2,0,0,0,0,0,0,4,0,4,0,0,0,1
0,0,0,0,0,0,0,12,0,12,0,0,0,1
0,0,0,0,0,0,0,2,0,2,0,0,0,1
0,0,0,0,0,0,0,0,0,0,0,0,0,1
0,0,0,0,0,0,0,0,0,0,0,0,0,1
0,0,0,0,0,0,0,0,0,0,0,0,0,1
0,0,0,0,0,0,0,0,0,0,0,0,0,1
13,1.0714285714,11.0714285714,4.8571428571,9,14,155,4,14,4,14,79,126,0
2,0,0,0,0,0,0,10,0,10,0,0,0,1
5,0,0,0,0,0,0,9,0,9,0,0,0,1
2,0,0,0,0,0,0,12,0,12,0,0,0,1
0,0,0,0,0,0,0,16,0,16,0,0,0,1
3,0,0,0,0,0,0,9,0,9,0,0,0,1
2,0,0,0,0,0,0,6,0,6,0,0,0,1
2,0,0,0,0,0,0,13,0,13,0,0,0,1
0,0,0,0,0,0,0,15,0,15,0,0,0,1
0,0,0,0,0,0,0,5,0,5,0,0,0,1
0,0,0,0,0,0,0,18,0,18,0,0,0,1
0,0,0,0,0,0,0,18,0,18,0,0,0,1
0,0,0,0,0,0,0,12,0,12,0,0,0,1
0,0,0,0,0,0,0,12,0,12,0,0,0,1
0,0,0,0,0,0,0,11,0,11,0,0,0,1
0,0,0,0,0,0,0,16,0,16,0,0,0,1
21,1.2413793103,2.1283524904,2.5651340996,20,522,1111,0,522,0,522,599,10440,0
0,0,0,0,0,0,0,2,0,2,0,0,0,1
0,0,0,0,0,0,0,2,0,2,0,0,0,1
0,0,0,0,0,0,0,3,0,3,0,0,0,1
0,0,0,0,0,0,0,10,0,10,0,0,0,1
0,0,0,0,0,0,0,1,0,1,0,0,0,1
0,0,0,0,0,0,0,1,0,1,0,0,0,1
0,0,0,0,0,0,0,6,0,6,0,0,0,1
0,0,0,0,0,0,0,1,0,1,0,0,0,1
0,0,0,0,0,0,0,3,0,3,0,0,0,1
0,0,0,0,0,0,0,2,0,2,0,0,0,1
0,0,0,0,0,0,0,13,0,13,0,0,0,1
0,0,0,0,0,0,0,9,0,9,0,0,0,1
0,0,0,0,0,0,0,5,0,5,0,0,0,1
0,0,0,0,0,0,0,3,0,3,0,0,0,1
1,0,0,0,0,0,0,2,0,2,0,0,0,1
1,0,0,0,0,0,0,10,0,10,0,0,0,1
0,0,0,0,0,0,0,10,0,10,0,0,0,1
0,0,0,0,0,0,0,14,0,14,0,0,0,1
0,0,0,0,0,0,0,2,0,2,0,0,0,1
0,0,0,0,0,0,0,2,0,2,0,0,0,1
0,0,0,0,0,0,0,4,0,4,0,0,0,1
1,0,0,0,0,0,0,8,0,8,0,0,0,1
0,0,0,0,0,0,0,3,0,3,0,0,0,1
1,0,0,0,0,0,0,8,0,8,0,0,0,1
0,0,0,0,0,0,0,5,0,5,0,0,0,1
0,0,0,0,0,0,0,18,0,18,0,0,0,1
0,0,0,0,0,0,0,18,0,18,0,0,0,1
0,0,0,0,0,0,0,4,0,4,0,0,0,1
1,0,0,0,0,0,0,7,0,7,0,0,0,1
0,0,0,0,0,0,0,10,0,10,0,0,0,1
0,0,0,0,0,0,0,6,0,6,0,0,0,1
0,0,0,0,0,0,0,7,0,7,0,0,0,1
1,0,0,0,0,0,0,14,0,14,0,0,0,1
0,0,0,0,0,0,0,2,0,2,0,0,0,1
0,0,0,0,0,0,0,2,0,2,0,0,0,1
0,0,0,0,0,0,0,17,0,17,0,0,0,1
0,0,0,0,0,0,0,2,0,2,0,0,0,1
0,0,0,0,0,0,0,4,0,4,0,0,0,1
0,0,0,0,0,0,0,10,0,10,0,0,0,1
0,0,0,0,0,0,0,6,0,6,0,0,0,1
0,0,0,0,0,0,0,5,0,5,0,0,0,1
0,0,0,0,0,0,0,6,0,6,0,0,0,1
0,0,0,0,0,0,0,6,0,6,0,0,0,1
0,0,0,0,0,0,0,6,0,6,0,0,0,1
0,0,0,0,0,0,0,6,0,6,0,0,0,1
0,0,0,0,0,0,0,3,0,3,0,0,0,1
0,0,0,0,0,0,0,27,0,27,0,0,0,1
0,0,0,0,0,0,0,5,0,5,0,0,0,1
0,1,1,1,0,88,88,0,88,0,88,88,0,1
0,0,0,0,0,0,0,2,0,2,0,0,0,1
0,0,0,0,0,0,0,2,0,2,0,0,0,1
0,0,0,0,0,0,0,4,0,4,0,0,0,1
1,0,0,0,0,0,0,2,0,2,0,0,0,1
3,0,0,0,0,0,0,2,0,2,0,0,0,1
0,0,0,0,0,0,0,2,0,2,0,0,0,1
0,0,0,0,0,0,0,2,0,2,0,0,0,1
7,0,0,0,0,0,0,4,0,4,0,0,0,1
0,0,0,0,0,0,0,4,0,4,0,0,0,1
0,0,0,0,0,0,0,1,0,1,0,0,0,1
0,1.75,5,2.5,1,4,20,0,4,0,4,5,4,1
0,1,1,1,0,2,2,0,2,0,2,2,0,1
0,0,0,0,0,0,0,2,0,2,0,0,0,1
0,0,0,0,0,0,0,1,0,1,0,0,0,1
0,0,0,0,0,0,0,9,0,9,0,0,0,1
0,0,0,0,0,0,0,24,0,24,0,0,0,1
0,0,0,0,0,0,0,6,0,6,0,0,0,1
0,0,0,0,0,0,0,2,0,2,0,0,0,1
0,0,0,0,0,0,0,2,0,2,0,0,0,1
0,0,0,0,0,0,0,9,0,9,0,0,0,1
0,0,0,0,0,0,0,2,0,2,0,0,0,1
0,0,0,0,0,0,0,19,0,19,0,0,0,1
0,0,0,0,0,0,0,30,0,30,0,0,0,1
0,0,0,0,0,0,0,51,0,51,0,0,0,1
1,0,0,0,0,0,0,7,0,7,0,0,0,1
1,0,0,0,0,0,0,2,0,2,0,0,0,1
1,0,0,0,0,0,0,31,0,31,0,0,0,1
1,0,0,0,0,0,0,3,0,3,0,0,0,1
1,0,0,0,0,0,0,12,0,12,0,0,0,1
0,0,0,0,0,0,0,2,0,2,0,0,0,1
0,0,0,0,0,0,0,11,0,11,0,0,0,1
0,0,0,0,0,0,0,3,0,3,0,0,0,1
0,0,0,0,0,0,0,2,0,2,0,0,0,1
0,0,0,0,0,0,0,4,0,4,0,0,0,1
0,0,0,0,0,0,0,2,0,2,0,0,0,1
0,0,0,0,0,0,0,23,0,23,0,0,0,1
0,0,0,0,0,0,0,4,0,4,0,0,0,1
0,0,0,0,0,0,0,2,0,2,0,0,0,1
0,0,0,0,0,0,0,2,0,2,0,0,0,1
0,0,0,0,0,0,0,2,0,2,0,0,0,1
0,0,0,0,0,0,0,2,0,2,0,0,0,1
0,0,0,0,0,0,0,1,0,1,0,0,0,1
0,0,0,0,0,0,0,1,0,1,0,0,0,1
0,0,0,0,0,0,0,6,0,6,0,0,0,1
1,0,0,0,0,0,0,11,0,11,0,0,0,1
1,0,0,0,0,0,0,2,0,2,0,0,0,1
1,0,0,0,0,0,0,5,0,5,0,0,0,1
0,0,0,0,0,0,0,4,0,4,0,0,0,1
1,0,0,0,0,0,0,7,0,7,0,0,0,1
0,0,0,0,0,0,0,2,0,2,0,0,0,1
0,0,0,0,0,0,0,3,0,3,0,0,0,1
0,0,0,0,0,0,0,3,0,3,0,0,0,1
1,0,0,0,0,0,0,3,0,3,0,0,0,1
0,0,0,0,0,0,0,5,0,5,0,0,0,1
0,0,0,0,0,0,0,2,0,2,0,0,0,1
0,0,0,0,0,0,0,7,0,7,0,0,0,1
2,0,0,0,0,0,0,6,0,6,0,0,0,1
2,0,0,0,0,0,0,10,0,10,0,0,0,1
0,0,0,0,0,0,0,3,0,3,0,0,0,1
0,0,0,0,0,0,0,2,0,2,0,0,0,1
0,0,0,0,0,0,0,2,0,2,0,0,0,1
0,0,0,0,0,0,0,2,0,2,0,0,0,1
0,0,0,0,0,0,0,2,0,2,0,0,0,1
2,0,0,0,0,0,0,2,0,2,0,0,0,1
0,0,0,0,0,0,0,4,0,4,0,0,0,1
0,0,0,0,0,0,0,6,0,6,0,0,0,1
0,0,0,0,0,0,0,8,0,8,0,0,0,1
0,0,0,0,0,0,0,8,0,8,0,0,0,1
0,0,0,0,0,0,0,10,0,10,0,0,0,1
0,0,0,0,0,0,0,18,0,18,0,0,0,1
0,0,0,0,0,0,0,3,0,3,0,0,0,1
0,0,0,0,0,0,0,13,0,13,0,0,0,1
2,0,0,0,0,0,0,3,0,3,0,0,0,1
2,0,0,0,0,0,0,3,0,3,0,0,0,1
2,0,0,0,0,0,0,2,0,2,0,0,0,1
0,0,0,0,0,0,0,4,0,4,0,0,0,1
0,0,0,0,0,0,0,1,0,1,0,0,0,1
0,0,0,0,0,0,0,4,0,4,0,0,0,1
0,0,0,0,0,0,0,5,0,5,0,0,0,1
0,0,0,0,0,0,0,7,0,7,0,0,0,1
0,0,0,0,0,0,0,7,0,7,0,0,0,1
0,0,0,0,0,0,0,2,0,2,0,0,0,1
0,0,0,0,0,0,0,1,0,1,0,0,0,1
0,0,0,0,0,0,0,2,0,2,0,0,0,1
0,0,0,0,0,0,0,4,0,4,0,0,0,1
0,0,0,0,0,0,0,2,0,2,0,0,0,1
0,0,0,0,0,0,0,4,0,4,0,0,0,1
0,0,0,0,0,0,0,2,0,2,0,0,0,1
0,0,0,0,0,0,0,2,0,2,0,0,0,1
0,0,0,0,0,0,0,3,0,3,0,0,0,1
0,0,0,0,0,0,0,2,0,2,0,0,0,1
0,0,0,0,0,0,0,1,0,1,0,0,0,1
0,0,0,0,0,0,0,1,0,1,0,0,0,1
0,0,0,0,0,0,0,1,0,1,0,0,0,1
0,0,0,0,0,0,0,2,0,2,0,0,0,1
0,0,0,0,0,0,0,4,0,4,0,0,0,1
0,0,0,0,0,0,0,10,0,10,0,0,0,1
0,0,0,0,0,0,0,3,0,3,0,0,0,1
0,0,0,0,0,0,0,3,0,3,0,0,0,1
0,0,0,0,0,0,0,3,0,3,0,0,0,1
0,0,0,0,0,0,0,3,0,3,0,0,0,1
0,0,0,0,0,0,0,3,0,3,0,0,0,1
0,0,0,0,0,0,0,0,0,0,0,0,0,1
0,0,0,0,0,0,0,4,0,4,0,0,0,1
0,0,0,0,0,0,0,4,0,4,0,0,0,1
0,3.2,11.6,2.6,6,5,58,0,5,0,5,17,30,1
0,0,0,0,0,0,0,3,0,3,0,0,0,1
0,0,0,0,0,0,0,3,0,3,0,0,0,1
0,0,0,0,0,0,0,5,0,5,0,0,0,1
0,0,0,0,0,0,0,4,0,4,0,0,0,1
0,0,0,0,0,0,0,4,0,4,0,0,0,1
0,0,0,0,0,0,0,5,0,5,0,0,0,1
0,0,0,0,0,0,0,2,0,2,0,0,0,1
0,0,0,0,0,0,0,3,0,3,0,0,0,1
0,0,0,0,0,0,0,5,0,5,0,0,0,1
0,0,0,0,0,0,0,4,0,4,0,0,0,1
0,0,0,0,0,0,0,4,0,4,0,0,0,1
0,0,0,0,0,0,0,5,0,5,0,0,0,1
0,0,0,0,0,0,0,5,0,5,0,0,0,1
0,0,0,0,0,0,0,4,0,4,0,0,0,1
0,0,0,0,0,0,0,12,0,12,0,0,0,1
0,0,0,0,0,0,0,12,0,12,0,0,0,1
0,0,0,0,0,0,0,6,0,6,0,0,0,1
0,0,0,0,0,0,0,2,0,2,0,0,0,1
0,0,0,0,0,0,0,9,0,9,0,0,0,1
0,0,0,0,0,0,0,9,0,9,0,0,0,1
0,0,0,0,0,0,0,2,0,2,0,0,0,1
0,0,0,0,0,0,0,5,0,5,0,0,0,1
2,0,0,0,0,0,0,7,0,7,0,0,0,1
0,0,0,0,0,0,0,2,0,2,0,0,0,1
0,0,0,0,0,0,0,10,0,10,0,0,0,1
0,0,0,0,0,0,0,10,0,10,0,0,0,1
2,0,0,0,0,0,0,3,0,3,0,0,0,1
0,0,0,0,0,0,0,3,0,3,0,0,0,1
0,0,0,0,0,0,0,6,0,6,0,0,0,1
0,0,0,0,0,0,0,3,0,3,0,0,0,1
0,0,0,0,0,0,0,7,0,7,0,0,0,1
0,0,0,0,0,0,0,12,0,12,0,0,0,1
0,0,0,0,0,0,0,12,0,12,0,0,0,1
0,0,0,0,0,0,0,6,0,6,0,0,0,1
0,0,0,0,0,0,0,5,0,5,0,0,0,1
0,0,0,0,0,0,0,4,0,4,0,0,0,1
0,0,0,0,0,0,0,5,0,5,0,0,0,1
0,0,0,0,0,0,0,2,0,2,0,0,0,1
0,0,0,0,0,0,0,12,0,12,0,0,0,1
0,0,0,0,0,0,0,12,0,12,0,0,0,1
0,0,0,0,0,0,0,7,0,7,0,0,0,1
0,0,0,0,0,0,0,2,0,2,0,0,0,1
0,0,0,0,0,0,0,3,0,3,0,0,0,1
0,0,0,0,0,0,0,7,0,7,0,0,0,1
0,0,0,0,0,0,0,6,0,6,0,0,0,1
0,0,0,0,0,0,0,10,0,10,0,0,0,1
0,0,0,0,0,0,0,10,0,10,0,0,0,1
0,0,0,0,0,0,0,6,0,6,0,0,0,1
0,0,0,0,0,0,0,6,0,6,0,0,0,1
0,0,0,0,0,0,0,8,0,8,0,0,0,1
0,0,0,0,0,0,0,8,0,8,0,0,0,1
1,0,0,0,0,0,0,4,0,4,0,0,0,1
0,0,0,0,0,0,0,7,0,7,0,0,0,1
0,0,0,0,0,0,0,7,0,7,0,0,0,1
0,0,0,0,0,0,0,2,0,2,0,0,0,1
0,0,0,0,0,0,0,2,0,2,0,0,0,1
0,0,0,0,0,0,0,2,0,2,0,0,0,1
0,0,0,0,0,0,0,8,0,8,0,0,0,1
0,0,0,0,0,0,0,6,0,6,0,0,0,1
0,0,0,0,0,0,0,5,0,5,0,0,0,1
0,0,0,0,0,0,0,8,0,8,0,0,0,1
0,0,0,0,0,0,0,6,0,6,0,0,0,1
3,1,12,1.3333333333,3,4,72,3,6,3,6,29,12,1
2,0,0,0,0,0,0,1,0,1,0,0,0,1
2,0,0,0,0,0,0,5,0,5,0,0,0,1
2,0,0,0,0,0,0,4,0,4,0,0,0,1
3,0,0,0,0,0,0,8,0,8,0,0,0,1
2,1,1,1,0,2,2,3,2,3,2,2,0,1
0,0,0,0,0,0,0,8,0,8,0,0,0,1
13,3.1363636364,23.9545454545,2.3636363636,8,6,527,6,22,6,22,122,48,1
1,1,1,1,0,1,1,2,1,2,1,1,0,1
0,0,0,0,0,0,0,5,0,5,0,0,0,1
1,0,0,0,0,0,0,5,0,5,0,0,0,1
112,6.6071428571,28.8392857143,3.6071428571,19,8,1615,38,56,38,56,270,152,0
1,0,0,0,0,0,0,3,0,3,0,0,0,1
0,0,0,0,0,0,0,2,0,2,0,0,0,1
0,0,0,0,0,0,0,2,0,2,0,0,0,1
3,0,0,0,0,0,0,2,0,2,0,0,0,1
1,0,0,0,0,0,0,4,0,4,0,0,0,1
6,0,0,0,0,0,0,2,0,2,0,0,0,1
1,0,0,0,0,0,0,4,0,4,0,0,0,1
1,0,0,0,0,0,0,2,0,2,0,0,0,1
1,0,0,0,0,0,0,2,0,2,0,0,0,1
4,0,0,0,0,0,0,10,0,10,0,0,0,1
5,1.2777777778,19.9444444444,3.7777777778,7,6,359,0,18,0,18,57,42,1
2,0,0,0,0,0,0,3,0,3,0,0,0,1
16,1,15.1666666667,2.3333333333,4,4,91,0,6,0,6,40,16,1
2,0,0,0,0,0,0,4,0,4,0,0,0,1
0,0,0,0,0,0,0,0,0,0,0,0,0,1
80,18.6875,16.1875,2.9375,60,6,259,83,16,83,16,308,360,0
1,0,0,0,0,0,0,5,0,5,0,0,0,1
1,1,70,1,5,1,70,0,1,0,1,7,5,1
13,1,17,1.875,8,3,136,4,8,4,8,58,24,1
6,0,0,0,0,0,0,6,0,6,0,0,0,1
40,1,61.8571428571,1.7142857143,43,3,433,6,7,6,7,141,129,0
11,0,0,0,0,0,0,39,0,39,0,0,0,1
19,4.5,16.75,1,1,2,67,6,4,6,4,16,2,1
0,0,0,0,0,0,0,0,0,0,0,0,0,1
74,4.2857142857,27.4285714286,2.2857142857,3,1,192,6,7,6,7,27,3,1
3,1,21,3.6666666667,9,2,63,2,3,2,3,21,18,1
3,1,25,2,1,1,25,0,1,0,1,2,1,1
0,0,0,0,0,0,0,0,0,0,0,0,0,1
17,6.5555555556,42.1666666667,1.9444444444,36,14,759,33,18,33,18,200,504,0
70,11.0454545455,54.5454545455,1.7424242424,93,2,3600,113,66,113,66,1049,186,0
2,0,0,0,0,0,0,6,0,6,0,0,0,1
0,4.5,22,1.3333333333,5,3,132,4,6,4,6,16,15,1
0,6.8333333333,21.8333333333,1.3333333333,5,2,131,5,6,5,6,25,10,1
5,9,28.2,1,5,5,141,8,5,8,5,13,25,1
2,0,0,0,0,0,0,3,0,3,0,0,0,1
25,1,7,2,0,1,7,0,1,0,1,1,0,1
5,1,25.5,2.5,4,2,51,0,2,0,2,9,8,1
0,5,25.5,2.5,4,2,51,0,2,0,2,9,8,1
6,0,0,0,0,0,0,3,0,3,0,0,0,1
0,0,0,0,0,0,0,0,0,0,0,0,0,1
1,4,31.6666666667,3,6,1,95,1,3,1,3,20,6,1
29,1,40.75,4,1,2,163,1,4,1,4,20,2,1
3,0,0,0,0,0,0,5,0,5,0,0,0,1
0,11,53,3.6666666667,2,3,159,0,3,0,3,16,6,1
0,1,4,5,2,1,4,0,1,0,1,5,2,1
2,4,32,1,3,1,32,1,1,1,1,5,3,1
3,2,15,3,1,1,15,0,1,0,1,2,1,1
1,1,38.5,1.5,1,1,77,1,2,1,2,6,1,1
5,1,33,2,0,1,33,0,1,0,1,1,0,1
0,1.1666666667,6.8333333333,1,1,1,41,3,6,3,6,15,1,1
0,1,8,1,2,5,40,2,5,2,5,10,10,1
0,1.2,5.6,1,2,5,28,2,5,2,5,9,10,1
37,1,4.2857142857,1.1428571429,1,5,30,1,7,1,7,11,5,1
2,1,10,3,1,1,10,0,1,0,1,2,1,1
4,21,121,3,4,2,242,1,2,1,2,13,8,1
1,7.6666666667,41.3333333333,2,6,2,124,0,3,0,3,20,12,1
2,0,0,0,0,0,0,2,0,2,0,0,0,1
1,15.3333333333,76.6666666667,3,8,1,230,1,3,1,3,25,8,1
30,1,28,1.2857142857,4,3,196,2,7,2,7,18,12,1
9,1.7297297297,25.3243243243,1.8918918919,13,10,937,0,37,0,37,226,130,0
1,0,0,0,0,0,0,2,0,2,0,0,0,1
7,0,0,0,0,0,0,9,0,9,0,0,0,1
4,0,0,0,0,0,0,10,0,10,0,0,0,1
7,7.4166666667,37.125,1.4583333333,13,2,891,0,24,0,24,142,26,1
1,0,0,0,0,0,0,3,0,3,0,0,0,1
1,0,0,0,0,0,0,8,0,8,0,0,0,1
2,3,26,3,3,1,52,0,2,0,2,7,3,1
1,6.6666666667,51.6666666667,1,3,2,155,0,3,0,3,14,6,1
1,5.3333333333,37.6666666667,1,1,2,113,0,3,0,3,14,2,1
1,5.6666666667,49.1666666667,2.75,12,1,590,4,12,4,12,64,12,0
0,11.9285714286,55,2.4285714286,18,1,770,1,14,1,14,130,18,1
2,1,24.875,1.625,6,8,199,0,8,0,8,42,48,1
3,0,0,0,0,0,0,9,0,9,0,0,0,1
2,5.1764705882,33.1764705882,1.5882352941,9,3,564,0,17,0,17,68,27,1
1,0,0,0,0,0,0,20,0,20,0,0,0,1
2,1,31.5,2.125,8,7,252,1,8,1,8,52,56,1
2,0,0,0,0,0,0,9,0,9,0,0,0,1
4,0,0,0,0,0,0,10,0,10,0,0,0,1
0,3.6,22.4,2.6,2,5,112,0,5,0,5,33,10,1
1,4.125,28.75,1.875,10,1,230,2,8,2,8,29,10,1
1,0,0,0,0,0,0,6,0,6,0,0,0,1
2,5,31.0833333333,4.5,4,7,373,0,12,0,12,26,28,1
0,0,0,0,0,0,0,2,0,2,0,0,0,1
4,1,57.25,1.75,11,3,229,0,4,0,4,34,33,1
1,0,0,0,0,0,0,21,0,21,0,0,0,1
3,0,0,0,0,0,0,3,0,3,0,0,0,1
3,0,0,0,0,0,0,4,0,4,0,0,0,1
3,0,0,0,0,0,0,3,0,3,0,0,0,1
0,0,0,0,0,0,0,14,0,14,0,0,0,1
0,6.5,47,1,9,2,188,0,4,0,4,110,18,1
1,1,4,1,0,1,4,1,1,1,1,2,0,1
1,3.7916666667,17.2708333333,1.4479166667,11,91,1658,0,96,0,96,366,1001,0
0,1,1,3,0,5,5,0,5,0,5,5,0,1
0,0,0,0,0,0,0,135,0,135,0,0,0,1
3,0,0,0,0,0,0,3,0,3,0,0,0,1
3,0,0,0,0,0,0,4,0,4,0,0,0,1
3,0,0,0,0,0,0,3,0,3,0,0,0,1
3,0,0,0,0,0,0,37,0,37,0,0,0,1
3,0,0,0,0,0,0,4,0,4,0,0,0,1
3,0,0,0,0,0,0,4,0,4,0,0,0,1
3,0,0,0,0,0,0,43,0,43,0,0,0,1
3,0,0,0,0,0,0,20,0,20,0,0,0,1
2,0,0,0,0,0,0,2,0,2,0,0,0,1
2,0,0,0,0,0,0,3,0,3,0,0,0,1
4,5.2692307692,31,2.1153846154,11,6,806,2,26,2,26,162,66,1
1,0,0,0,0,0,0,3,0,3,0,0,0,1
1,0,0,0,0,0,0,2,0,2,0,0,0,1
4,0,0,0,0,0,0,16,0,16,0,0,0,1
3,2,20.5714285714,2.0357142857,5,9,576,0,28,0,28,96,45,1
0,0,0,0,0,0,0,14,0,14,0,0,0,1
1,6.9090909091,54.5454545455,2,8,3,600,2,11,2,11,64,24,1
1,0,0,0,0,0,0,4,0,4,0,0,0,1
1,6.75,58,3.5,13,1,232,0,4,0,4,44,13,1
1,0,0,0,0,0,0,3,0,3,0,0,0,1
12,1,29.9166666667,1.9166666667,12,8,359,10,12,10,12,83,96,0
1,0,0,0,0,0,0,2,0,2,0,0,0,1
21,1,17,3,2,1,17,5,1,5,1,3,2,1
0,6.4285714286,43.9285714286,2.7142857143,10,2,615,14,14,14,14,91,20,0
1,0,0,0,0,0,0,14,0,14,0,0,0,1
2,1,8.5,1.5,4,8,68,9,8,9,8,27,32,1
1,5,29.2941176471,1.4117647059,5,1,498,0,17,0,17,91,5,1
1,0,0,0,0,0,0,2,0,2,0,0,0,1
1,0,0,0,0,0,0,8,0,8,0,0,0,1
1,4,68,2.75,13,4,544,1,8,1,8,75,52,1
3,0,0,0,0,0,0,8,0,8,0,0,0,1
2,4.28,32.4,2.6,15,14,810,0,25,0,25,289,210,0
1,0,0,0,0,0,0,5,0,5,0,0,0,1
2,0,0,0,0,0,0,14,0,14,0,0,0,1
2,0,0,0,0,0,0,19,0,19,0,0,0,1
2,0,0,0,0,0,0,11,0,11,0,0,0,1
1,0,0,0,0,0,0,5,0,5,0,0,0,1
3,0,0,0,0,0,0,5,0,5,0,0,0,1
2,0,0,0,0,0,0,6,0,6,0,0,0,1
1,8.8333333333,57.1666666667,1.6666666667,6,2,343,0,6,0,6,37,12,1
1,0,0,0,0,0,0,28,0,28,0,0,0,1
1,0,0,0,0,0,0,28,0,28,0,0,0,1
4,1,12,2,3,3,60,0,5,0,5,16,9,1
1,0,0,0,0,0,0,2,0,2,0,0,0,1
2,5,34,2.8,6,1,170,1,5,1,5,39,6,1
1,0,0,0,0,0,0,7,0,7,0,0,0,1
1,0,0,0,0,0,0,3,0,3,0,0,0,1
1,0,0,0,0,0,0,4,0,4,0,0,0,1
45,3.7631578947,17.4473684211,2.0526315789,14,10,663,66,38,66,38,140,140,0
5,0,0,0,0,0,0,3,0,3,0,0,0,1
8,0,0,0,0,0,0,11,0,11,0,0,0,1
1,0,0,0,0,0,0,8,0,8,0,0,0,1
3,0,0,0,0,0,0,4,0,4,0,0,0,1
2,4.1875,24.625,2,15,1,394,10,16,10,16,135,15,1
11,0,0,0,0,0,0,22,0,22,0,0,0,1
1,0,0,0,0,0,0,2,0,2,0,0,0,1
1,0,0,0,0,0,0,2,0,2,0,0,0,1
1,0,0,0,0,0,0,3,0,3,0,0,0,1
1,0,0,0,0,0,0,11,0,11,0,0,0,1
0,7.4,57.2,2.6,8,1,286,6,5,6,5,37,8,1
1,0,0,0,0,0,0,4,0,4,0,0,0,1
0,8.5714285714,50.4285714286,2.4285714286,14,1,353,5,7,5,7,83,14,0
1,0,0,0,0,0,0,6,0,6,0,0,0,1
1,0,0,0,0,0,0,10,0,10,0,0,0,1
0,6.1,42.65,1.5,20,1,853,2,20,2,20,133,20,1
2,0,0,0,0,0,0,11,0,11,0,0,0,1
2,0,0,0,0,0,0,3,0,3,0,0,0,1
0,5.3125,30.875,1.875,8,1,494,9,16,9,16,93,8,1
1,0,0,0,0,0,0,6,0,6,0,0,0,1
1,0,0,0,0,0,0,5,0,5,0,0,0,1
0,9.2666666667,57.7333333333,3.0666666667,15,10,866,5,15,5,15,84,150,0
5,7.875,41.4583333333,2.4583333333,19,5,995,8,24,8,24,223,95,0
5,0,0,0,0,0,0,21,0,21,0,0,0,1
2,1,41,1.5,1,2,82,3,2,3,2,4,2,1
4,5.9090909091,24.6060606061,1.9696969697,24,18,812,4,33,4,33,172,432,0
0,0,0,0,0,0,0,10,0,10,0,0,0,1
2,0,0,0,0,0,0,5,0,5,0,0,0,1
0,4,19,2.6666666667,4,1,114,2,6,2,6,19,4,1
0,4.6666666667,24.5,2.8333333333,5,1,147,4,6,4,6,22,5,1
0,6.1,39.1,2.3,7,1,391,4,10,4,10,63,7,1
0,3.25,17.5,3,2,2,70,2,4,2,4,11,4,1
0,1,7,4,0,1,7,1,1,1,1,1,0,1
1,1.5,11,3.5,1,1,22,2,2,2,2,6,1,1
0,4.0714285714,20.0714285714,2.2857142857,7,4,281,4,14,4,14,55,28,1
0,0,0,0,0,0,0,3,0,3,0,0,0,1
2,0,0,0,0,0,0,5,0,5,0,0,0,1
0,1,5,4,0,1,5,1,1,1,1,1,0,1
0,8.5666666667,50.9333333333,1.7,15,4,1528,10,30,10,30,262,60,0
2,0,0,0,0,0,0,4,0,4,0,0,0,1
2,0,0,0,0,0,0,5,0,5,0,0,0,1
2,0,0,0,0,0,0,25,0,25,0,0,0,1
1,4.375,24.25,2,6,2,388,5,16,5,16,49,12,1
0,0,0,0,0,0,0,5,0,5,0,0,0,1
0,0,0,0,0,0,0,9,0,9,0,0,0,1
1,0,0,0,0,0,0,7,0,7,0,0,0,1
0,0,0,0,0,0,0,9,0,9,0,0,0,1
0,3,22,3,5,1,66,1,3,1,3,19,5,1
0,3.25,27.5,2.5,8,1,110,1,4,1,4,23,8,1
0,3.7142857143,17.5714285714,3.4285714286,5,1,123,6,7,6,7,25,5,1
2,1.5,8,2.5,1,1,16,4,2,4,2,5,1,1
0,4,30.5,2.5,4,1,61,1,2,1,2,17,4,1
0,4.8,32.4,2.6,6,1,162,4,5,4,5,19,6,1
0,2.5,14.1666666667,2.5,6,2,85,4,6,4,6,20,12,1
8,10,69,2.6666666667,4,1,207,1,3,1,3,10,4,1
6,6.5517241379,34.9310344828,1.6551724138,21,7,1013,12,29,12,29,303,147,0
7,0,0,0,0,0,0,44,0,44,0,0,0,1
1,0,0,0,0,0,0,5,0,5,0,0,0,1
1,0,0,0,0,0,0,8,0,8,0,0,0,1
4,0,0,0,0,0,0,10,0,10,0,0,0,1
2,0,0,0,0,0,0,7,0,7,0,0,0,1
1,0,0,0,0,0,0,3,0,3,0,0,0,1
0,9.25,60.75,1.6666666667,8,8,729,2,12,2,12,28,64,1
0,0,0,0,0,0,0,3,0,3,0,0,0,1
0,1.7777777778,5.4444444444,1.8888888889,2,9,49,1,9,1,9,11,18,1
31,4.7207207207,26.4234234234,4.7297297297,40,63,2933,16,111,16,111,449,2520,0
1,0,0,0,0,0,0,9,0,9,0,0,0,1
1,0,0,0,0,0,0,4,0,4,0,0,0,1
1,0,0,0,0,0,0,15,0,15,0,0,0,1
1,0,0,0,0,0,0,5,0,5,0,0,0,1
0,0,0,0,0,0,0,2,0,2,0,0,0,1
0,0,0,0,0,0,0,2,0,2,0,0,0,1
0,0,0,0,0,0,0,2,0,2,0,0,0,1
5,0,0,0,0,0,0,4,0,4,0,0,0,1
1,0,0,0,0,0,0,21,0,21,0,0,0,1
1,0,0,0,0,0,0,10,0,10,0,0,0,1
0,0,0,0,0,0,0,3,0,3,0,0,0,1
1,0,0,0,0,0,0,9,0,9,0,0,0,1
0,0,0,0,0,0,0,2,0,2,0,0,0,1
1,0,0,0,0,0,0,8,0,8,0,0,0,1
1,0,0,0,0,0,0,5,0,5,0,0,0,1
1,0,0,0,0,0,0,2,0,2,0,0,0,1
0,2.2222222222,8.3333333333,1.6666666667,2,9,75,1,9,1,9,11,18,1
16,10.6086956522,72.1739130435,1.4782608696,21,7,1660,10,23,10,23,106,147,0
0,0,0,0,0,0,0,6,0,6,0,0,0,1
2,0,0,0,0,0,0,6,0,6,0,0,0,1
0,11.9655172414,58.0689655172,1.5517241379,18,5,1684,1,29,1,29,122,90,0
0,0,0,0,0,0,0,3,0,3,0,0,0,1
0,0,0,0,0,0,0,3,0,3,0,0,0,1
2,16,149,1,1,1,149,1,1,1,1,4,1,1
12,1.6363636364,35.9090909091,1.6363636364,4,1,395,0,11,0,11,62,4,1
1,2,31.5,1.25,9,1,126,5,4,5,4,39,9,1
7,0,0,0,0,0,0,8,0,8,0,0,0,1
0,3.2857142857,24.4285714286,1.5714285714,2,4,171,0,7,0,7,12,8,1
0,0,0,0,0,0,0,5,0,5,0,0,0,1
0,0,0,0,0,0,0,9,0,9,0,0,0,1
0,2.5555555556,18.6666666667,1.5555555556,2,2,168,0,9,0,9,20,4,1
0,2.75,24.5,1.5,3,6,196,0,8,0,8,28,18,1
1,0,0,0,0,0,0,6,0,6,0,0,0,1
0,2.5714285714,15.7142857143,1.7142857143,5,4,110,0,7,0,7,18,20,1
10,2.1428571429,20.6428571429,2.0714285714,28,5,289,17,14,17,14,135,140,1
0,0,0,0,0,0,0,2,0,2,0,0,0,1
1,2.3333333333,43.3333333333,3.3333333333,6,2,130,0,3,0,3,20,12,1
10,2,9.0714285714,1.3571428571,7,5,127,3,14,3,14,65,35,1
6,0,0,0,0,0,0,10,0,10,0,0,0,1
6,0,0,0,0,0,0,9,0,9,0,0,0,1
3,0,0,0,0,0,0,8,0,8,0,0,0,1
4,0,0,0,0,0,0,4,0,4,0,0,0,1
0,16.5,67.5,2.5,5,1,135,4,2,4,2,22,5,1
2,17.7,84.5,3.1,10,9,845,12,10,12,10,50,90,0
5,0,0,0,0,0,0,5,0,5,0,0,0,1
6,0,0,0,0,0,0,11,0,11,0,0,0,1
15,4.5263157895,48.9473684211,4.4210526316,11,8,930,18,19,18,19,91,88,0
23,5.1,30.9,5.8,6,2,309,0,10,0,10,48,12,1
1,0,0,0,0,0,0,1,0,1,0,0,0,1
0,7.4,86.8,7,1,5,434,0,5,0,5,6,5,1
8,2.6888888889,27.8888888889,3.1111111111,18,12,1255,3,45,3,45,302,216,0
1,0,0,0,0,0,0,16,0,16,0,0,0,1
1,0,0,0,0,0,0,7,0,7,0,0,0,1
2,0,0,0,0,0,0,49,0,49,0,0,0,1
1,0,0,0,0,0,0,3,0,3,0,0,0,1
1,3,31,3.3333333333,4,1,186,0,6,0,6,37,4,1
1,0,0,0,0,0,0,4,0,4,0,0,0,1
2,0,0,0,0,0,0,4,0,4,0,0,0,1
59,8.8260869565,50.9565217391,3.2608695652,23,2,1172,34,23,34,23,313,46,0
1,0,0,0,0,0,0,6,0,6,0,0,0,1
1,0,0,0,0,0,0,4,0,4,0,0,0,1
3,0,0,0,0,0,0,4,0,4,0,0,0,1
4,0,0,0,0,0,0,22,0,22,0,0,0,1
0,0,0,0,0,0,0,2,0,2,0,0,0,1
0,0,0,0,0,0,0,4,0,4,0,0,0,1
0,0,0,0,0,0,0,1,0,1,0,0,0,1
2,4.4285714286,24.9285714286,1.2857142857,5,1,349,14,14,14,14,81,5,1
184,11.125,47.875,2.375,9,1,383,4,8,4,8,59,9,0
1,0,0,0,0,0,0,3,0,3,0,0,0,1
1,0,0,0,0,0,0,3,0,3,0,0,0,1
1,0,0,0,0,0,0,2,0,2,0,0,0,1
0,0,0,0,0,0,0,2,0,2,0,0,0,1
1,0,0,0,0,0,0,5,0,5,0,0,0,1
11,9.64,45.22,2.5,19,14,2261,17,50,17,50,347,266,0
1,0,0,0,0,0,0,2,0,2,0,0,0,1
1,0,0,0,0,0,0,2,0,2,0,0,0,1
10,0,0,0,0,0,0,6,0,6,0,0,0,1
7,0,0,0,0,0,0,5,0,5,0,0,0,1
0,3.5,47,3,6,1,188,1,4,1,4,17,6,1
1,0,0,0,0,0,0,8,0,8,0,0,0,1
1,0,0,0,0,0,0,2,0,2,0,0,0,1
7,5.4047619048,28,2.2142857143,16,12,1176,1,42,1,42,230,192,0
1,0,0,0,0,0,0,8,0,8,0,0,0,1
3,0,0,0,0,0,0,20,0,20,0,0,0,1
1,0,0,0,0,0,0,5,0,5,0,0,0,1
1,0,0,0,0,0,0,11,0,11,0,0,0,1
1,0,0,0,0,0,0,3,0,3,0,0,0,1
32,5,33.375,1.75,6,5,267,0,8,0,8,27,30,1
3,0,0,0,0,0,0,4,0,4,0,0,0,1
5,0,0,0,0,0,0,2,0,2,0,0,0,1
0,8,47,1,1,1,47,0,1,0,1,2,1,1
408,8.2,39,1.2,5,4,195,13,5,13,5,23,20,1
43,0,0,0,0,0,0,7,0,7,0,0,0,1
0,12.3333333333,41,1.3333333333,1,1,123,0,3,0,3,7,1,1
0,4,21.5714285714,1.4285714286,3,2,151,0,7,0,7,18,6,1
0,3.25,25.75,5.5,2,1,103,0,4,0,4,15,2,1
0,8,47,2,0,1,47,0,1,0,1,1,0,1
0,30,45,1,0,1,45,0,1,0,1,1,0,1
0,1.3333333333,21.6666666667,1,3,3,65,0,3,0,3,6,9,1
0,10.6666666667,48.3333333333,2.6666666667,7,1,145,0,3,0,3,16,7,1
0,11.6666666667,41.6666666667,1.8333333333,3,1,250,4,6,4,6,22,3,1
0,5.8333333333,23.4166666667,1.6666666667,6,1,281,12,12,12,12,64,6,1
1,0,0,0,0,0,0,4,0,4,0,0,0,1
28,2.5714285714,17.7857142857,1.7142857143,3,3,249,13,14,13,14,44,9,1
0,2.5714285714,17.7857142857,1.7142857143,4,14,249,13,14,13,14,44,56,1
5,2.380952381,16.2380952381,1.8095238095,4,20,341,20,21,20,21,59,80,1
1,2.75,26.3125,2.25,6,16,421,15,16,15,16,57,96,0
0,0,0,0,0,0,0,9,0,9,0,0,0,1
0,2.375,24.75,2.25,7,16,396,15,16,15,16,57,112,1
2,2.5,26.1666666667,1.75,5,11,314,11,12,11,12,41,55,1
0,2.1904761905,14.8571428571,1.7619047619,4,21,312,19,21,19,21,58,84,1
0,2.2307692308,17.1923076923,2.1923076923,3,25,447,25,26,25,26,106,75,1
1,2.4761904762,17.9047619048,1.9047619048,5,21,376,22,21,22,21,61,105,1
5,5.25,33.25,4.5,10,1,133,6,4,6,4,30,10,1
0,10.75,57,1.75,5,1,228,1,4,1,4,26,5,1
284,12.3333333333,81.3333333333,1.3333333333,6,1,244,19,3,19,3,28,6,1
2,2.6,34.6,1.8,3,1,173,5,5,5,5,16,3,1
0,0,0,0,0,0,0,0,0,0,0,0,0,1
1,3.7058823529,27.1764705882,1.1764705882,11,4,462,12,17,12,17,76,44,1
10,4.3076923077,28.1538461538,2,11,13,366,1,13,1,13,45,143,0
11,0,0,0,0,0,0,10,0,10,0,0,0,1
0,4,15.9285714286,1.7142857143,2,9,223,5,14,5,14,34,18,1
0,4.625,36.875,1.875,3,2,295,3,8,3,8,34,6,1
1,0,0,0,0,0,0,4,0,4,0,0,0,1
1,0,0,0,0,0,0,4,0,4,0,0,0,1
4,0,0,0,0,0,0,6,0,6,0,0,0,1
0,0,0,0,0,0,0,4,0,4,0,0,0,1
0,0,0,0,0,0,0,7,0,7,0,0,0,1
3,0,0,0,0,0,0,3,0,3,0,0,0,1
0,5,50,2,4,1,50,0,1,0,1,10,4,1
0,6,42,1.5,3,1,84,0,2,0,2,6,3,1
0,0,0,0,0,0,0,0,0,0,0,0,0,1
1,2.6,27.8,2.2,14,1,139,15,5,15,5,39,14,1
0,0,0,0,0,0,0,0,0,0,0,0,0,1
0,0,0,0,0,0,0,0,0,0,0,0,0,1
1,7.4545454545,40.7272727273,2.4545454545,8,1,448,15,11,15,11,71,8,1
0,0,0,0,0,0,0,0,0,0,0,0,0,1
1,4.6111111111,21.8888888889,1.0833333333,17,3,788,19,36,19,36,185,51,0
5,0,0,0,0,0,0,85,0,85,0,0,0,1
0,0,0,0,0,0,0,3,0,3,0,0,0,1
0,0,0,0,0,0,0,0,0,0,0,0,0,1
0,8.1428571429,69.0714285714,1.0714285714,14,1,967,21,14,21,14,170,14,0
0,5.5454545455,54.5909090909,2.0909090909,8,12,1201,8,22,8,22,204,96,0
1,0,0,0,0,0,0,24,0,24,0,0,0,1
5,1,44,3,1,1,44,0,1,0,1,2,1,1
1,4.2962962963,24.5925925926,1.2962962963,19,4,664,12,27,12,27,105,76,1
0,0,0,0,0,0,0,6,0,6,0,0,0,1
1,0,0,0,0,0,0,2,0,2,0,0,0,1
1,0,0,0,0,0,0,17,0,17,0,0,0,1
1,0,0,0,0,0,0,23,0,23,0,0,0,1
11,2,45.8,2.4,4,4,229,4,5,4,5,35,16,1
2,0,0,0,0,0,0,66,0,66,0,0,0,1
0,0,0,0,0,0,0,2,0,2,0,0,0,1
0,0,0,0,0,0,0,2,0,2,0,0,0,1
0,0,0,0,0,0,0,2,0,2,0,0,0,1
0,0,0,0,0,0,0,2,0,2,0,0,0,1
0,0,0,0,0,0,0,2,0,2,0,0,0,1
0,0,0,0,0,0,0,4,0,4,0,0,0,1
0,0,0,0,0,0,0,2,0,2,0,0,0,1
0,0,0,0,0,0,0,4,0,4,0,0,0,1
0,0,0,0,0,0,0,2,0,2,0,0,0,1
0,0,0,0,0,0,0,6,0,6,0,0,0,1
0,0,0,0,0,0,0,12,0,12,0,0,0,1
0,0,0,0,0,0,0,2,0,2,0,0,0,1
0,0,0,0,0,0,0,4,0,4,0,0,0,1
0,0,0,0,0,0,0,2,0,2,0,0,0,1
0,0,0,0,0,0,0,4,0,4,0,0,0,1
10,1,1,1.5,0,2,2,0,2,0,2,2,0,1
0,0,0,0,0,0,0,2,0,2,0,0,0,1
0,0,0,0,0,0,0,3,0,3,0,0,0,1
1,2.4545454545,18.6363636364,1.1818181818,10,5,205,9,11,9,11,43,50,1
1,0,0,0,0,0,0,1,0,1,0,0,0,1
1,2.75,21.4166666667,1.3333333333,10,3,257,9,12,9,12,46,30,1
0,0,0,0,0,0,0,0,0,0,0,0,0,1
0,0,0,0,0,0,0,0,0,0,0,0,0,1
1,7.7,50.26,1.82,25,2,2513,22,50,22,50,358,50,0
1,0,0,0,0,0,0,2,0,2,0,0,0,1
1,0,0,0,0,0,0,3,0,3,0,0,0,1
2,0,0,0,0,0,0,7,0,7,0,0,0,1
0,0,0,0,0,0,0,3,0,3,0,0,0,1
1,0,0,0,0,0,0,7,0,7,0,0,0,1
0,0,0,0,0,0,0,2,0,2,0,0,0,1
1,0,0,0,0,0,0,2,0,2,0,0,0,1
1,5.9375,28.25,1.71875,10,8,904,24,32,24,32,242,80,0
0,0,0,0,0,0,0,2,0,2,0,0,0,1
0,0,0,0,0,0,0,0,0,0,0,0,0,1
0,0,0,0,0,0,0,0,0,0,0,0,0,1
0,0,0,0,0,0,0,0,0,0,0,0,0,1
1,3.8,23.0666666667,1.0333333333,16,5,692,9,30,9,30,99,80,0
0,0,0,0,0,0,0,3,0,3,0,0,0,1
0,0,0,0,0,0,0,27,0,27,0,0,0,1
1,0,0,0,0,0,0,2,0,2,0,0,0,1
1,3,21.5238095238,1.8095238095,11,5,452,9,21,9,21,108,55,1
1,0,0,0,0,0,0,3,0,3,0,0,0,1
1,0,0,0,0,0,0,3,0,3,0,0,0,1
1,0,0,0,0,0,0,6,0,6,0,0,0,1
1,0,0,0,0,0,0,5,0,5,0,0,0,1
1,16.125,80.375,1.375,3,1,643,0,8,0,8,43,3,1
2,0,0,0,0,0,0,9,0,9,0,0,0,1
0,0,0,0,0,0,0,0,0,0,0,0,0,1
1,5.8055555556,34.9444444444,1.25,19,1,1258,29,36,29,36,249,19,0
1,0,0,0,0,0,0,4,0,4,0,0,0,1
1,0,0,0,0,0,0,20,0,20,0,0,0,1
0,0,0,0,0,0,0,0,0,0,0,0,0,1
0,2,5,1.5,0,1,30,1,6,1,6,12,0,1
0,1,5,1.5,0,6,30,0,6,0,6,6,0,1
0,3.5,23,1.375,1,8,184,0,8,0,8,32,8,1
0,3,21.25,1.5,1,1,85,4,4,4,4,17,1,1
2,0,0,0,0,0,0,2,0,2,0,0,0,1
0,0,0,0,0,0,0,2,0,2,0,0,0,1
2,3.3333333333,18.6666666667,1.6666666667,5,1,56,1,3,1,3,22,5,1
2,0,0,0,0,0,0,6,0,6,0,0,0,1
0,2.5,11.5,1,0,1,23,1,2,1,2,4,0,1
0,1,6.6666666667,2.6666666667,1,3,20,0,3,0,3,4,3,1
0,1.6666666667,17.3333333333,2.6666666667,2,3,52,0,3,0,3,6,6,1
0,2.5,11.5,1,0,1,23,1,2,1,2,4,0,1
0,2.5,11.5,1,0,1,23,1,2,1,2,4,0,1
0,1.6666666667,17.3333333333,2.6666666667,2,3,52,0,3,0,3,6,6,1
0,1,9,1,0,2,18,0,2,0,2,2,0,1
0,4,25,1,0,2,50,0,2,0,2,2,0,1
0,1.5,7,1,0,1,14,1,2,1,2,4,0,1
0,2.5,14,1,0,1,28,1,2,1,2,4,0,1
0,2,22,1,0,2,44,1,2,1,2,3,0,1
0,1,9,1,0,2,18,0,2,0,2,2,0,1
0,1.6666666667,17.3333333333,2.6666666667,2,3,52,0,3,0,3,6,6,1
0,1,9,1,0,2,18,0,2,0,2,2,0,1
0,2.5,10.5,1,2,1,21,1,2,1,2,7,2,1
0,1.6666666667,17.3333333333,2.6666666667,2,3,52,0,3,0,3,6,6,1
0,0,0,0,0,0,0,0,0,0,0,0,0,1
1,4.3636363636,27.9545454545,1.7272727273,11,4,615,14,22,14,22,95,44,1
1,1.6875,6.9375,1.8125,4,14,111,0,16,0,16,23,56,1
11,0,0,0,0,0,0,13,0,13,0,0,0,1
13,0,0,0,0,0,0,3,0,3,0,0,0,1
3,0,0,0,0,0,0,3,0,3,0,0,0,1
2,0,0,0,0,0,0,5,0,5,0,0,0,1
14,0,0,0,0,0,0,5,0,5,0,0,0,1
0,0,0,0,0,0,0,2,0,2,0,0,0,1
2,0,0,0,0,0,0,11,0,11,0,0,0,1
14,0,0,0,0,0,0,3,0,3,0,0,0,1
5,0,0,0,0,0,0,9,0,9,0,0,0,1
0,0,0,0,0,0,0,2,0,2,0,0,0,1
0,0,0,0,0,0,0,3,0,3,0,0,0,1
0,0,0,0,0,0,0,3,0,3,0,0,0,1
0,0,0,0,0,0,0,6,0,6,0,0,0,1
1,0,0,0,0,0,0,18,0,18,0,0,0,1
0,0,0,0,0,0,0,1,0,1,0,0,0,1
0,6.8461538462,54.9230769231,2.0769230769,4,20,1428,18,26,18,26,273,80,0
1,0,0,0,0,0,0,85,0,85,0,0,0,1
