0,0,0,0,0,0,0,1,0,1,0,0,0,1
58,10.4705882353,60.8235294118,1.6470588235,39,14,2068,50,34,50,34,323,546,0
1,0,0,0,0,0,0,3,0,3,0,0,0,1
0,7.4,53.4,2.4,14,4,267,2,5,2,5,50,56,1
0,8,45.125,1.5,18,4,361,3,8,3,8,74,72,0
0,19.3333333333,101.6666666667,1.3333333333,15,3,305,1,3,1,3,47,45,1
0,8.8461538462,45.8461538462,2,19,5,596,4,13,4,13,113,95,0
1,12,60.75,2.25,10,2,243,3,4,3,4,48,20,1
0,20,113,1.3333333333,14,2,339,7,3,7,3,65,28,1
0,21.2666666667,115.4666666667,2.2,35,4,1732,31,15,31,15,277,140,0
0,14.25,64,1.25,5,2,256,0,4,0,4,36,10,1
0,23,144.3333333333,1.3333333333,14,2,433,5,3,5,3,53,28,1
0,9.6666666667,57.3333333333,1.3333333333,10,3,172,1,3,1,3,41,30,1
8,23.5714285714,145.2857142857,1.5714285714,45,4,1017,9,7,9,7,111,180,0
0,6,51,0,11,1,51,0,1,0,1,16,11,1
0,6,68,2,3,1,68,0,1,0,1,8,3,1
0,4,30,2,1,1,30,0,1,0,1,2,1,1
1,3.5,19,2.5,3,1,38,1,2,1,2,9,3,1
1,1.6,11,1.4,8,1,55,1,5,0,5,31,8,1
18,1.6,7,1.84,20,14,175,7,25,3,24,71,280,0
5,1.65,6.6,0.85,6,5,132,2,20,0,20,65,30,1
3,1.7333333333,9.2,0.7333333333,6,4,138,1,15,0,15,43,24,1
0,1.375,4.7083333333,0.5,4,3,113,10,24,0,24,71,12,1
0,1.8,12.2,2,7,4,61,3,5,0,5,22,28,1
1,1.3333333333,11.3333333333,1.6666666667,6,3,34,2,3,0,3,15,18,1
1,1.25,8.75,1.5,6,3,35,4,4,0,4,17,18,1
0,1.6,9,1.6,7,3,45,2,5,0,5,26,21,1
2,1.3157894737,5.1578947368,1.9473684211,3,19,98,3,19,3,19,27,57,1
13,1.2727272727,6.3636363636,0.4090909091,3,1,140,13,22,4,22,72,3,1
0,1.2,6.3,0.9,2,4,63,4,10,1,10,28,8,1
1,1.5454545455,5.6363636364,0.3636363636,0,4,62,1,11,0,11,19,0,1
0,1.6,8.6,1.4,6,3,43,1,5,0,5,21,18,1
4,1.0714285714,4.3571428571,1,5,3,61,2,14,0,14,43,15,1
1,1,2.75,0.25,0,3,22,1,8,0,8,14,0,1
1,1.375,6.5,0.625,4,4,52,3,8,0,8,20,16,1
0,1,3.6666666667,0.3333333333,0,3,11,1,3,0,3,4,0,1
0,1.8,10.2,1.6,7,3,51,2,5,0,5,26,21,1
0,1.5,7.25,0.5,6,2,29,2,4,0,4,14,12,1
13,1.5,5.625,0.625,2,4,45,24,8,20,6,24,8,1
3,5.4,28,0.4,4,1,140,2,5,0,5,31,4,1
0,1.6,10,2,5,3,50,4,5,0,5,29,15,1
0,1.75,8.25,0.5,3,1,33,2,4,0,4,14,3,1
0,1.6,9.4,1.6,7,2,47,2,5,0,5,26,14,1
1,1.1666666667,4.8333333333,0.3333333333,1,2,29,1,6,0,6,13,2,1
1,1.2105263158,5.2631578947,0.5263157895,3,3,100,7,19,0,19,60,9,1
1,1,1,1,0,2,2,0,2,0,2,2,0,1
1,1,3.4,0.6,0,3,17,2,5,0,5,9,0,1
1,1,2.75,0.25,0,3,22,1,8,0,8,14,0,1
27,1.4705882353,7,0.4117647059,3,4,119,14,17,7,16,55,12,1
4,1.6666666667,7.6666666667,0.7777777778,8,4,69,60,9,56,9,31,32,1
0,1.6666666667,8.6666666667,0.6666666667,6,2,26,1,3,0,3,11,12,1
1,2.1666666667,9.1666666667,0.6666666667,2,5,55,2,6,0,6,14,10,1
0,1.5,8.5,0.5,7,3,34,1,4,0,3,14,21,1
0,2.1428571429,12.7142857143,1.7142857143,9,3,89,5,7,0,6,47,27,1
0,1.5,8.25,0.75,6,1,33,1,4,0,4,16,6,1
2,3.3333333333,14.6666666667,0.3333333333,5,1,44,4,3,1,3,27,5,1
1,4,17.64,0.72,4,1,441,10,25,0,22,108,4,1
1,1.5,5,0.5,1,3,20,8,4,6,4,9,3,1
1,1.1111111111,3.8888888889,0.3333333333,0,1,35,1,9,1,9,18,0,1
0,5.2222222222,37.2222222222,0.7777777778,5,2,335,7,9,0,6,49,10,1
0,4,24.75,1.5,2,1,99,3,4,0,3,19,2,1
0,1,4,0.2857142857,1,3,28,2,7,0,7,14,3,1
0,1,1,0.5,0,2,2,0,2,0,2,2,0,1
0,6,39,0.5,1,1,78,1,2,0,2,5,1,1
7,1.3636363636,4.5454545455,0.2727272727,1,4,50,1,11,1,11,23,4,1
1,1.9,7.2,1.3,2,5,72,2,10,2,8,37,10,1
0,0,0,0,0,0,0,2,0,2,0,0,0,1
2,23,157.625,4,26,1,1261,0,8,0,8,97,26,1
1,0,0,0,0,0,0,7,0,7,0,0,0,1
0,2.6666666667,24.3333333333,1,2,3,73,1,3,1,3,5,6,1
1,2.6666666667,19,1,1,2,57,1,3,1,3,5,2,1
0,5.3333333333,42,4.1666666667,11,4,252,1,6,1,6,50,44,1
1,0,0,0,0,0,0,3,0,3,0,0,0,1
1,7.25,76,1.5,15,1,304,1,4,1,4,47,15,1
1,6,38,2.2,15,1,190,1,5,1,5,47,15,1
0,0,0,0,0,0,0,2,0,2,0,0,0,1
0,3,20.6,1.7333333333,12,1,309,4,15,4,15,98,12,1
1,0,0,0,0,0,0,3,0,3,0,0,0,1
0,8.6086956522,77.3043478261,2.652173913,42,5,1778,5,23,5,23,425,210,0
1,0,0,0,0,0,0,7,0,7,0,0,0,1
1,0,0,0,0,0,0,4,0,4,0,0,0,1
1,0,0,0,0,0,0,8,0,8,0,0,0,1
1,0,0,0,0,0,0,4,0,4,0,0,0,1
1,0,0,0,0,0,0,2,0,2,0,0,0,1
1,0,0,0,0,0,0,5,0,5,0,0,0,1
0,0,0,0,0,0,0,0,0,0,0,0,0,1
0,0,0,0,0,0,0,5,0,5,0,0,0,1
2,7.1551724138,34.6551724138,1.775862069,15,29,2010,0,58,0,58,288,435,0
1,0,0,0,0,0,0,6,0,6,0,0,0,1
1,0,0,0,0,0,0,7,0,7,0,0,0,1
1,0,0,0,0,0,0,6,0,6,0,0,0,1
1,0,0,0,0,0,0,6,0,6,0,0,0,1
1,0,0,0,0,0,0,5,0,5,0,0,0,1
1,0,0,0,0,0,0,6,0,6,0,0,0,1
1,0,0,0,0,0,0,6,0,6,0,0,0,1
1,0,0,0,0,0,0,1,0,1,0,0,0,1
1,0,0,0,0,0,0,6,0,6,0,0,0,1
1,0,0,0,0,0,0,9,0,9,0,0,0,1
1,0,0,0,0,0,0,7,0,7,0,0,0,1
4,7.1025641026,36.7564102564,1.8974358974,17,32,2867,0,78,0,78,405,544,0
1,0,0,0,0,0,0,6,0,6,0,0,0,1
1,0,0,0,0,0,0,6,0,6,0,0,0,1
1,0,0,0,0,0,0,2,0,2,0,0,0,1
1,0,0,0,0,0,0,7,0,7,0,0,0,1
1,0,0,0,0,0,0,6,0,6,0,0,0,1
1,0,0,0,0,0,0,6,0,6,0,0,0,1
1,0,0,0,0,0,0,14,0,14,0,0,0,1
1,0,0,0,0,0,0,7,0,7,0,0,0,1
5,3.3518518519,18.3703703704,4.0925925926,31,50,1984,4,108,4,108,578,1550,0
1,0,0,0,0,0,0,9,0,9,0,0,0,1
1,0,0,0,0,0,0,5,0,5,0,0,0,1
1,0,0,0,0,0,0,5,0,5,0,0,0,1
1,0,0,0,0,0,0,5,0,5,0,0,0,1
2,0,0,0,0,0,0,6,0,6,0,0,0,1
1,0,0,0,0,0,0,5,0,5,0,0,0,1
4,0,0,0,0,0,0,5,0,5,0,0,0,1
3,0,0,0,0,0,0,5,0,5,0,0,0,1
1,0,0,0,0,0,0,5,0,5,0,0,0,1
1,0,0,0,0,0,0,5,0,5,0,0,0,1
1,0,0,0,0,0,0,5,0,5,0,0,0,1
1,0,0,0,0,0,0,5,0,5,0,0,0,1
1,0,0,0,0,0,0,5,0,5,0,0,0,1
1,0,0,0,0,0,0,5,0,5,0,0,0,1
1,0,0,0,0,0,0,5,0,5,0,0,0,1
1,0,0,0,0,0,0,5,0,5,0,0,0,1
1,0,0,0,0,0,0,5,0,5,0,0,0,1
1,0,0,0,0,0,0,5,0,5,0,0,0,1
1,0,0,0,0,0,0,5,0,5,0,0,0,1
2,0,0,0,0,0,0,11,0,11,0,0,0,1
2,0,0,0,0,0,0,6,0,6,0,0,0,1
1,0,0,0,0,0,0,4,0,4,0,0,0,1
1,0,0,0,0,0,0,5,0,5,0,0,0,1
1,0,0,0,0,0,0,2,0,2,0,0,0,1
1,0,0,0,0,0,0,2,0,2,0,0,0,1
2,0,0,0,0,0,0,4,0,4,0,0,0,1
2,0,0,0,0,0,0,3,0,3,0,0,0,1
0,0,0,0,0,0,0,6,0,6,0,0,0,1
0,0,0,0,0,0,0,6,0,6,0,0,0,1
2,5.4897959184,26.1224489796,1.5510204082,10,32,1280,0,49,0,49,176,320,0
1,0,0,0,0,0,0,7,0,7,0,0,0,1
1,0,0,0,0,0,0,11,0,11,0,0,0,1
1,0,0,0,0,0,0,7,0,7,0,0,0,1
0,5.4166666667,28.5,2.5833333333,21,5,342,8,12,8,12,91,105,0
1,7,39.8333333333,1.6666666667,11,1,239,3,6,3,6,67,11,1
1,0,0,0,0,0,0,5,0,5,0,0,0,1
0,3,22,2,6,2,44,2,2,2,2,9,12,1
0,1.8571428571,11.4285714286,3.2857142857,8,7,80,9,7,9,7,17,56,1
0,0,0,0,0,0,0,1,0,1,0,0,0,1
115,4,19.9090909091,2.6363636364,12,9,219,13,11,13,11,38,108,1
0,2.25,11.5,3.125,10,8,92,9,8,9,8,23,80,1
0,6,32,2.25,5,2,128,2,4,2,4,13,10,1
0,2.25,11.5,3.125,9,8,92,9,8,9,8,22,72,1
0,0,0,0,0,0,0,0,0,0,0,0,0,1
0,1,1,1,0,1,1,0,1,0,1,1,0,1
0,0,0,0,0,0,0,0,0,0,0,0,0,1
1,4.7857142857,28.8571428571,2.1428571429,5,4,404,0,14,0,14,85,20,1
1,0,0,0,0,0,0,5,0,5,0,0,0,1
1,0,0,0,0,0,0,6,0,6,0,0,0,1
11,3.4637681159,18.0724637681,2.4637681159,44,16,1247,8,69,8,69,383,704,0
4,0,0,0,0,0,0,6,0,6,0,0,0,1
0,0,0,0,0,0,0,14,0,14,0,0,0,1
1,4.2727272727,57.5454545455,2.8181818182,35,2,633,6,11,6,11,173,70,0
2,0,0,0,0,0,0,6,0,6,0,0,0,1
0,2.4285714286,12.8571428571,3.1428571429,11,7,90,9,7,9,7,23,77,1
0,2.4285714286,12.8571428571,3.1428571429,9,7,90,9,7,9,7,21,63,1
65,3.2,17.7,3.2,14,8,177,9,10,9,10,45,112,1
0,4.6666666667,39,2,9,3,117,4,3,4,3,19,27,1
0,3,21.625,3.875,8,2,173,9,8,9,8,56,16,1
0,1,59.3333333333,2.3333333333,0,3,178,0,3,0,3,3,0,1
0,2,26.5,3,5,2,53,2,2,2,2,12,10,1
0,9,36.6666666667,2,7,1,110,5,3,5,3,18,7,1
1,1.8888888889,21.3333333333,2.2962962963,3,1,576,6,27,6,27,110,3,1
1,0,0,0,0,0,0,3,0,3,0,0,0,1
1,0,0,0,0,0,0,3,0,3,0,0,0,1
1,3,31.6153846154,3.8461538462,9,1,411,6,13,6,13,144,9,1
0,5.5,41,2.5,7,1,82,1,2,1,2,14,7,1
1,8.625,87.625,1.625,24,1,701,6,8,6,8,84,24,0
0,0,0,0,0,0,0,1,0,1,0,0,0,1
0,10.2857142857,54.2857142857,2.5714285714,23,1,380,3,7,3,7,72,23,0
1,0,0,0,0,0,0,5,0,5,0,0,0,1
1,0,0,0,0,0,0,2,0,2,0,0,0,1
1,15,87.6666666667,9.6666666667,15,1,263,0,3,0,3,55,15,1
0,2.5,17.5,1,4,1,35,1,2,1,2,14,4,1
0,1,1,0,0,1,1,0,1,0,1,1,0,1
0,0,0,0,0,0,0,0,0,0,0,0,0,1
0,0,0,0,0,0,0,0,0,0,0,0,0,1
0,1,1,0,0,1,1,0,1,0,1,1,0,1
0,0,0,0,0,0,0,0,0,0,0,0,0,1
0,0,0,0,0,0,0,0,0,0,0,0,0,1
0,0,0,0,0,0,0,0,0,0,0,0,0,1
0,0,0,0,0,0,0,0,0,0,0,0,0,1
0,0,0,0,0,0,0,0,0,0,0,0,0,1
0,0,0,0,0,0,0,0,0,0,0,0,0,1
0,0,0,0,0,0,0,0,0,0,0,0,0,1
0,1,1,1,0,2,2,0,2,0,2,2,0,1
0,0,0,0,0,0,0,0,0,0,0,0,0,1
0,0,0,0,0,0,0,0,0,0,0,0,0,1
91,2.9090909091,13.5454545455,1.5454545455,3,9,149,2,11,2,11,39,27,1
0,0,0,0,0,0,0,0,0,0,0,0,0,1
0,1,1,1,0,1,1,0,1,0,1,1,0,1
0,0,0,0,0,0,0,0,0,0,0,0,0,1
51,4.24,20.52,2.36,3,18,513,4,25,4,25,53,54,1
0,0,0,0,0,0,0,4,0,4,0,0,0,1
0,1,1,1,0,3,3,3,3,3,3,3,0,1
0,1,1,1,0,64,64,0,64,0,64,64,0,1
4,0,0,0,0,0,0,4,0,4,0,0,0,1
2,0,0,0,0,0,0,5,0,5,0,0,0,1
1,0,0,0,0,0,0,6,0,6,0,0,0,1
258,0,0,0,0,0,0,2,0,2,0,0,0,1
0,1,1,1.0434782609,0,23,23,0,23,0,23,23,0,1
2,0,0,0,0,0,0,4,0,4,0,0,0,1
32,1,1,1,0,139,139,5,139,5,139,139,0,1
2,0,0,0,0,0,0,6,0,6,0,0,0,1
2,0,0,0,0,0,0,3,0,3,0,0,0,1
17,0,0,0,0,0,0,3,0,3,0,0,0,1
5,0,0,0,0,0,0,3,0,3,0,0,0,1
0,0,0,0,0,0,0,2,0,2,0,0,0,1
28,0,0,0,0,0,0,10,0,10,0,0,0,1
1,0,0,0,0,0,0,17,0,17,0,0,0,1
3,0,0,0,0,0,0,3,0,3,0,0,0,1
5,0,0,0,0,0,0,4,0,4,0,0,0,1
1,0,0,0,0,0,0,3,0,3,0,0,0,1
2,0,0,0,0,0,0,8,0,8,0,0,0,1
2,0,0,0,0,0,0,2,0,2,0,0,0,1
1,0,0,0,0,0,0,3,0,3,0,0,0,1
1,0,0,0,0,0,0,4,0,4,0,0,0,1
0,0,0,0,0,0,0,11,0,11,0,0,0,1
0,0,0,0,0,0,0,4,0,4,0,0,0,1
0,0,0,0,0,0,0,3,0,3,0,0,0,1
0,0,0,0,0,0,0,2,0,2,0,0,0,1
0,0,0,0,0,0,0,2,0,2,0,0,0,1
0,0,0,0,0,0,0,0,0,0,0,0,0,1
0,0,0,0,0,0,0,0,0,0,0,0,0,1
0,1,1,1,0,1,1,1,1,1,1,1,0,1
19,1,1,1,0,3,3,2,3,2,3,3,0,1
59,1,1.53125,1.09375,4,32,49,28,32,28,32,38,128,0
1,0,0,0,0,0,0,5,0,5,0,0,0,1
1,0,0,0,0,0,0,2,0,2,0,0,0,1
1,0,0,0,0,0,0,10,0,10,0,0,0,1
7,1,1,1,0,28,28,1,28,1,28,28,0,1
98,1,1,1,0,8,8,10,8,10,8,8,0,1
0,0,0,0,0,0,0,0,0,0,0,0,0,1
7,1,18.6666666667,2.5555555556,5,9,168,0,9,0,9,23,45,1
7,1,1,1,0,1,1,6,1,6,1,1,0,1
11,1,1,2,0,2,2,1,2,1,2,2,0,1
0,1,1,1,0,19,19,0,19,0,19,19,0,1
1,0,0,0,0,0,0,2,0,2,0,0,0,1
3,0,0,0,0,0,0,4,0,4,0,0,0,1
1,0,0,0,0,0,0,6,0,6,0,0,0,1
1,0,0,0,0,0,0,6,0,6,0,0,0,1
5,0,0,0,0,0,0,15,0,15,0,0,0,1
2,0,0,0,0,0,0,9,0,9,0,0,0,1
1,0,0,0,0,0,0,10,0,10,0,0,0,1
1,0,0,0,0,0,0,8,0,8,0,0,0,1
1,0,0,0,0,0,0,8,0,8,0,0,0,1
137,1,1,1,0,2,2,13,2,13,2,2,0,1
0,1,1,1,0,17,17,0,17,0,17,17,0,1
3,0,0,0,0,0,0,2,0,2,0,0,0,1
18,1,16.4375,1.53125,7,32,526,0,32,0,32,72,224,0
1,0,0,0,0,0,0,8,0,8,0,0,0,1
2,0,0,0,0,0,0,3,0,3,0,0,0,1
0,1,1,1,0,3,3,0,3,0,3,3,0,1
0,0,0,0,0,0,0,1,0,1,0,0,0,1
0,1,1,1,0,3,3,0,3,0,3,3,0,1
0,1,1,1,0,1,1,0,1,0,1,1,0,1
0,1,1,1,0,4,4,0,4,0,4,4,0,1
0,0,0,0,0,0,0,3,0,3,0,0,0,1
2,1,31,2.6666666667,5,3,93,2,3,2,3,33,15,1
2,0,0,0,0,0,0,3,0,3,0,0,0,1
2,0,0,0,0,0,0,3,0,3,0,0,0,1
2,0,0,0,0,0,0,8,0,8,0,0,0,1
17,2.2941176471,56.6470588235,2.4705882353,17,6,963,3,17,3,17,107,102,0
3,0,0,0,0,0,0,4,0,4,0,0,0,1
2,1,1,2.1621621622,0,259,259,0,259,0,259,259,0,1
1,0,0,0,0,0,0,4,0,4,0,0,0,1
0,0,0,0,0,0,0,0,0,0,0,0,0,1
9,2.3,19.1,2.6,7,6,191,4,10,4,10,38,42,1
46,6.9090909091,40.3181818182,2.2272727273,11,2,887,0,22,0,22,204,22,0
0,0,0,0,0,0,0,5,0,5,0,0,0,1
0,5,36.5,1.5,9,2,73,0,2,0,2,19,18,1
46,5.1052631579,27.2105263158,2.4210526316,8,2,517,1,19,1,19,128,16,1
1,0,0,0,0,0,0,4,0,4,0,0,0,1
0,0,0,0,0,0,0,2,0,2,0,0,0,1
0,8.6666666667,44,1.3333333333,8,2,132,0,3,0,3,20,16,1
0,8,45,2,0,1,45,0,1,0,1,1,0,1
64,3.5416666667,24.8333333333,1.875,9,11,596,0,24,0,24,156,99,1
1,1,1,1,0,13,13,5,13,5,13,13,0,1
0,0,0,0,0,0,0,3,0,3,0,0,0,1
7,0,0,0,0,0,0,10,0,10,0,0,0,1
15,2.8108108108,18.8378378378,2.1891891892,9,16,697,10,37,10,37,156,144,0
208,2.8857142857,17.7714285714,2.2857142857,6,1,622,1,35,1,35,149,6,1
0,1,71,1,1,1,71,0,1,0,1,2,1,1
0,2.5,18.5,4,3,2,37,0,2,0,2,11,6,1
0,4,19,2,2,2,38,0,2,0,2,7,4,1
0,21,212,2,8,1,212,0,1,0,1,16,8,1
1,6.5,35,3.5,8,1,70,0,2,0,2,19,8,1
30,6,34,1.7142857143,3,7,238,0,7,0,7,30,21,1
2,1,5.75,4.5,0,4,23,0,4,0,4,4,0,1
4,13,91,2,5,3,273,0,3,0,3,20,15,1
0,47,254,2,9,1,254,0,1,0,1,30,9,1
1,6,45.5,2,4,1,91,0,2,0,2,10,4,1
7,2,7.2857142857,1.4285714286,2,7,51,0,7,0,7,14,14,1
0,4,26.3333333333,1.3333333333,7,2,79,0,3,0,3,17,14,1
5,4,39,3.6666666667,8,3,117,0,3,0,3,30,24,1
24,8.7407407407,52.1296296296,3.3148148148,13,4,2815,0,54,0,54,332,52,0
16,3.5,21.75,2.25,7,3,87,0,4,0,4,20,21,1
13,3.8571428571,23.7142857143,1.5714285714,6,6,166,0,7,0,7,23,36,1
1,2,11,3,1,2,22,0,2,0,2,3,2,1
116,1.4705882353,6.4705882353,1.5294117647,3,17,110,67,17,67,17,30,51,1
9,0,0,0,0,0,0,7,0,7,0,0,0,1
4,0,0,0,0,0,0,2,0,2,0,0,0,1
5,0,0,0,0,0,0,26,0,26,0,0,0,1
1,0,0,0,0,0,0,10,0,10,0,0,0,1
0,0,0,0,0,0,0,19,0,19,0,0,0,1
0,0,0,0,0,0,0,7,0,7,0,0,0,1
1,0,0,0,0,0,0,3,0,3,0,0,0,1
0,0,0,0,0,0,0,13,0,13,0,0,0,1
0,0,0,0,0,0,0,1,0,1,0,0,0,1
0,0,0,0,0,0,0,19,0,19,0,0,0,1
0,15.5,82.7,1.7,22,3,827,0,10,0,10,129,66,1
2,24.6,121.4,3,10,2,607,17,5,17,5,57,20,1
5,1.25,8.25,1.75,2,4,33,0,4,0,4,10,8,1
23,5.9,48.7,2.1,13,4,487,0,10,0,10,87,52,0
40,33.8,166.8,3,15,2,834,1,5,1,5,92,30,1
21,14.5,100.5,3,7,2,201,3,2,3,2,20,14,1
6,5.2608695652,39.1304347826,2.3913043478,11,11,900,1,23,1,23,123,121,1
1,0,0,0,0,0,0,4,0,4,0,0,0,1
0,0,0,0,0,0,0,1,0,1,0,0,0,1
2,6.25,38.75,4.25,10,2,155,0,4,0,4,36,20,1
0,2,15.5,3,3,1,31,0,2,0,2,7,3,1
3,5,28,2.75,7,3,112,0,4,0,4,25,21,1
19,9.5454545455,63.4545454545,3.2727272727,31,6,1396,0,22,0,22,207,186,0
2,2,22,3,3,2,44,0,2,0,2,10,6,1
2,5,26,2.4,8,4,130,0,5,0,5,22,32,1
1,1,1,1,0,1,1,2,1,2,1,1,0,1
2,8.7142857143,47.4285714286,2.4285714286,12,3,332,0,7,0,7,38,36,1
0,12.6666666667,59.3333333333,1.6666666667,3,2,178,60,3,60,3,18,6,1
0,6.7777777778,40.7222222222,1.8333333333,33,9,733,1,18,1,18,117,297,0
7,10.6666666667,56,2.5,13,4,336,1,6,1,6,50,52,1
1,0,0,0,0,0,0,2,0,2,0,0,0,1
0,2,28.5,5.5,5,2,57,0,2,0,2,19,10,1
36,8.4705882353,43.5588235294,1.7647058824,9,6,1481,1,34,1,34,169,54,0
0,15,89,2,3,1,89,0,1,0,1,16,3,1
4,3.6666666667,15.9583333333,1.4166666667,4,18,383,2,24,2,24,56,72,1
9,3.5384615385,33.3076923077,2.5384615385,5,8,433,1,13,1,13,54,40,1
2,11.6666666667,59,4,11,2,177,0,3,0,3,36,22,1
4,2.3333333333,22,3.6666666667,7,1,66,0,3,0,3,25,7,1
14,4.125,38.625,1,1,8,309,0,8,0,8,9,8,1
0,0,0,0,0,0,0,8,0,8,0,0,0,1
1,3.8,33.4,1.6,1,5,167,1,5,1,5,31,5,1
1,0,0,0,0,0,0,6,0,6,0,0,0,1
0,2.6666666667,18.6666666667,2.5555555556,5,9,168,0,9,0,9,23,45,1
4,1.6,10.2,1,4,5,51,0,5,0,5,13,20,1
34,5.1153846154,31.3076923077,1.8461538462,7,13,814,4,26,4,26,68,91,0
0,0,0,0,0,0,0,3,0,3,0,0,0,1
0,0,0,0,0,0,0,2,0,2,0,0,0,1
0,0,0,0,0,0,0,1,0,1,0,0,0,1
1,0,0,0,0,0,0,3,0,3,0,0,0,1
0,0,0,0,0,0,0,0,0,0,0,0,0,1
0,8.8372093023,43.7441860465,2.4651162791,17,43,1881,0,43,0,43,350,731,0
6,0,0,0,0,0,0,2,0,2,0,0,0,1
2,0,0,0,0,0,0,6,0,6,0,0,0,1
1,0,0,0,0,0,0,6,0,6,0,0,0,1
24,6.3240740741,51,2.3425925926,22,24,5508,8,108,8,108,1224,528,0
0,0,0,0,0,0,0,3,0,3,0,0,0,1
0,0,0,0,0,0,0,3,0,3,0,0,0,1
0,0,0,0,0,0,0,2,0,2,0,0,0,1
0,0,0,0,0,0,0,5,0,5,0,0,0,1
1,0,0,0,0,0,0,6,0,6,0,0,0,1
0,0,0,0,0,0,0,2,0,2,0,0,0,1
0,0,0,0,0,0,0,2,0,2,0,0,0,1
2,0,0,0,0,0,0,11,0,11,0,0,0,1
0,0,0,0,0,0,0,2,0,2,0,0,0,1
0,0,0,0,0,0,0,2,0,2,0,0,0,1
0,0,0,0,0,0,0,2,0,2,0,0,0,1
2,0,0,0,0,0,0,4,0,4,0,0,0,1
2,0,0,0,0,0,0,8,0,8,0,0,0,1
2,0,0,0,0,0,0,7,0,7,0,0,0,1
0,0,0,0,0,0,0,5,0,5,0,0,0,1
0,0,0,0,0,0,0,2,0,2,0,0,0,1
2,0,0,0,0,0,0,5,0,5,0,0,0,1
2,0,0,0,0,0,0,16,0,16,0,0,0,1
0,0,0,0,0,0,0,2,0,2,0,0,0,1
3,0,0,0,0,0,0,13,0,13,0,0,0,1
2,0,0,0,0,0,0,4,0,4,0,0,0,1
1,0,0,0,0,0,0,3,0,3,0,0,0,1
2,0,0,0,0,0,0,28,0,28,0,0,0,1
0,4,25,2,1,1,25,0,1,0,1,6,1,1
0,13,62.3333333333,1.3333333333,6,2,187,0,3,0,3,30,12,1
2,4.1111111111,21.2222222222,1.4444444444,2,8,191,0,9,0,9,17,16,1
3,0,0,0,0,0,0,2,0,2,0,0,0,1
0,13,136,2,4,1,136,0,1,0,1,18,4,1
0,10,95,2,4,1,95,0,1,0,1,19,4,1
0,11,105,2,4,1,105,0,1,0,1,19,4,1
0,11,139,2,4,1,139,0,1,0,1,19,4,1
0,11,107,2,4,1,107,0,1,0,1,19,4,1
0,9,107,2,5,1,107,1,1,1,1,23,5,1
8,3.2727272727,16.0909090909,2,3,18,531,5,33,5,33,110,54,0
0,0,0,0,0,0,0,5,0,5,0,0,0,1
0,0,0,0,0,0,0,2,0,2,0,0,0,1
0,0,0,0,0,0,0,2,0,2,0,0,0,1
0,12.3,83.45,1.85,12,2,1669,34,20,34,20,186,24,0
0,0,0,0,0,0,0,2,0,2,0,0,0,1
1,0,0,0,0,0,0,3,0,3,0,0,0,1
1,0,0,0,0,0,0,4,0,4,0,0,0,1
1,0,0,0,0,0,0,4,0,4,0,0,0,1
1,0,0,0,0,0,0,3,0,3,0,0,0,1
1,0,0,0,0,0,0,2,0,2,0,0,0,1
1,0,0,0,0,0,0,2,0,2,0,0,0,1
0,5.7368421053,32.5789473684,2.2105263158,4,11,619,2,19,2,19,83,44,1
1,0,0,0,0,0,0,11,0,11,0,0,0,1
0,0,0,0,0,0,0,10,0,10,0,0,0,1
0,0,0,0,0,0,0,19,0,19,0,0,0,1
1,10.2857142857,59.2857142857,3.1428571429,6,5,415,0,7,0,7,44,30,1
0,9.0571428571,47.4,2.4857142857,16,13,1659,4,35,4,35,254,208,0
1,0,0,0,0,0,0,2,0,2,0,0,0,1
1,0,0,0,0,0,0,3,0,3,0,0,0,1
1,0,0,0,0,0,0,2,0,2,0,0,0,1
1,0,0,0,0,0,0,5,0,5,0,0,0,1
1,0,0,0,0,0,0,3,0,3,0,0,0,1
1,0,0,0,0,0,0,6,0,6,0,0,0,1
1,0,0,0,0,0,0,7,0,7,0,0,0,1
0,0,0,0,0,0,0,3,0,3,0,0,0,1
0,0,0,0,0,0,0,2,0,2,0,0,0,1
0,0,0,0,0,0,0,14,0,14,0,0,0,1
1,0,0,0,0,0,0,2,0,2,0,0,0,1
1,0,0,0,0,0,0,3,0,3,0,0,0,1
1,0,0,0,0,0,0,7,0,7,0,0,0,1
1,0,0,0,0,0,0,5,0,5,0,0,0,1
1,2,9,1.5,2,2,18,1,2,1,2,7,4,1
1,0,0,0,0,0,0,2,0,2,0,0,0,1
2,4.8333333333,31.1666666667,2.1666666667,6,9,374,2,12,2,12,65,54,1
1,0,0,0,0,0,0,3,0,3,0,0,0,1
1,0,0,0,0,0,0,2,0,2,0,0,0,1
1,0,0,0,0,0,0,9,0,9,0,0,0,1
1,1.1666666667,4.8333333333,1.1666666667,1,6,29,0,6,0,6,7,6,1
5,18.5,91.5,3.5,1,1,183,2,2,2,2,9,1,1
1,14,92,2,3,1,92,0,1,0,1,6,3,1
9,10,122,2,6,1,122,0,1,0,1,11,6,1
0,7,42,3,2,1,84,4,2,4,2,7,2,1
0,12,59,1,1,1,59,0,1,0,1,3,1,1
0,17,167,3,2,1,167,0,1,0,1,6,2,1
0,1.3333333333,11,2,2,3,33,0,3,0,3,5,6,1
0,1,4,1,0,2,8,0,2,0,2,2,0,1
4,2,32.5,1.8333333333,2,2,195,0,6,0,6,17,4,1
0,4,10,3,1,1,10,0,1,0,1,4,1,1
1,3.6,32.4,2.4,7,6,324,2,10,2,10,47,42,1
0,0,0,0,0,0,0,5,0,5,0,0,0,1
5,10,77,2,3,1,77,0,1,0,1,7,3,1
0,5,56,2,5,1,56,2,1,2,1,10,5,1
0,4,31,2,3,1,31,2,1,2,1,6,3,1
0,0,0,0,0,0,0,0,0,0,0,0,0,1
0,5,47,1,2,1,47,0,1,0,1,7,2,1
3,8.625,53.375,2.875,2,7,427,1,8,1,8,19,14,1
0,3.7142857143,14.8571428571,1.4285714286,3,4,104,0,7,0,7,20,12,1
0,4.2857142857,15.5714285714,1.5714285714,4,4,109,2,7,2,7,22,16,1
57,5.4444444444,35.6666666667,2.8888888889,10,15,642,1,18,1,18,76,150,0
0,0,0,0,0,0,0,4,0,4,0,0,0,1
0,8.25,72.75,2.25,5,2,291,1,4,1,4,20,10,1
0,0,0,0,0,0,0,2,0,2,0,0,0,1
0,6.375,51.375,2.125,8,4,411,0,8,0,8,44,32,1
2,8.25,55.25,2.75,7,4,221,1,4,1,4,28,28,1
4,16.5,96.25,2.25,17,2,385,4,4,4,4,35,34,1
0,0,0,0,0,0,0,10,0,10,0,0,0,1
0,2,27.25,2,8,3,109,0,4,0,4,31,24,1
0,10.5,47.5,3,4,1,95,0,2,0,2,8,4,1
10,1,84.9655172414,2.724137931,37,8,2464,0,29,0,29,290,296,0
3,0,0,0,0,0,0,3,0,3,0,0,0,1
4,0,0,0,0,0,0,7,0,7,0,0,0,1
0,0,0,0,0,0,0,2,0,2,0,0,0,1
4,0,0,0,0,0,0,5,0,5,0,0,0,1
2,0,0,0,0,0,0,3,0,3,0,0,0,1
2,0,0,0,0,0,0,4,0,4,0,0,0,1
3,0,0,0,0,0,0,11,0,11,0,0,0,1
5,0,0,0,0,0,0,3,0,3,0,0,0,1
3,0,0,0,0,0,0,5,0,5,0,0,0,1
6,0,0,0,0,0,0,3,0,3,0,0,0,1
0,0,0,0,0,0,0,5,0,5,0,0,0,1
0,0,0,0,0,0,0,11,0,11,0,0,0,1
2,1,15,2,4,1,15,0,1,0,1,5,4,1
0,9.2857142857,65.2857142857,2.4285714286,7,2,457,0,7,0,7,50,14,1
1,2.4545454545,31.2727272727,2.1818181818,11,1,344,0,11,0,11,94,11,1
0,17,115,3.25,9,3,460,0,4,0,4,51,27,1
0,3.625,26.625,2.375,8,3,213,0,8,0,8,54,24,1
1,18.6666666667,149,3,18,1,447,2,3,2,3,52,18,1
2,5.5,52.5,2,7,2,105,0,2,0,2,15,14,1
12,5.1428571429,46.1428571429,3.5714285714,13,4,323,0,7,0,7,49,52,1
19,23.7058823529,142.5294117647,5.5294117647,43,7,2423,4,17,4,17,281,301,0
1,0,0,0,0,0,0,2,0,2,0,0,0,1
1,0,0,0,0,0,0,2,0,2,0,0,0,1
6,25.0952380952,127.2857142857,2.3333333333,32,4,2673,3,21,3,21,214,128,0
71,8.96,46.96,2.4,22,8,1174,19,25,19,25,234,176,0
1,0,0,0,0,0,0,2,0,2,0,0,0,1
7,18.4,128.6,4.2,30,3,643,0,5,0,5,102,90,0
0,1,435,2,8,1,435,0,1,0,1,13,8,1
0,27,175,2,18,1,175,0,1,0,1,33,18,1
0,2,42,2,8,1,42,0,1,0,1,11,8,1
0,1,523,2,6,1,523,0,1,0,1,11,6,1
0,3,43,2,12,1,43,0,1,0,1,16,12,1
0,16,104,2,10,1,104,0,1,0,1,25,10,1
0,23.75,370.25,4.75,12,4,1481,0,4,0,4,43,48,1
0,2,38,2,12,1,38,0,1,0,1,17,12,1
8,5.5,35.5,4.25,10,1,142,0,4,0,4,33,10,1
0,1,1,1,0,1,1,4,1,4,1,1,0,1
0,0,0,0,0,0,0,2,0,2,0,0,0,1
0,0,0,0,0,0,0,4,0,4,0,0,0,1
28,8.4166666667,41.375,1.8333333333,22,10,993,3,24,3,24,187,220,0
1,0,0,0,0,0,0,2,0,2,0,0,0,1
89,4.6818181818,25.9090909091,2.3181818182,11,3,570,3,22,3,22,118,33,0
2,0,0,0,0,0,0,1,0,1,0,0,0,1
5,4.9285714286,39.7142857143,2.2142857143,21,5,556,2,14,2,14,130,105,1
0,7.3,39,2.2,17,8,390,2,10,2,10,71,136,0
1,6,45.5,4,9,2,91,0,2,0,2,23,18,1
0,0,0,0,0,0,0,0,0,0,0,0,0,1
2,0,0,0,0,0,0,6,0,6,0,0,0,1
9,0,0,0,0,0,0,11,0,11,0,0,0,1
6,0,0,0,0,0,0,17,0,17,0,0,0,1
3,0,0,0,0,0,0,2,0,2,0,0,0,1
3,0,0,0,0,0,0,3,0,3,0,0,0,1
2,0,0,0,0,0,0,2,0,2,0,0,0,1
19,0,0,0,0,0,0,39,0,39,0,0,0,1
2,0,0,0,0,0,0,4,0,4,0,0,0,1
2,0,0,0,0,0,0,6,0,6,0,0,0,1
3,0,0,0,0,0,0,3,0,3,0,0,0,1
2,0,0,0,0,0,0,2,0,2,0,0,0,1
1,0,0,0,0,0,0,5,0,5,0,0,0,1
0,0,0,0,0,0,0,0,0,0,0,0,0,1
0,5.0714285714,45.3928571429,2.9642857143,20,10,1271,0,28,0,28,224,200,0
16,2.9166666667,29.4166666667,2.1666666667,14,2,353,0,12,0,12,87,28,1
1,0,0,0,0,0,0,2,0,2,0,0,0,1
0,10,72.5,2.5,8,2,145,0,2,0,2,26,16,1
0,2,11,2,0,1,11,0,1,0,1,1,0,1
57,9,67.4,3,10,3,337,0,5,0,5,39,30,1
0,1.4078947368,45.9473684211,2.8815789474,47,76,3492,24,76,24,76,434,3572,0
0,3,25,1,4,1,25,0,1,0,1,5,4,1
5,0,0,0,0,0,0,13,0,13,0,0,0,1
0,0,0,0,0,0,0,0,0,0,0,0,0,1
3,0,0,0,0,0,0,4,0,4,0,0,0,1
0,0,0,0,0,0,0,5,0,5,0,0,0,1
0,1,1,1,0,1,1,7,1,7,1,1,0,1
11,0,0,0,0,0,0,2,0,2,0,0,0,1
5,0,0,0,0,0,0,5,0,5,0,0,0,1
4,0,0,0,0,0,0,5,0,5,0,0,0,1
14,0,0,0,0,0,0,30,0,30,0,0,0,1
0,0,0,0,0,0,0,1,0,1,0,0,0,1
10,0,0,0,0,0,0,9,0,9,0,0,0,1
0,6.1666666667,72.5416666667,2.25,42,2,1741,7,24,7,24,314,84,0
1,0,0,0,0,0,0,5,0,5,0,0,0,1
1,0,0,0,0,0,0,4,0,4,0,0,0,1
1,0,0,0,0,0,0,5,0,5,0,0,0,1
1,0,0,0,0,0,0,2,0,2,0,0,0,1
1,0,0,0,0,0,0,2,0,2,0,0,0,1
0,1.2857142857,17.5714285714,1.8571428571,10,1,123,2,7,2,7,61,10,1
12,1,55.5161290323,2.4516129032,47,24,1721,19,31,19,31,271,1128,0
0,6.5277777778,42.3055555556,3,37,1,1523,3,36,3,36,425,37,0
1,0,0,0,0,0,0,7,0,7,0,0,0,1
1,0,0,0,0,0,0,4,0,4,0,0,0,1
0,0,0,0,0,0,0,1,0,1,0,0,0,1
1,0,0,0,0,0,0,4,0,4,0,0,0,1
22,8.2666666667,50.5333333333,2.8666666667,10,6,758,5,15,5,15,94,60,0
0,0,0,0,0,0,0,2,0,2,0,0,0,1
0,0,0,0,0,0,0,0,0,0,0,0,0,1
2,0,0,0,0,0,0,2,0,2,0,0,0,1
12,0,0,0,0,0,0,23,0,23,0,0,0,1
3,0,0,0,0,0,0,4,0,4,0,0,0,1
5,0,0,0,0,0,0,9,0,9,0,0,0,1
0,0,0,0,0,0,0,4,0,4,0,0,0,1
0,0,0,0,0,0,0,2,0,2,0,0,0,1
4,7,46,6,7,1,46,0,1,0,1,10,7,1
0,11,54,6,2,1,54,0,1,0,1,5,2,1
4,1.2222222222,63.4444444444,4.1111111111,19,9,571,0,9,0,9,109,171,0
1,0,0,0,0,0,0,4,0,4,0,0,0,1
0,1,71.4,4.4,10,5,357,0,5,0,5,47,50,1
1,10.875,98.375,5.5,19,1,787,0,8,0,8,117,19,0
0,6.5,101.75,5.5,11,1,814,0,8,0,8,66,11,0
8,3.625,39.3125,3.5,23,5,629,0,16,0,16,127,115,0
0,0,0,0,0,0,0,4,0,4,0,0,0,1
0,7.125,50.875,3.375,17,6,407,0,8,0,8,60,102,0
3,10.6875,61.1875,2.625,10,12,979,0,16,0,16,74,120,0
0,7.1176470588,65.6470588235,3.2352941176,10,9,1116,0,17,0,17,115,90,0
4,0,0,0,0,0,0,2,0,2,0,0,0,1
2,0,0,0,0,0,0,8,0,8,0,0,0,1
1,1,43,7,3,1,43,0,1,0,1,5,3,1
0,3.5,36,6.5,3,2,72,0,2,0,2,6,6,1
2,2.2857142857,43.4285714286,1.5714285714,22,3,304,10,7,10,7,69,66,1
0,0,0,0,0,0,0,2,0,2,0,0,0,1
0,0,0,0,0,0,0,2,0,2,0,0,0,1
0,0,0,0,0,0,0,2,0,2,0,0,0,1
0,4.5714285714,48.8571428571,1.5714285714,25,4,342,13,7,13,7,84,100,0
0,0,0,0,0,0,0,2,0,2,0,0,0,1
0,0,0,0,0,0,0,2,0,2,0,0,0,1
0,0,0,0,0,0,0,2,0,2,0,0,0,1
0,5,46.8235294118,2.1764705882,34,4,796,22,17,22,17,192,136,0
1,0,0,0,0,0,0,1,0,1,0,0,0,1
0,0,0,0,0,0,0,2,0,2,0,0,0,1
0,0,0,0,0,0,0,2,0,2,0,0,0,1
0,0,0,0,0,0,0,2,0,2,0,0,0,1
0,0,0,0,0,0,0,2,0,2,0,0,0,1
0,0,0,0,0,0,0,2,0,2,0,0,0,1
1,0,0,0,0,0,0,3,0,3,0,0,0,1
1,0,0,0,0,0,0,2,0,2,0,0,0,1
1,1,30,3,4,1,30,0,1,0,1,6,4,1
0,3,28,2,3,2,56,0,2,0,2,7,6,1
17,5,42.298245614,2.701754386,50,49,2411,28,57,28,57,372,2450,0
0,8.6666666667,64.0555555556,2.6111111111,29,3,1153,29,18,29,18,279,87,0
1,0,0,0,0,0,0,2,0,2,0,0,0,1
1,0,0,0,0,0,0,8,0,8,0,0,0,1
3,0,0,0,0,0,0,2,0,2,0,0,0,1
0,8.3846153846,68.6923076923,2.6153846154,21,3,893,26,13,26,13,165,63,0
17,7.3409090909,77.1363636364,3.0909090909,59,30,3394,2,44,2,44,407,1770,0
6,0,0,0,0,0,0,11,0,11,0,0,0,1
3,0,0,0,0,0,0,7,0,7,0,0,0,1
4,0,0,0,0,0,0,7,0,7,0,0,0,1
4,0,0,0,0,0,0,5,0,5,0,0,0,1
6,1,1,1,0,1,1,5,1,5,1,1,0,1
1,0,0,0,0,0,0,7,0,7,0,0,0,1
0,0,0,0,0,0,0,2,0,2,0,0,0,1
0,0,0,0,0,0,0,2,0,2,0,0,0,1
0,0,0,0,0,0,0,7,0,7,0,0,0,1
3,0,0,0,0,0,0,19,0,19,0,0,0,1
5,0,0,0,0,0,0,3,0,3,0,0,0,1
1,0,0,0,0,0,0,2,0,2,0,0,0,1
12,0,0,0,0,0,0,17,0,17,0,0,0,1
0,0,0,0,0,0,0,1,0,1,0,0,0,1
0,7.6,39.4,2.6,15,4,197,0,5,0,5,36,60,1
9,1.7857142857,118.5714285714,2.7857142857,32,7,1660,1,14,1,14,144,224,0
0,8,119,3.5,20,1,476,0,4,0,4,86,20,1
0,2.3333333333,24,2,7,6,144,0,6,0,6,33,42,1
2,0,0,0,0,0,0,3,0,3,0,0,0,1
7,5.5,65.25,3.5833333333,28,4,783,0,12,0,12,134,112,0
1,14.8571428571,75.7142857143,1.8571428571,11,5,530,3,7,3,7,50,55,0
9,1,44,1,7,1,44,17,1,17,1,10,7,1
0,11,73,3,7,1,73,0,1,0,1,14,7,1
3,0,0,0,0,0,0,1,0,1,0,0,0,1
4,0,0,0,0,0,0,6,0,6,0,0,0,1
15,0,0,0,0,0,0,6,0,6,0,0,0,1
14,0,0,0,0,0,0,44,0,44,0,0,0,1
5,0,0,0,0,0,0,12,0,12,0,0,0,1
5,0,0,0,0,0,0,19,0,19,0,0,0,1
1,14.4,90.6,3.7,26,1,906,2,10,2,10,180,26,0
1,0,0,0,0,0,0,2,0,2,0,0,0,1
0,8,107,2,13,1,107,0,1,0,1,24,13,1
0,7.8571428571,54.5714285714,3,20,1,382,1,7,1,7,95,20,1
0,7,107,2,18,1,107,0,1,0,1,32,18,1
6,1,1.2413793103,1.0689655172,4,29,36,11,29,11,29,33,116,1
0,5.6666666667,56.3333333333,2.3333333333,17,1,169,1,3,1,3,47,17,1
1,0,0,0,0,0,0,2,0,2,0,0,0,1
0,6.3333333333,58.3333333333,2.3333333333,19,1,175,1,3,1,3,50,19,1
1,0,0,0,0,0,0,2,0,2,0,0,0,1
21,15,125,2.5,21,1,250,5,2,5,2,58,21,1
0,0,0,0,0,0,0,5,0,5,0,0,0,1
0,8,102,2.5,17,1,204,0,2,0,2,40,17,1
0,1,319,2,5,1,319,0,1,0,1,6,5,1
0,0,0,0,0,0,0,0,0,0,0,0,0,1
4,0,0,0,0,0,0,8,0,8,0,0,0,1
5,0,0,0,0,0,0,8,0,8,0,0,0,1
1,0,0,0,0,0,0,2,0,2,0,0,0,1
0,0,0,0,0,0,0,24,0,24,0,0,0,1
4,0,0,0,0,0,0,2,0,2,0,0,0,1
2,0,0,0,0,0,0,6,0,6,0,0,0,1
5,0,0,0,0,0,0,6,0,6,0,0,0,1
0,1,136,2,5,1,136,0,1,0,1,6,5,1
0,1,141,2,5,1,141,0,1,0,1,6,5,1
6,4.7,44.45,2.05,41,13,889,3,20,3,20,158,533,0
0,1,291,2,5,1,291,1,1,1,1,6,5,1
0,6.5,59,1.8333333333,15,4,354,9,6,9,6,98,60,0
0,11.6666666667,222.3333333333,4.6666666667,21,2,667,0,3,0,3,69,42,1
0,1,530,2,8,1,530,0,1,0,1,10,8,1
6,3.3548387097,50.064516129,3.0967741935,40,6,1552,1,31,1,31,375,240,0
0,0,0,0,0,0,0,2,0,2,0,0,0,1
10,13.0454545455,66.0909090909,2.7272727273,46,22,1454,24,22,24,22,299,1012,0
2,16.75,99.75,3.75,27,5,798,1,8,1,8,92,135,0
1,4.0909090909,41.9090909091,2.1818181818,22,5,461,20,11,20,11,124,110,0
0,3,21.0666666667,2.2666666667,16,2,316,3,15,3,15,96,32,1
0,0,0,0,0,0,0,2,0,2,0,0,0,1
3,0,0,0,0,0,0,3,0,3,0,0,0,1
1,1,5,1,2,1,5,6,1,6,1,3,2,1
0,1,15.5,1.5,5,2,31,0,2,0,2,8,10,1
9,0,0,0,0,0,0,2,0,2,0,0,0,1
8,0,0,0,0,0,0,5,0,5,0,0,0,1
10,1,6,1,2,1,6,13,1,13,1,3,2,1
0,0,0,0,0,0,0,0,0,0,0,0,0,1
1,0,0,0,0,0,0,3,0,3,0,0,0,1
0,3.5,20.25,3,14,2,162,1,8,1,8,53,28,1
1,0,0,0,0,0,0,2,0,2,0,0,0,1
1,0,0,0,0,0,0,2,0,2,0,0,0,1
2,0,0,0,0,0,0,17,0,17,0,0,0,1
8,9,75,3,2,1,75,0,1,0,1,3,2,1
9,1,5,1,2,1,5,14,1,14,1,3,2,1
0,1,1,1,0,3,3,0,3,0,3,3,0,1
9,0,0,0,0,0,0,8,0,8,0,0,0,1
0,1,1,1,0,4,4,0,4,0,4,4,0,1
10,0,0,0,0,0,0,4,0,4,0,0,0,1
9,4,32,1,1,1,32,0,1,0,1,3,1,1
10,1,10,1,2,1,10,14,1,14,1,3,2,1
0,4.6,33.8,2.4,10,4,169,1,5,1,5,40,40,1
0,0,0,0,0,0,0,0,0,0,0,0,0,1
4,0,0,0,0,0,0,6,0,6,0,0,0,1
3,0,0,0,0,0,0,9,0,9,0,0,0,1
5,0,0,0,0,0,0,10,0,10,0,0,0,1
3,0,0,0,0,0,0,14,0,14,0,0,0,1
4,0,0,0,0,0,0,2,0,2,0,0,0,1
7,0,0,0,0,0,0,7,0,7,0,0,0,1
6,0,0,0,0,0,0,20,0,20,0,0,0,1
11,0,0,0,0,0,0,40,0,40,0,0,0,1
5,6.4285714286,150.4285714286,3.2857142857,36,4,1053,0,7,0,7,165,144,0
13,4.1363636364,68.3863636364,2.8181818182,51,30,3009,30,44,30,44,440,1530,0
24,8.5,88,1.5,2,1,176,6,2,6,2,11,2,1
1,2.8333333333,22,1.5,1,2,132,6,6,1,6,21,2,1
5,3.2352941176,54.7647058824,1.9411764706,26,3,931,0,17,0,17,208,78,0
2,0,0,0,0,0,0,5,0,5,0,0,0,1
3,0,0,0,0,0,0,3,0,3,0,0,0,1
0,3.4285714286,33.7857142857,2,11,10,473,1,14,1,14,67,110,1
6,1.3333333333,53.4444444444,3.2222222222,12,5,481,12,9,12,9,70,60,1
79,7,42.5581395349,2.2325581395,49,9,1830,4,43,4,43,347,441,0
0,9,125,2,16,1,125,0,1,0,1,32,16,1
4,7.2647058824,40.5588235294,2.2058823529,29,2,1379,13,34,13,34,394,58,0
1,0,0,0,0,0,0,2,0,2,0,0,0,1
1,0,0,0,0,0,0,3,0,3,0,0,0,1
1,0,0,0,0,0,0,7,0,7,0,0,0,1
1,0,0,0,0,0,0,2,0,2,0,0,0,1
18,4.2380952381,27.6428571429,2.8571428571,18,3,1161,3,42,3,42,356,54,0
134,11.9569892473,63.7634408602,2.3870967742,89,30,5930,78,93,78,93,1307,2670,0
1,0,0,0,0,0,0,14,0,14,0,0,0,1
1,0,0,0,0,0,0,5,0,5,0,0,0,1
1,0,0,0,0,0,0,2,0,2,0,0,0,1
1,0,0,0,0,0,0,3,0,3,0,0,0,1
1,0,0,0,0,0,0,2,0,2,0,0,0,1
1,0,0,0,0,0,0,2,0,2,0,0,0,1
0,0,0,0,0,0,0,2,0,2,0,0,0,1
0,0,0,0,0,0,0,6,0,6,0,0,0,1
1,0,0,0,0,0,0,3,0,3,0,0,0,1
0,0,0,0,0,0,0,2,0,2,0,0,0,1
3,20.3333333333,134.6666666667,2,15,2,404,0,3,0,3,44,30,1
0,1,131,2,6,1,131,0,1,0,1,8,6,1
8,6.9166666667,136.1666666667,5.4166666667,37,4,1634,0,12,0,12,230,148,0
0,3,46,2,5,1,46,0,1,0,1,6,5,1
0,4,54,2,9,1,54,0,1,0,1,12,9,1
0,25,141,2,11,1,141,0,1,0,1,16,11,1
0,5,64,2,12,1,64,0,1,0,1,17,12,1
0,2,14,2,5,1,14,0,1,0,1,6,5,1
0,11.0384615385,100.8076923077,3.6538461538,44,19,2621,0,26,0,26,312,836,0
0,14,84,2,14,1,84,0,1,0,1,23,14,1
0,2,49,2,12,1,49,0,1,0,1,18,12,1
2,4,23.5,4,5,2,47,0,2,0,2,14,10,1
1,20,125,2,5,1,125,1,1,1,1,14,5,1
6,1,18.5,4.5,5,2,37,0,2,0,2,19,10,1
141,2.6,17.2,1.4,3,3,86,1,5,1,5,19,9,1
4,21.6666666667,124,2.3333333333,27,2,372,0,3,0,3,66,54,1
0,19,116,2,15,1,116,0,1,0,1,20,15,1
0,20,119,2,15,1,119,0,1,0,1,25,15,1
0,1,14,2,2,1,14,0,1,0,1,3,2,1
0,2,52,2,10,1,52,0,1,0,1,14,10,1
0,20,119,2,12,1,119,0,1,0,1,16,12,1
0,3,58,2,12,1,58,0,1,0,1,17,12,1
0,7,46,2,10,1,46,0,1,0,1,14,10,1
0,8,54,2,9,1,54,0,1,0,1,21,9,1
0,28,164,2,16,1,164,0,1,0,1,27,16,1
0,3,56,2,15,1,56,0,1,0,1,21,15,1
6,2.75,28,5.25,10,1,112,0,4,0,4,36,10,1
0,0,0,0,0,0,0,0,0,0,0,0,0,1
2,0,0,0,0,0,0,5,0,5,0,0,0,1
0,0,0,0,0,0,0,6,0,6,0,0,0,1
39,8.6595744681,41.5957446809,2.4893617021,39,23,1955,28,47,28,47,321,897,0
0,20.6,110.6,1.4,29,2,553,4,5,4,5,105,58,1
1,30.9230769231,190.1538461538,2,41,2,2472,12,13,12,13,204,82,0
0,8.6666666667,55,2.3333333333,11,3,165,4,3,4,3,23,33,1
0,27.8,149.6,1.4,29,5,748,4,5,4,5,105,145,0
0,2,12,1,8,2,24,3,2,3,2,15,16,1
0,27.6666666667,158.8333333333,1.9166666667,45,9,1906,13,12,13,12,210,405,0
0,1,5,1,2,1,5,2,1,2,1,5,2,1
0,26.25,125.75,1.75,27,2,503,3,4,3,4,74,54,1
0,6.4285714286,30.4285714286,1.4285714286,13,3,213,11,7,11,7,75,39,1
0,6.5,61.3333333333,3,10,1,368,0,6,0,6,38,10,1
3,0,0,0,0,0,0,10,0,10,0,0,0,1
4,0,0,0,0,0,0,8,0,8,0,0,0,1
4,0,0,0,0,0,0,7,0,7,0,0,0,1
2,0,0,0,0,0,0,2,0,2,0,0,0,1
6,0,0,0,0,0,0,34,0,34,0,0,0,1
0,0,0,0,0,0,0,9,0,9,0,0,0,1
0,0,0,0,0,0,0,2,0,2,0,0,0,1
16,5.5365853659,44.8536585366,1.6097560976,31,4,1839,8,41,8,41,366,124,0
1,0,0,0,0,0,0,5,0,5,0,0,0,1
25,7.7352941176,49.5294117647,2.9411764706,30,24,1684,23,34,23,34,203,720,0
1,0,0,0,0,0,0,6,0,6,0,0,0,1
48,6.1666666667,36.9166666667,2.25,9,5,443,0,12,0,12,49,45,1
5,6.2857142857,31.6428571429,2.2142857143,19,4,443,1,14,1,14,119,76,1
1,0,0,0,0,0,0,2,0,2,0,0,0,1
10,4.1666666667,27.6666666667,2,14,5,166,4,6,4,6,70,70,1
26,9.3333333333,68.4666666667,1.5,27,3,2054,19,30,19,30,239,81,0
1,0,0,0,0,0,0,7,0,7,0,0,0,1
1,14.5,99,2,14,2,198,0,2,0,2,34,28,1
0,1,452,2,4,1,452,0,1,0,1,6,4,1
0,11,68,2,12,1,68,0,1,0,1,21,12,1
0,2,39,2,8,1,39,0,1,0,1,11,8,1
0,1,580,2,3,1,580,0,1,0,1,6,3,1
0,3,49,2,12,1,49,0,1,0,1,17,12,1
0,7,52,2,9,1,52,0,1,0,1,21,9,1
0,12.5,96.8333333333,3.3333333333,26,1,581,0,6,0,6,98,26,1
1,0,0,0,0,0,0,4,0,4,0,0,0,1
1,0,0,0,0,0,0,3,0,3,0,0,0,1
0,2,44,2,12,1,44,0,1,0,1,18,12,1
9,3,24,3.25,9,1,96,0,4,0,4,28,9,1
76,5.0714285714,39.5357142857,3.1428571429,17,10,1107,1,28,1,28,184,170,0
47,5.125,36.75,1.75,22,4,882,9,24,9,24,199,88,0
4,3.1666666667,31,3.3333333333,20,6,186,0,6,0,6,60,120,1
6,6.3,36.2,1.9,17,3,362,7,10,7,10,75,51,0
1,0,0,0,0,0,0,4,0,4,0,0,0,1
0,0,0,0,0,0,0,3,0,3,0,0,0,1
0,3,21,2,3,1,21,1,1,1,1,5,3,1
3,0,0,0,0,0,0,2,0,2,0,0,0,1
0,3,21,2,2,1,21,1,1,1,1,4,2,1
0,12.75,90,2.75,21,3,360,3,4,3,4,77,63,1
18,13,86.5,6,12,2,346,0,4,0,4,55,24,0
18,11.8823529412,78.8235294118,2.8235294118,20,8,1340,2,17,2,17,179,160,0
5,12.4210526316,54.5263157895,1.7368421053,3,5,1036,0,19,0,19,88,15,1
22,20.5714285714,130.2857142857,3.1428571429,20,1,912,0,7,0,7,92,20,0
29,3,41,3.3333333333,19,1,123,3,3,3,3,66,19,1
23,0,0,0,0,0,0,4,0,4,0,0,0,1
2,5.3333333333,16,2,5,1,48,1,3,1,3,22,5,1
5,12.125,66.5,5.875,19,2,532,2,8,2,8,85,38,0
0,12.125,66.375,5.625,16,4,531,2,8,2,8,74,64,0
63,4.1666666667,40.6666666667,1.1666666667,20,1,244,10,6,10,6,50,20,1
0,8,66.6666666667,1.8333333333,18,1,400,1,6,1,6,140,18,1
0,5.9,40,1.3,25,7,400,0,10,0,10,122,175,0
0,1,16,1.5,5,4,64,2,4,2,4,41,20,1
0,1.3333333333,20.6666666667,1.3333333333,6,5,124,2,6,2,6,50,30,1
0,17.6,157.8,1.8,30,4,789,1,5,1,5,165,120,0
1,0,0,0,0,0,0,4,0,4,0,0,0,1
0,1,18.6666666667,1.6666666667,3,3,56,0,3,0,3,40,9,1
3,9.1428571429,80.3571428571,2.6785714286,50,7,2250,6,28,6,28,443,350,0
1,0,0,0,0,0,0,14,0,14,0,0,0,1
0,4,42.1428571429,1.5714285714,13,7,295,1,7,1,7,105,91,1
1,1.5,18.75,1.25,4,4,75,4,4,4,4,39,16,1
0,3.3333333333,30.1666666667,1.6666666667,12,6,181,3,6,3,6,76,72,1
0,5.1666666667,103.5,1.6666666667,12,6,621,0,6,0,6,96,72,1
0,1,18.6666666667,1.6666666667,3,3,56,0,3,0,3,40,9,1
11,7.25,35.75,2.25,22,6,715,15,20,15,20,147,132,0
2,11.7142857143,77.7142857143,1.5714285714,11,1,544,3,7,3,7,69,11,0
1,0,0,0,0,0,0,2,0,2,0,0,0,1
0,0,0,0,0,0,0,5,0,5,0,0,0,1
4,6.2,37.1,3,17,7,371,5,10,5,10,76,119,0
4,27,139.4444444444,2.8888888889,19,4,1255,1,9,1,9,119,76,1
0,2,19,2.5,2,2,38,0,2,0,2,6,4,1
0,0,0,0,0,0,0,4,0,4,0,0,0,1
1,11.4,56,4,9,1,280,0,5,0,5,47,9,1
19,15.6,102.3,3.8,32,4,1023,0,10,0,10,138,128,0
0,21.3333333333,219.3333333333,4.6666666667,33,1,658,1,3,1,3,81,33,1
0,32,186,2,18,1,186,0,1,0,1,33,18,1
0,8,75,2,9,1,75,0,1,0,1,12,9,1
0,45.6666666667,250.6666666667,4.6666666667,29,2,752,1,3,1,3,80,58,1
0,10,84,2,16,1,84,0,1,0,1,26,16,1
0,8,56,2,10,1,56,0,1,0,1,15,10,1
0,17,106,2,11,1,106,0,1,0,1,26,11,1
0,1,181,2,4,1,181,0,1,0,1,5,4,1
0,9,81,2,16,1,81,0,1,0,1,26,16,1
7,4.25,27,4.25,9,1,108,0,4,0,4,30,9,1
4,25.6666666667,163,2,21,2,489,0,3,0,3,59,42,1
0,1,641,2,7,1,641,0,1,0,1,9,7,1
0,21,142,2,13,1,142,0,1,0,1,24,13,1
0,3,43,2,8,1,43,0,1,0,1,11,8,1
0,1,818,2,6,1,818,0,1,0,1,8,6,1
0,4,55,2,12,1,55,0,1,0,1,17,12,1
0,14,89,2,10,1,89,0,1,0,1,25,10,1
0,1,496,2,4,1,496,0,1,0,1,5,4,1
0,3,50,2,12,1,50,0,1,0,1,18,12,1
8,2.25,18.25,4.875,9,1,146,0,8,0,8,48,9,1
20,11.1428571429,62.7142857143,5,11,3,439,0,7,0,7,91,33,0
10,4.2666666667,32.7333333333,1.6,20,6,491,1,15,1,15,126,120,0
1,0,0,0,0,0,0,2,0,2,0,0,0,1
1,16.5,99.5,3.5,13,2,199,0,2,0,2,36,26,1
29,6.125,35.5833333333,2.1666666667,18,6,854,3,24,3,24,187,108,0
1,0,0,0,0,0,0,2,0,2,0,0,0,1
6,8.25,46,2.25,9,4,184,0,4,0,4,46,36,1
11,4.75,23.625,1.875,11,2,189,3,8,3,8,63,22,1
0,5.3333333333,61.6666666667,2.3333333333,19,1,185,1,3,1,3,48,19,1
1,0,0,0,0,0,0,2,0,2,0,0,0,1
5,1.3333333333,20.3333333333,1,9,3,61,0,3,0,3,26,27,1
0,3,41,2.5,10,2,82,0,2,0,2,15,20,1
0,10.5,57,2.5,11,2,114,0,2,0,2,14,22,1
0,4,34,2,7,1,34,0,1,0,1,8,7,1
2,1,69.6666666667,1.6666666667,12,3,209,0,3,0,3,27,36,1
1,5.3333333333,40.6666666667,5,10,1,122,0,3,0,3,35,10,1
1,8.8,48.6,2.8,14,2,243,0,5,0,5,57,28,1
1,3,16,1,2,1,16,1,1,1,1,4,2,1
0,1,1,3.4,0,20,20,0,20,0,20,20,0,1
0,0,0,0,0,0,0,2,0,2,0,0,0,1
0,0,0,0,0,0,0,2,0,2,0,0,0,1
9,11.625,66.625,2.625,27,2,533,2,8,2,8,87,54,0
3,3.4545454545,29.5454545455,3.0909090909,23,6,325,14,11,14,11,77,138,0
13,3.875,25.1875,2.625,11,6,403,8,16,8,16,124,66,1
1,0,0,0,0,0,0,3,0,3,0,0,0,1
1,0,0,0,0,0,0,2,0,2,0,0,0,1
1,5.6666666667,44.6666666667,5.6666666667,11,1,134,0,3,0,3,40,11,1
1,47,245,1,3,1,245,1,1,1,1,4,3,1
464,1,0.9875,1,0,80,79,236,80,236,80,80,0,0
23,8.2,63,2.8,12,4,315,0,5,0,5,43,48,1
0,1,126,2,4,1,126,0,1,0,1,5,4,1
0,16,97,2,10,1,97,0,1,0,1,17,10,1
0,20,129,2,8,1,129,0,1,0,1,14,8,1
31,12,64.64,2.28,32,6,1616,1,25,1,25,213,192,0
8,6.5,45,2.5,7,2,90,0,2,0,2,13,14,1
9,7,40.3333333333,2.6666666667,10,3,121,0,3,0,3,20,30,1
50,9.8947368421,64.7368421053,2.1052631579,15,9,1230,0,19,0,19,139,135,0
7,8.0909090909,41,1.5454545455,28,3,451,4,11,4,11,101,84,0
1,0,0,0,0,0,0,3,0,3,0,0,0,1
11,6.1666666667,58.3333333333,1.75,21,8,700,2,12,2,12,72,168,0
21,6.2,47.8666666667,3.9333333333,27,7,718,1,15,1,15,165,189,0
12,13.7619047619,87.7142857143,3.2857142857,29,1,1842,4,21,4,21,259,29,0
1,0,0,0,0,0,0,4,0,4,0,0,0,1
1,0,0,0,0,0,0,2,0,2,0,0,0,1
2,10,138,2,19,1,138,0,1,0,1,29,19,1
12,7.6142857143,44.4571428571,1.9142857143,11,5,3112,2,70,2,70,485,55,0
1,0,0,0,0,0,0,4,0,4,0,0,0,1
15,26,146.1666666667,5.6666666667,20,1,877,0,6,0,6,81,20,0
10,9.4516129032,57.8494623656,4.4516129032,32,47,5380,19,93,19,93,786,1504,0
115,4.95,37.35,5.3,21,18,747,19,20,19,20,145,378,0
1,0,0,0,0,0,0,5,0,5,0,0,0,1
1,0,0,0,0,0,0,12,0,12,0,0,0,1
1,0,0,0,0,0,0,2,0,2,0,0,0,1
1,0,0,0,0,0,0,2,0,2,0,0,0,1
8,4,27.9090909091,1.8181818182,7,3,307,1,11,1,11,55,21,1
2,39,188,2,26,2,376,0,2,0,2,52,52,1
0,4.5,81,3.2142857143,30,7,1134,0,14,0,14,116,210,1
0,19.4,475.6,5.2,35,4,2378,0,5,0,5,100,140,0
0,32,207,2,18,1,207,0,1,0,1,36,18,1
0,10,97,2,10,1,97,0,1,0,1,16,10,1
0,18.4545454545,119.1818181818,3.7272727273,33,1,1311,0,11,0,11,130,33,1
0,3,45,2,9,1,45,0,1,0,1,12,9,1
0,10.6666666667,77.6666666667,4,13,1,233,0,3,0,3,36,13,1
0,39.25,238.75,3.5,33,1,955,0,4,0,4,122,33,1
0,14.3333333333,101.6666666667,2,21,1,305,0,3,0,3,50,21,1
0,14.8235294118,157.5294117647,3.2352941176,37,7,2678,0,17,0,17,284,259,0
0,2,39,2,9,1,39,0,1,0,1,13,9,1
19,4.6363636364,38.1818181818,7.8181818182,16,2,420,1,11,1,11,114,32,0
18,14.1818181818,69.1818181818,2.7272727273,8,3,761,8,11,8,11,61,24,0
0,0,0,0,0,0,0,1,0,1,0,0,0,1
0,3.8,29.8,1.6,6,3,149,1,5,1,5,28,18,1
1,1,20.6666666667,2,5,6,248,3,12,3,12,38,30,1
1,0,0,0,0,0,0,2,0,2,0,0,0,1
0,0,0,0,0,0,0,7,0,7,0,0,0,1
0,0,0,0,0,0,0,4,0,4,0,0,0,1
0,0,0,0,0,0,0,1,0,1,0,0,0,1
0,0,0,0,0,0,0,2,0,2,0,0,0,1
0,0,0,0,0,0,0,2,0,2,0,0,0,1
32,7.8,52.9,2,10,4,529,1,10,1,10,79,40,0
1,0,0,0,0,0,0,2,0,2,0,0,0,1
1,0,0,0,0,0,0,6,0,6,0,0,0,1
0,1,1,1.125,0,32,32,0,32,0,32,32,0,1
1,0,0,0,0,0,0,9,0,9,0,0,0,1
2,0,0,0,0,0,0,2,0,2,0,0,0,1
1,1,1,1,0,1,1,4,1,4,1,1,0,1
9,1,1,1,0,1,1,6,1,6,1,1,0,1
1,0,0,0,0,0,0,5,0,5,0,0,0,1
16,1,1,1,0,1,1,13,1,13,1,1,0,1
1,1,1,1,0,1,1,3,1,3,1,1,0,1
2,0,0,0,0,0,0,9,0,9,0,0,0,1
34,1,1,1,0,1,1,15,1,15,1,1,0,1
21,1,1,1,0,1,1,8,1,8,1,1,0,1
1,1,1,1,0,1,1,8,1,8,1,1,0,1
66,0,0,0,0,0,0,6,0,6,0,0,0,1
21,0,0,0,0,0,0,4,0,4,0,0,0,1
115,0,0,0,0,0,0,96,0,96,0,0,0,1
8,0,0,0,0,0,0,2,0,2,0,0,0,1
1,0,0,0,0,0,0,4,0,4,0,0,0,1
5,0,0,0,0,0,0,5,0,5,0,0,0,1
5,0,0,0,0,0,0,3,0,3,0,0,0,1
0,0,0,0,0,0,0,6,0,6,0,0,0,1
2,0,0,0,0,0,0,3,0,3,0,0,0,1
0,0,0,0,0,0,0,6,0,6,0,0,0,1
29,0,0,0,0,0,0,6,0,6,0,0,0,1
5,0,0,0,0,0,0,4,0,4,0,0,0,1
61,0,0,0,0,0,0,7,0,7,0,0,0,1
15,0,0,0,0,0,0,7,0,7,0,0,0,1
10,0,0,0,0,0,0,2,0,2,0,0,0,1
0,0,0,0,0,0,0,8,0,8,0,0,0,1
2,0,0,0,0,0,0,7,0,7,0,0,0,1
1,0,0,0,0,0,0,23,0,23,0,0,0,1
3,0,0,0,0,0,0,11,0,11,0,0,0,1
0,0,0,0,0,0,0,8,0,8,0,0,0,1
2,0,0,0,0,0,0,4,0,4,0,0,0,1
1,0,0,0,0,0,0,3,0,3,0,0,0,1
5,0,0,0,0,0,0,14,0,14,0,0,0,1
11,0,0,0,0,0,0,2,0,2,0,0,0,1
1,0,0,0,0,0,0,5,0,5,0,0,0,1
3,0,0,0,0,0,0,8,0,8,0,0,0,1
1,0,0,0,0,0,0,6,0,6,0,0,0,1
3,1,1,1,0,1,1,6,1,6,1,1,0,1
150,1,1,1,0,1,1,28,1,28,1,1,0,1
0,0,0,0,0,0,0,5,0,5,0,0,0,1
0,0,0,0,0,0,0,9,0,9,0,0,0,1
0,0,0,0,0,0,0,1,0,1,0,0,0,1
0,0,0,0,0,0,0,2,0,2,0,0,0,1
0,0,0,0,0,0,0,2,0,2,0,0,0,1
0,0,0,0,0,0,0,6,0,6,0,0,0,1
0,0,0,0,0,0,0,2,0,2,0,0,0,1
0,0,0,0,0,0,0,1,0,1,0,0,0,1
0,0,0,0,0,0,0,3,0,3,0,0,0,1
2,0,0,0,0,0,0,5,0,5,0,0,0,1
0,0,0,0,0,0,0,1,0,1,0,0,0,1
0,0,0,0,0,0,0,2,0,2,0,0,0,1
0,0,0,0,0,0,0,6,0,6,0,0,0,1
12,0,0,0,0,0,0,10,0,10,0,0,0,1
0,0,0,0,0,0,0,3,0,3,0,0,0,1
56,1,1,1,0,1,1,52,1,52,1,1,0,1
26,0,0,0,0,0,0,4,0,4,0,0,0,1
16,0,0,0,0,0,0,4,0,4,0,0,0,1
2,0,0,0,0,0,0,4,0,4,0,0,0,1
5,0,0,0,0,0,0,5,0,5,0,0,0,1
2,1,1,1,0,1,1,5,1,5,1,1,0,1
2,0,0,0,0,0,0,7,0,7,0,0,0,1
1,0,0,0,0,0,0,18,0,18,0,0,0,1
3,0,0,0,0,0,0,8,0,8,0,0,0,1
0,0,0,0,0,0,0,11,0,11,0,0,0,1
0,0,0,0,0,0,0,10,0,10,0,0,0,1
10,1,1,1,0,1,1,1,1,1,1,1,0,1
2,0,0,0,0,0,0,2,0,2,0,0,0,1
176,1,1,1.5,0,2,2,28,2,28,2,2,0,1
12,0,0,0,0,0,0,3,0,3,0,0,0,1
1,1,1,2,0,2,2,51,2,51,2,2,0,1
1,0,0,0,0,0,0,7,0,7,0,0,0,1
2,0,0,0,0,0,0,2,0,2,0,0,0,1
0,30.5,185,3.5,21,1,370,0,2,0,2,42,21,1
0,15,104.75,1.25,23,1,419,14,4,14,4,107,23,1
1,0,0,0,0,0,0,3,0,3,0,0,0,1
1,0,0,0,0,0,0,5,0,5,0,0,0,1
0,11,68,2.5,11,1,136,0,2,0,2,19,11,1
0,11.5,68,1.5,6,1,136,1,2,1,2,14,6,1
9,17.5384615385,88,2.0769230769,38,11,1144,3,13,3,13,117,418,0
0,0,0,0,0,0,0,33,0,33,0,0,0,1
0,9,69,2,7,1,69,0,1,0,1,11,7,1
2,7.75,44.4166666667,2.75,9,3,533,1,12,1,12,64,27,1
0,6,58,4,2,1,58,3,1,3,1,7,2,1
66,1,1,1,0,6,6,21,6,21,6,6,0,1
0,12,76,2,4,1,76,0,1,0,1,7,4,1
0,89,585,2,27,1,585,1,1,1,1,72,27,1
0,15.3333333333,78,1.3333333333,8,2,234,3,3,3,3,26,16,1
0,8.5,63,1.5,11,1,126,1,2,1,2,21,11,1
0,6.5,36.5,2,2,1,73,0,2,0,2,8,2,1
2,0,0,0,0,0,0,1,0,1,0,0,0,1
11,3,22,1.5,7,1,44,0,2,0,2,16,7,1
1,22.3611111111,141.5555555556,2.6666666667,95,1,5096,10,36,10,36,1022,95,0
1,0,0,0,0,0,0,2,0,2,0,0,0,1
1,0,0,0,0,0,0,10,0,10,0,0,0,1
1,0,0,0,0,0,0,47,0,47,0,0,0,1
1,0,0,0,0,0,0,6,0,6,0,0,0,1
1,0,0,0,0,0,0,2,0,2,0,0,0,1
1,0,0,0,0,0,0,2,0,2,0,0,0,1
1,0,0,0,0,0,0,2,0,2,0,0,0,1
1,0,0,0,0,0,0,11,0,11,0,0,0,1
8,4.5714285714,28.2857142857,2,15,9,396,1,14,1,14,85,135,0
1,0,0,0,0,0,0,2,0,2,0,0,0,1
0,2,25,2,4,1,25,0,1,0,1,6,4,1
0,1,53,2,1,1,53,0,1,0,1,2,1,1
0,2,28,2,8,1,28,0,1,0,1,9,8,1
0,3,43,2,7,1,43,0,1,0,1,10,7,1
0,1,26,2,8,1,26,0,1,0,1,10,8,1
29,5.1428571429,36.2857142857,2.4285714286,15,2,254,0,7,0,7,49,30,1
41,8.9166666667,59.25,4.25,14,8,711,0,12,0,12,123,112,0
0,4,19.7777777778,2.1111111111,3,2,178,3,9,3,9,39,6,1
1,0,0,0,0,0,0,3,0,3,0,0,0,1
1,0,0,0,0,0,0,3,0,3,0,0,0,1
0,15.4,74.6,4,17,2,373,0,5,0,5,53,34,1
0,10.75,65.5,1,15,2,262,20,4,20,4,65,30,1
0,23.5,135,6.75,23,3,540,0,4,0,4,87,69,1
17,3.5,19.5,1.75,9,7,156,7,8,7,8,31,63,1
0,0,0,0,0,0,0,2,0,2,0,0,0,1
0,18.6666666667,89.3333333333,4.6666666667,14,3,268,0,3,0,3,40,42,1
0,17.6666666667,86.3333333333,4,14,3,259,0,3,0,3,33,42,1
17,10.8181818182,64.0909090909,4.8181818182,24,2,705,24,11,24,11,168,48,0
0,22.5,125.25,7.25,20,2,501,1,4,1,4,82,40,1
0,24.25,137.75,8.5,22,2,551,1,4,1,4,90,44,1
0,22,152.2857142857,2.4285714286,14,2,1066,2,7,2,7,64,28,1
