1,5,41,4,5,1,41,0,1,0,1,8,5,1
0,1,1,2,0,24,24,0,24,0,24,24,0,1
11,0,0,0,0,0,0,7,0,7,0,0,0,1
3,1,54.5,3,0,1,109,0,2,0,2,3,0,1
5,15.5,109,4,8,1,218,0,2,0,2,15,8,1
2,2.5,16.5,4.5,7,1,33,0,2,0,2,11,7,1
0,12.5,88.5,3,2,2,177,0,2,0,2,5,4,1
7,2.2,12.4,1.6,4,3,62,0,5,0,5,21,12,1
2,5,39,2,1,1,39,0,1,0,1,2,1,1
1,4,23,2,0,1,23,0,1,0,1,1,0,1
1,1,5,1,0,1,5,0,1,0,1,1,0,1
2,5,23,1,1,1,23,0,1,0,1,2,1,1
0,7,36,1,2,1,36,0,1,0,1,3,2,1
5,1,5,1,1,1,5,0,1,0,1,2,1,1
1,11,70,4,15,1,140,1,2,1,2,24,15,1
1,0,0,0,0,0,0,2,0,2,0,0,0,1
12,1.6913580247,14.5185185185,1.6172839506,29,17,1176,6,81,6,81,474,493,0
5,6,72.5,2.75,1,2,290,0,4,0,4,7,2,1
1,10,77,4,8,1,77,0,1,0,1,12,8,1
0,8,53,5,10,1,53,0,1,0,1,14,10,1
5,5.4,45.6,4.6,8,1,228,1,5,1,5,40,8,1
0,2,9,1,0,1,9,0,1,0,1,1,0,1
2,1,11,2,1,2,22,0,2,0,2,4,2,1
0,8,84,2,11,1,84,0,1,0,1,16,11,1
0,15,65,3,2,1,65,0,1,0,1,3,2,1
4,5,43,4,4,1,43,0,1,0,1,6,4,1
5,4,20,1,1,1,20,0,1,0,1,2,1,1
8,1,1,1,0,13,13,5,13,5,13,13,0,1
0,7.5714285714,51,3.1428571429,9,5,357,3,7,3,7,63,45,1
1,0,0,0,0,0,0,9,0,9,0,0,0,1
0,1,1,4.5,0,2,2,2,2,2,2,2,0,1
0,1,18,1,4,2,36,0,2,0,2,8,8,1
0,1,12,1,0,1,12,2,1,2,1,1,0,1
3,1.2,11.7,3,1,3,117,6,10,6,10,24,3,1
0,5,34.6666666667,1.3333333333,5,1,104,0,3,0,3,10,5,1
0,1,18.5,3.5,0,2,37,1,2,1,2,2,0,1
2,1,49.5,3.5,0,2,99,2,2,2,2,2,0,1
1,2,61.5,4,0,1,369,6,6,6,6,17,0,1
0,7.5,49.5,3.5,1,2,99,0,2,0,2,3,2,1
0,1.3,3,1,4,20,60,1,20,1,20,26,80,1
0,6.6666666667,54,3.2222222222,2,9,486,10,9,10,9,12,18,1
146,1.1,2.5,1.7,0,10,25,1,10,1,10,10,0,1
0,1,1,1,0,6,6,8,6,8,6,6,0,1
0,1,1.0857142857,2,1,70,76,5,70,5,70,71,70,1
0,0,0,0,0,0,0,11,0,11,0,0,0,1
0,0,0,0,0,0,0,0,0,0,0,0,0,1
0,0,0,0,0,0,0,0,0,0,0,0,0,1
0,0,0,0,0,0,0,0,0,0,0,0,0,1
0,0,0,0,0,0,0,0,0,0,0,0,0,1
0,0,0,0,0,0,0,0,0,0,0,0,0,1
17,4.5972222222,29.4166666667,2.3472222222,43,38,2118,4,72,4,72,316,1634,0
1,1.1428571429,23.2857142857,3,7,1,163,0,7,0,7,30,7,1
0,1,49,2,6,1,49,0,1,0,1,23,6,1
0,640.15625,777.3125,2.375,18,3,24874,6,32,6,32,180,54,0
0,0,0,0,0,0,0,2,0,2,0,0,0,1
0,0,0,0,0,0,0,21,0,21,0,0,0,1
1,0,0,0,0,0,0,3,0,3,0,0,0,1
2,0,0,0,0,0,0,3,0,3,0,0,0,1
0,46.7272727273,92.5454545455,2.2727272727,8,6,1018,0,11,0,11,48,48,1
4,2.9375,24.4375,1.875,13,5,391,0,16,0,16,130,65,1
7,4.8301886792,27.1320754717,2.2264150943,28,33,1438,0,53,0,53,317,924,0
0,0,0,0,0,0,0,0,0,0,0,0,0,1
2,0,0,0,0,0,0,5,0,5,0,0,0,1
2,0,0,0,0,0,0,2,0,2,0,0,0,1
2,0,0,0,0,0,0,4,0,4,0,0,0,1
5,0,0,0,0,0,0,14,0,14,0,0,0,1
1,0,0,0,0,0,0,2,0,2,0,0,0,1
4,0,0,0,0,0,0,14,0,14,0,0,0,1
4,0,0,0,0,0,0,5,0,5,0,0,0,1
10,0,0,0,0,0,0,22,0,22,0,0,0,1
1,0,0,0,0,0,0,3,0,3,0,0,0,1
1,0,0,0,0,0,0,4,0,4,0,0,0,1
2,0,0,0,0,0,0,4,0,4,0,0,0,1
1,0,0,0,0,0,0,2,0,2,0,0,0,1
1,0,0,0,0,0,0,4,0,4,0,0,0,1
2,0,0,0,0,0,0,3,0,3,0,0,0,1
4,3.6666666667,22.1111111111,2.0555555556,12,1,398,4,18,4,18,135,12,1
3,1,43.8,1.8,4,2,219,2,5,2,5,60,8,1
9,1,1,1.3924050633,0,79,79,6,79,6,79,79,0,1
2,0,0,0,0,0,0,3,0,3,0,0,0,1
2,0,0,0,0,0,0,9,0,9,0,0,0,1
0,0,0,0,0,0,0,3,0,3,0,0,0,1
0,0,0,0,0,0,0,3,0,3,0,0,0,1
0,0,0,0,0,0,0,4,0,4,0,0,0,1
0,0,0,0,0,0,0,9,0,9,0,0,0,1
1,2.5714285714,9.2142857143,2.2857142857,8,7,129,8,14,8,14,41,56,1
0,3.6153846154,14.6153846154,2.6923076923,10,6,190,9,13,9,13,40,60,1
1,0,0,0,0,0,0,2,0,2,0,0,0,1
1,0,0,0,0,0,0,3,0,3,0,0,0,1
2,1,7,2,1,2,14,0,2,0,2,4,2,1
0,1,34,1.7142857143,4,4,238,5,7,5,7,23,16,1
1,0,0,0,0,0,0,2,0,2,0,0,0,1
0,3.52,18.24,2.12,12,6,456,6,25,6,25,124,72,1
1,0,0,0,0,0,0,2,0,2,0,0,0,1
1,0,0,0,0,0,0,1,0,1,0,0,0,1
1,0,0,0,0,0,0,3,0,3,0,0,0,1
0,0,0,0,0,0,0,0,0,0,0,0,0,1
0,0,0,0,0,0,0,29,0,29,0,0,0,1
0,1,1,1.1944444444,0,108,108,30,108,30,108,108,0,1
0,1,1,2,0,97,97,0,97,0,97,97,0,1
0,1,1,2.1034482759,0,29,29,1,29,1,29,29,0,1
0,0,0,0,0,0,0,8,0,8,0,0,0,1
0,0,0,0,0,0,0,6,0,6,0,0,0,1
0,0,0,0,0,0,0,2,0,2,0,0,0,1
2,1,1,2,0,3,3,1,3,1,3,3,0,1
0,0,0,0,0,0,0,5,0,5,0,0,0,1
0,1,1,1,0,24,24,1,24,1,24,24,0,1
0,1,1,1.4444444444,0,9,9,3,9,3,9,9,0,1
0,0,0,0,0,0,0,0,0,0,0,0,0,1
1,0,0,0,0,0,0,4,0,4,0,0,0,1
1,0,0,0,0,0,0,3,0,3,0,0,0,1
1,20.6666666667,71,1.6666666667,5,1,213,0,3,0,3,24,5,1
4,1.3333333333,6.3333333333,1.6666666667,3,2,19,0,3,0,3,8,6,1
0,27.8333333333,135.5,5.3333333333,9,1,813,0,6,0,6,59,9,1
1,0,0,0,0,0,0,13,0,13,0,0,0,1
21,8.4545454545,39.8181818182,1.7272727273,17,3,438,8,11,8,11,81,51,0
196,3.0666666667,34.1777777778,1.7111111111,62,23,1538,5,45,5,45,313,1426,0
0,1,1,1,0,3,3,3,3,3,3,3,0,1
6,0,0,0,0,0,0,8,0,8,0,0,0,1
3,0,0,0,0,0,0,2,0,2,0,0,0,1
0,0,0,0,0,0,0,0,0,0,0,0,0,1
1,0,0,0,0,0,0,5,0,5,0,0,0,1
6,0,0,0,0,0,0,21,0,21,0,0,0,1
0,7,24,1,1,1,24,0,1,0,1,6,1,1
0,36,130,4,3,1,130,0,1,0,1,4,3,1
0,0,0,0,0,0,0,0,0,0,0,0,0,1
1,0,0,0,0,0,0,1,0,1,0,0,0,1
0,0,0,0,0,0,0,0,0,0,0,0,0,1
260,16.2820512821,57.641025641,2.5128205128,22,8,2248,14,39,14,39,255,176,0
0,0,0,0,0,0,0,3,0,3,0,0,0,1
0,0,0,0,0,0,0,4,0,4,0,0,0,1
26,3.8,57.6,4,9,2,288,1,5,1,5,24,18,1
163,5.7222222222,27.0833333333,3.1666666667,20,16,975,4,36,4,36,227,320,0
0,0,0,0,0,0,0,2,0,2,0,0,0,1
1,0,0,0,0,0,0,17,0,17,0,0,0,1
1,0,0,0,0,0,0,14,0,14,0,0,0,1
1,0,0,0,0,0,0,2,0,2,0,0,0,1
1,0,0,0,0,0,0,2,0,2,0,0,0,1
1,0,0,0,0,0,0,3,0,3,0,0,0,1
1,0,0,0,0,0,0,4,0,4,0,0,0,1
1,0,0,0,0,0,0,6,0,6,0,0,0,1
1,0,0,0,0,0,0,2,0,2,0,0,0,1
1,0,0,0,0,0,0,2,0,2,0,0,0,1
1,0,0,0,0,0,0,15,0,15,0,0,0,1
0,0,0,0,0,0,0,10,0,10,0,0,0,1
0,0,0,0,0,0,0,2,0,2,0,0,0,1
0,0,0,0,0,0,0,3,0,3,0,0,0,1
0,1.8571428571,15.8571428571,1.7142857143,2,4,111,0,7,0,7,12,8,1
1,1.75,45.5,3.25,4,2,182,1,4,1,4,12,8,1
0,0,0,0,0,0,0,0,0,0,0,0,0,1
0,0,0,0,0,0,0,0,0,0,0,0,0,1
134,4.5,17.5,1,0,2,35,5,2,5,2,3,0,1
4,2.6666666667,26.7777777778,4.1111111111,5,2,241,3,9,3,9,28,10,1
11,4.8055555556,31.1111111111,3.1388888889,27,20,1120,4,36,4,36,157,540,0
2,0,0,0,0,0,0,11,0,11,0,0,0,1
3,2.2333333333,8.5333333333,1.9,8,20,256,23,30,23,30,87,160,1
0,0,0,0,0,0,0,2,0,2,0,0,0,1
0,0,0,0,0,0,0,2,0,2,0,0,0,1
4,0,0,0,0,0,0,5,0,5,0,0,0,1
4,0,0,0,0,0,0,4,0,4,0,0,0,1
7,0,0,0,0,0,0,14,0,14,0,0,0,1
5,0,0,0,0,0,0,2,0,2,0,0,0,1
3,0,0,0,0,0,0,2,0,2,0,0,0,1
0,0,0,0,0,0,0,4,0,4,0,0,0,1
11,1,39.42,1.4,33,43,1971,1,50,1,50,256,1419,0
2,0,0,0,0,0,0,7,0,7,0,0,0,1
0,0,0,0,0,0,0,11,0,11,0,0,0,1
0,1,1,2,0,1,1,1,1,1,1,1,0,1
57,5.8571428571,27.0714285714,2.4285714286,18,12,379,1,14,1,14,76,216,0
1,4.25,18.5,2.25,4,2,74,2,4,2,4,11,8,1
5,0,0,0,0,0,0,5,0,5,0,0,0,1
0,0,0,0,0,0,0,2,0,2,0,0,0,1
0,0,0,0,0,0,0,0,0,0,0,0,0,1
59,1,1,2,0,1,1,1,1,1,1,1,0,1
12,1,1,2,0,1,1,1,1,1,1,1,0,1
0,0,0,0,0,0,0,0,0,0,0,0,0,1
0,0,0,0,0,0,0,14,0,14,0,0,0,1
0,0,0,0,0,0,0,14,0,14,0,0,0,1
0,0,0,0,0,0,0,8,0,8,0,0,0,1
0,0,0,0,0,0,0,8,0,8,0,0,0,1
0,0,0,0,0,0,0,10,0,10,0,0,0,1
0,0,0,0,0,0,0,10,0,10,0,0,0,1
0,0,0,0,0,0,0,3,0,3,0,0,0,1
0,0,0,0,0,0,0,3,0,3,0,0,0,1
0,0,0,0,0,0,0,4,0,4,0,0,0,1
0,0,0,0,0,0,0,2,0,2,0,0,0,1
0,0,0,0,0,0,0,4,0,4,0,0,0,1
0,0,0,0,0,0,0,2,0,2,0,0,0,1
101,23,87.5454545455,3.0454545455,22,2,1926,3,22,3,22,190,44,0
0,0,0,0,0,0,0,0,0,0,0,0,0,1
0,0,0,0,0,0,0,2,0,2,0,0,0,1
0,0,0,0,0,0,0,14,0,14,0,0,0,1
0,0,0,0,0,0,0,0,0,0,0,0,0,1
0,0,0,0,0,0,0,9,0,9,0,0,0,1
0,0,0,0,0,0,0,17,0,17,0,0,0,1
0,1,1,1,0,7,7,1,7,1,7,7,0,1
0,3.6666666667,21.7619047619,2,16,16,457,1,21,1,21,97,256,1
0,0,0,0,0,0,0,0,0,0,0,0,0,1
171,2,10.9,1.3,3,7,109,0,10,0,10,17,21,1
0,1,1,2.3666666667,0,30,30,0,30,0,30,30,0,1
0,0,0,0,0,0,0,4,0,4,0,0,0,1
0,0,0,0,0,0,0,20,0,20,0,0,0,1
0,0,0,0,0,0,0,0,0,0,0,0,0,1
1,6.4,35.1466666667,4.16,24,58,2636,2,75,2,75,514,1392,0
1,0,0,0,0,0,0,3,0,3,0,0,0,1
1,0,0,0,0,0,0,3,0,3,0,0,0,1
2,0,0,0,0,0,0,4,0,4,0,0,0,1
0,4.7142857143,24,2.2857142857,8,1,168,0,7,0,7,32,8,1
0,1,1,2.3333333333,0,3,3,0,3,0,3,3,0,1
0,0,0,0,0,0,0,2,0,2,0,0,0,1
0,0,0,0,0,0,0,6,0,6,0,0,0,1
0,1,1,2.3333333333,0,3,3,0,3,0,3,3,0,1
29,2.231884058,28.5144927536,3.2028985507,39,61,3935,0,138,0,138,791,2379,0
14,0,0,0,0,0,0,43,0,43,0,0,0,1
0,0,0,0,0,0,0,5,0,5,0,0,0,1
2,0,0,0,0,0,0,2,0,2,0,0,0,1
0,0,0,0,0,0,0,5,0,5,0,0,0,1
3,0,0,0,0,0,0,2,0,2,0,0,0,1
2,0,0,0,0,0,0,2,0,2,0,0,0,1
0,7,54,2,4,1,54,0,1,0,1,7,4,1
0,5,48,2,5,1,48,0,1,0,1,6,5,1
0,5,39,2,4,1,39,0,1,0,1,6,4,1
0,6.5,45.5,6,4,2,91,0,2,0,2,10,8,1
0,1,51,2,3,1,51,0,1,0,1,13,3,1
3,1,32.1,1.95,0,20,642,0,20,0,20,20,0,1
1,1,35.8333333333,1.8333333333,7,7,430,0,12,0,12,85,49,1
0,7,24.2,2,7,7,242,0,10,0,10,69,49,1
8,8.5333333333,56.8666666667,4.4666666667,14,2,853,0,15,0,15,136,28,0
2,0,0,0,0,0,0,2,0,2,0,0,0,1
0,8.3333333333,42.5,3.5833333333,16,3,510,0,12,0,12,69,48,1
1,0,0,0,0,0,0,5,0,5,0,0,0,1
1,0,0,0,0,0,0,13,0,13,0,0,0,1
0,4.0625,30.875,2.5,10,5,494,1,16,1,16,100,50,1
1,0,0,0,0,0,0,24,0,24,0,0,0,1
0,0,0,0,0,0,0,0,0,0,0,0,0,1
5,1.0714285714,7.5714285714,2,6,14,106,0,14,0,14,44,84,1
13,0,0,0,0,0,0,8,0,8,0,0,0,1
0,2.1333333333,18,2.1333333333,7,2,270,0,15,0,15,100,14,1
2,0,0,0,0,0,0,6,0,6,0,0,0,1
2,0,0,0,0,0,0,2,0,2,0,0,0,1
6,1,8,1.6666666667,5,2,72,0,9,0,9,34,10,1
2,0,0,0,0,0,0,2,0,2,0,0,0,1
2,1.6666666667,13.8333333333,2,6,1,83,0,6,0,6,38,6,1
1,0,0,0,0,0,0,3,0,3,0,0,0,1
0,14,55,3,5,1,55,0,1,0,1,9,5,1
1,4.8571428571,75.1428571429,4,7,1,526,0,7,0,7,96,7,1
0,3,12,2,2,1,12,0,1,0,1,3,2,1
1,1,4.5,1.5,1,2,9,0,2,0,2,4,2,1
0,10.1875,88.4375,3.5625,12,3,1415,0,16,0,16,131,36,1
1,0,0,0,0,0,0,5,0,5,0,0,0,1
1,0,0,0,0,0,0,8,0,8,0,0,0,1
1,2.25,13.375,2,8,6,107,0,8,0,8,42,48,1
0,4,112,1,6,1,112,0,1,0,1,23,6,1
1,1,4,1,0,1,4,3,1,3,1,2,0,1
0,1,4,1,0,1,4,3,1,3,1,2,0,1
0,1,4,1,0,1,4,3,1,3,1,2,0,1
1,1,4,1,0,1,4,3,1,3,1,2,0,1
0,1,4,1,0,1,4,3,1,3,1,2,0,1
2,1,5.6666666667,9.3333333333,0,2,17,0,3,0,3,4,0,1
0,1,37,2.5,4,2,74,0,2,0,2,7,8,1
0,11.25,62.5,2.125,6,2,500,0,8,0,8,25,12,1
0,5,49,2,4,1,49,0,1,0,1,6,4,1
2,0,0,0,0,0,0,2,0,2,0,0,0,1
0,7.25,95.75,2.75,12,1,383,0,4,0,4,48,12,1
0,4,87,2,5,1,87,0,1,0,1,12,5,1
0,5,35,2,3,1,35,0,1,0,1,6,3,1
0,0,0,0,0,0,0,1,0,1,0,0,0,1
3,8,44,1,0,1,44,2,1,2,1,3,0,1
0,5,35,2,3,1,35,0,1,0,1,6,3,1
0,5,41,2,4,1,41,0,1,0,1,6,4,1
0,2.5,54,3.5,4,1,108,0,2,0,2,16,4,1
2,4.75,27.625,2.25,6,5,221,0,8,0,8,33,30,1
3,0,0,0,0,0,0,4,0,4,0,0,0,1
0,1,1,6.8571428571,0,7,7,0,7,0,7,7,0,1
0,37,270,2,5,1,270,0,1,0,1,11,5,1
1,1,64.3333333333,2.6666666667,11,2,193,0,3,0,3,24,22,1
0,0,0,0,0,0,0,0,0,0,0,0,0,1
0,0,0,0,0,0,0,0,0,0,0,0,0,1
0,0,0,0,0,0,0,0,0,0,0,0,0,1
0,1,9,2.25,3,4,36,1,4,1,4,10,12,1
0,1,7.1666666667,2.3333333333,2,6,43,2,6,2,6,14,12,1
0,1.4,11,2.6,5,6,110,4,10,4,10,28,30,1
0,2.6,17.4,2,7,2,87,2,5,2,5,28,14,1
0,2.8181818182,32.0909090909,2.2727272727,5,2,353,18,11,18,11,113,10,1
0,1.25,9.75,2.25,4,3,39,1,4,1,4,11,12,1
0,2.3,21.5,2.2,10,5,215,5,10,5,10,46,50,1
0,2.7777777778,30.1111111111,2.1111111111,11,6,542,12,18,12,18,104,66,1
2,1.5555555556,24.7222222222,2.2222222222,11,5,445,8,18,8,18,98,55,1
0,1.6,29,1.8,6,2,145,2,5,2,5,26,12,1
0,1.3571428571,7.5,1.9285714286,4,10,105,0,14,0,14,44,40,1
0,4,97.75,1.75,8,2,391,1,4,1,4,32,16,1
1,1.0666666667,1.6,1.4,1,15,24,28,15,28,15,16,15,1
0,0,0,0,0,0,0,7,0,7,0,0,0,1
0,0,0,0,0,0,0,4,0,4,0,0,0,1
0,1.5,9,2.25,3,4,36,0,4,0,4,10,12,1
2,0,0,0,0,0,0,1,0,1,0,0,0,1
0,1.4,6.8,2.4,2,5,34,0,5,0,5,12,10,1
2,0,0,0,0,0,0,1,0,1,0,0,0,1
0,0,0,0,0,0,0,2,0,2,0,0,0,1
0,1,3.2,2.6,2,10,32,0,10,0,10,16,20,1
2,0,0,0,0,0,0,1,0,1,0,0,0,1
2,0,0,0,0,0,0,1,0,1,0,0,0,1
0,1,12,2,4,3,36,0,3,0,3,10,12,1
2,0,0,0,0,0,0,4,0,4,0,0,0,1
0,0,0,0,0,0,0,1,0,1,0,0,0,1
0,4,32,3,2,1,32,0,1,0,1,3,2,1
1,0,0,0,0,0,0,6,0,6,0,0,0,1
0,1,2.5,2.25,1,4,10,0,4,0,4,6,4,1
2,0,0,0,0,0,0,1,0,1,0,0,0,1
1,1,18.1666666667,2,7,5,109,0,6,0,6,29,35,1
2,0,0,0,0,0,0,3,0,3,0,0,0,1
2,0,0,0,0,0,0,4,0,4,0,0,0,1
1,1,25.5833333333,2,7,8,307,0,12,0,12,64,56,1
2,0,0,0,0,0,0,3,0,3,0,0,0,1
2,0,0,0,0,0,0,3,0,3,0,0,0,1
2,0,0,0,0,0,0,3,0,3,0,0,0,1
2,0,0,0,0,0,0,3,0,3,0,0,0,1
0,2,27.3333333333,2,8,12,328,0,12,0,12,64,96,1
2,0,0,0,0,0,0,3,0,3,0,0,0,1
2,0,0,0,0,0,0,3,0,3,0,0,0,1
2,0,0,0,0,0,0,3,0,3,0,0,0,1
2,0,0,0,0,0,0,3,0,3,0,0,0,1
0,3,18.6666666667,2,4,3,56,0,3,0,3,15,12,1
2,0,0,0,0,0,0,4,0,4,0,0,0,1
0,0,0,0,0,0,0,1,0,1,0,0,0,1
0,1,9.8333333333,1.8333333333,4,6,59,0,6,0,6,22,24,1
2,0,0,0,0,0,0,5,0,5,0,0,0,1
0,0,0,0,0,0,0,1,0,1,0,0,0,1
0,1,54.3333333333,2,7,3,163,0,3,0,3,22,21,1
2,0,0,0,0,0,0,6,0,6,0,0,0,1
0,0,0,0,0,0,0,3,0,3,0,0,0,1
0,0,0,0,0,0,0,9,0,9,0,0,0,1
0,16.0714285714,84.8214285714,3.1071428571,26,6,2375,1,28,1,28,166,156,0
0,0,0,0,0,0,0,8,0,8,0,0,0,1
0,0,0,0,0,0,0,0,0,0,0,0,0,1
0,0,0,0,0,0,0,0,0,0,0,0,0,1
0,1,1,1,0,1,1,0,1,0,1,1,0,1
0,0,0,0,0,0,0,0,0,0,0,0,0,1
53,1,1,1.6923076923,0,13,13,10,13,10,13,13,0,1
0,0,0,0,0,0,0,4,0,4,0,0,0,1
0,0,0,0,0,0,0,4,0,4,0,0,0,1
0,0,0,0,0,0,0,2,0,2,0,0,0,1
0,0,0,0,0,0,0,3,0,3,0,0,0,1
0,0,0,0,0,0,0,11,0,11,0,0,0,1
0,4,24.7,5.9,11,2,247,1,10,1,10,51,22,1
0,1,1,1,0,54,54,1,54,1,54,54,0,1
2,1.8333333333,19.4166666667,1.5833333333,15,3,233,7,12,7,12,86,45,1
4,0,0,0,0,0,0,4,0,4,0,0,0,1
2,2.2142857143,18.5,1.7857142857,25,7,259,5,14,5,14,89,175,1
1,0,0,0,0,0,0,3,0,3,0,0,0,1
0,2.0833333333,16.4166666667,1.2916666667,13,12,394,0,24,0,24,93,156,1
0,1,1,1,0,1,1,0,1,0,1,1,0,1
0,0,0,0,0,0,0,3,0,3,0,0,0,1
0,1.8076923077,9.5,1,5,4,247,3,26,1,25,73,20,1
0,1.5,9,1,3,1,18,0,2,0,2,6,3,1
0,1.7142857143,22.5714285714,1.1428571429,10,3,158,0,7,0,7,35,30,1
14,2,27.6,1.4,17,2,276,8,10,8,10,74,34,1
0,0,0,0,0,0,0,2,0,2,0,0,0,1
4,0,0,0,0,0,0,3,0,3,0,0,0,1
0,3.0208333333,20.3541666667,1.125,20,39,977,0,48,0,48,229,780,0
0,4.5714285714,30.8571428571,1.1428571429,11,2,216,0,7,0,7,41,22,1
0,2,54,1,2,1,54,0,1,0,1,3,2,1
0,2,23.25,1,4,4,93,0,4,0,4,20,16,1
7,1,13.5,1.1666666667,9,2,81,3,6,3,6,31,18,1
3,0,0,0,0,0,0,3,0,3,0,0,0,1
0,1,92,1,6,1,92,0,1,0,1,9,6,1
1,1.5,28.6666666667,1.8333333333,5,5,344,0,12,0,12,34,25,1
0,1.6666666667,13.3333333333,1.3333333333,7,1,40,0,3,0,3,13,7,1
0,1,23.5,1,5,2,47,0,2,0,2,13,10,1
1,16.6666666667,82.3333333333,3.3333333333,4,1,247,0,3,0,3,10,4,1
0,1,37,1,5,1,37,0,1,0,1,8,5,1
0,2.8181818182,45.5454545455,1.8181818182,19,3,501,5,11,5,11,81,57,1
1,0,0,0,0,0,0,2,0,2,0,0,0,1
6,5.6666666667,69.6666666667,4.3333333333,18,1,209,0,3,0,3,31,18,1
2,2.1176470588,16.2941176471,1.5294117647,19,12,277,4,17,4,17,85,228,1
2,0,0,0,0,0,0,3,0,3,0,0,0,1
2,0,0,0,0,0,0,4,0,4,0,0,0,1
0,1.4,41.4,1,3,5,207,0,5,0,5,13,15,1
0,3.2820512821,21.5897435897,2.5641025641,22,12,842,3,39,3,39,191,264,0
1,0,0,0,0,0,0,8,0,8,0,0,0,1
0,1,17.2,1.2,6,5,86,0,5,0,5,18,30,1
0,1,24.5714285714,1,5,7,172,0,7,0,7,36,35,1
0,2.875,23.125,1,12,3,185,0,8,0,8,50,36,1
6,1.6,17.6,1.2,11,1,88,3,5,3,5,46,11,1
4,0,0,0,0,0,0,6,0,6,0,0,0,1
0,6.25,44.25,1.25,11,2,177,0,4,0,4,24,22,1
3,1,9,1,1,2,27,2,3,2,3,6,2,1
0,3.75,34.25,2.5,12,2,137,0,4,0,4,24,24,1
0,15,91,1,14,1,182,1,2,1,2,22,14,1
2,9,76,7,8,1,76,0,1,0,1,10,8,1
0,2,28.4,3.4,8,2,142,0,5,0,5,22,16,1
0,1,106,1,2,1,106,0,1,0,1,3,2,1
0,1,40.1111111111,1,7,9,361,0,9,0,9,50,63,1
5,1.4,16.4,1.2,11,1,82,3,5,3,5,39,11,1
1,0,0,0,0,0,0,2,0,2,0,0,0,1
1,2,9,1,1,2,27,2,3,2,3,6,2,1
0,1,77,1,7,2,154,0,2,0,2,17,14,1
0,2.2,18.6,1.2,7,3,93,0,5,0,5,24,21,1
0,7,67,1,7,2,134,0,2,0,2,16,14,1
0,1,61.4545454545,1,9,11,676,0,11,0,11,69,99,1
0,7.4285714286,58.7142857143,1.7142857143,9,12,822,1,14,1,14,82,108,1
2,2.7333333333,36.2666666667,4.4666666667,14,8,544,0,15,0,15,59,112,0
0,3,29.2857142857,2.1428571429,8,2,205,0,7,0,7,27,16,1
0,0,0,0,0,0,0,0,0,0,0,0,0,1
26,4,44.5,5,1,2,89,0,2,0,2,4,2,1
6,3,27.5,4,6,2,55,0,2,0,2,10,12,1
0,0,0,0,0,0,0,0,0,0,0,0,0,1
0,0,0,0,0,0,0,2,0,2,0,0,0,1
55,2.625,13.75,1.75,10,2,220,1,16,1,16,61,20,1
0,0,0,0,0,0,0,3,0,3,0,0,0,1
0,1,29,1,3,1,29,0,1,0,1,4,3,1
1,2,17,1,3,1,17,2,1,2,1,6,3,1
0,0,0,0,0,0,0,2,0,2,0,0,0,1
0,4.4117647059,36.6470588235,1.5588235294,13,7,1246,3,34,3,34,167,91,0
0,2.6,22.4,1.2,10,3,112,0,5,0,5,31,30,1
0,3.6666666667,31.3333333333,1,7,3,94,0,3,0,3,18,21,1
4,1.4,16.2,1.2,11,1,81,3,5,3,5,39,11,1
5,0,0,0,0,0,0,2,0,2,0,0,0,1
6,1.5,14.5,1.5,4,3,58,6,4,6,4,10,12,1
0,4,37,1.6666666667,11,1,111,0,3,0,3,23,11,1
2,3,75.3333333333,2.8333333333,20,3,452,0,6,0,6,53,60,1
1,1,4,2,0,1,4,0,1,0,1,1,0,1
0,4,35.6666666667,2,10,1,107,0,3,0,3,24,10,1
0,2,27,1,2,1,27,0,1,0,1,3,2,1
1,2,18,1,3,1,18,2,1,2,1,6,3,1
0,0,0,0,0,0,0,2,0,2,0,0,0,1
0,1,104.5,1,5,2,209,0,2,0,2,19,10,1
21,1,1,1,0,6,6,8,6,8,6,6,0,1
2,8,56,2,6,1,56,0,1,0,1,8,6,1
1,2.5714285714,21.4285714286,1.5714285714,20,2,300,3,14,3,14,100,40,1
3,0,0,0,0,0,0,4,0,4,0,0,0,1
1,1.8888888889,12.7777777778,1.6666666667,6,4,115,1,9,1,9,43,24,1
1,0,0,0,0,0,0,7,0,7,0,0,0,1
0,2,21,1,2,1,21,0,1,0,1,3,2,1
1,1.1428571429,14.4285714286,1.1428571429,9,2,101,3,7,3,7,45,18,1
1,0,0,0,0,0,0,3,0,3,0,0,0,1
0,1,21,2,1,1,21,0,1,0,1,2,1,1
0,1,22.75,2,4,4,91,0,4,0,4,16,16,1
7,4,32.8181818182,1.8181818182,25,2,361,3,11,3,11,100,50,1
2,0,0,0,0,0,0,4,0,4,0,0,0,1
0,1,21.4347826087,1.0434782609,20,23,493,1,23,1,23,136,460,1
0,1,10.5,1,2,2,21,0,2,0,2,4,4,1
2,2,24,1.7272727273,20,1,264,3,11,3,11,81,20,1
2,0,0,0,0,0,0,3,0,3,0,0,0,1
0,5.7777777778,51.1111111111,1.4444444444,14,7,460,0,9,0,9,75,98,0
4,6.5,29.9285714286,1.7142857143,20,10,419,3,14,3,14,71,200,0
2,3.4,49.7,2.8,8,2,497,2,10,2,10,66,16,1
3,0,0,0,0,0,0,7,0,7,0,0,0,1
1,1,51.6666666667,4.3333333333,10,2,155,5,3,5,3,19,20,1
0,2.5,14.3333333333,1.3333333333,4,5,86,0,6,0,6,23,20,1
1,0,0,0,0,0,0,5,0,5,0,0,0,1
0,0,0,0,0,0,0,0,0,0,0,0,0,1
0,1,1,1,0,3,3,3,3,3,3,3,0,1
5,3.5666666667,19.5666666667,1.4,12,19,587,3,30,3,30,78,228,0
0,0,0,0,0,0,0,0,0,0,0,0,0,1
0,0,0,0,0,0,0,2,0,2,0,0,0,1
0,0,0,0,0,0,0,78,0,78,0,0,0,1
1,0,0,0,0,0,0,1,0,1,0,0,0,1
1,0,0,0,0,0,0,2,0,2,0,0,0,1
0,1.5,5.5,2,2,2,11,3,2,3,2,8,4,1
0,4.6666666667,21.6666666667,2,6,3,65,5,3,5,3,16,18,1
0,2.3333333333,9.3333333333,2,4,3,28,5,3,5,3,13,12,1
0,5.75,30.75,1.5,6,3,123,4,4,4,4,31,18,1
0,16.3333333333,64,2,6,2,192,11,3,11,3,25,12,1
0,1.5,10.5,2,3,4,42,6,4,6,4,22,12,1
0,1,15.5,2,3,4,62,6,4,6,4,22,12,1
0,4.3333333333,20.6666666667,2,6,3,62,5,3,5,3,16,18,1
0,4,18,2,6,3,54,5,3,5,3,16,18,1
0,4.3333333333,20.6666666667,2,6,3,62,5,3,5,3,16,18,1
0,7.0714285714,73.5714285714,1.7857142857,12,13,1030,20,14,20,14,161,156,0
1,0,0,0,0,0,0,2,0,2,0,0,0,1
0,3.6666666667,75.3333333333,2,7,3,226,6,3,6,3,43,21,1
0,1.3333333333,20.6666666667,2,6,3,62,5,3,5,3,16,18,1
0,4.3333333333,20.6666666667,2,6,3,62,5,3,5,3,16,18,1
0,2.6666666667,65.3333333333,2,7,3,196,6,3,6,3,46,21,1
0,2.3333333333,66,2,6,3,198,6,3,6,3,42,18,1
0,2.6666666667,45,2,6,3,135,6,3,6,3,34,18,1
0,1,56.6666666667,2,5,3,170,6,3,6,3,31,15,1
0,5.3333333333,17.6666666667,2,2,3,53,6,3,6,3,6,6,1
0,30.3333333333,107,2,8,3,321,6,3,6,3,46,24,1
0,2.6666666667,49.6666666667,2,6,3,149,6,3,6,3,42,18,1
0,16.6666666667,73.3333333333,2,5,3,220,6,3,6,3,18,15,1
0,3.8,75.4,2.4,8,5,377,5,5,5,5,50,40,1
0,1,33.5,1.3333333333,14,5,201,6,6,6,6,48,70,1
0,3.5,47,1.75,6,4,188,4,4,4,4,40,24,1
0,1.6,67,1.6,6,4,335,5,5,5,5,49,24,1
0,16.75,67.5,1.75,6,4,270,4,4,4,4,48,24,1
0,5.4,21.6,1.6,3,5,108,4,5,4,5,12,15,1
0,25.75,98.75,1.75,9,4,395,5,4,5,4,46,36,1
0,1,8,2,3,2,16,5,2,5,2,10,6,1
0,1,27,2,5,2,54,5,2,5,2,13,10,1
0,1,27,2,5,2,54,5,2,5,2,13,10,1
0,5.5,27,2,5,2,54,5,2,5,2,13,10,1
0,1,27,2,5,2,54,5,2,5,2,13,10,1
0,1,27,2,5,2,54,5,2,5,2,13,10,1
0,1,27,2,5,2,54,5,2,5,2,13,10,1
0,1,27,2,5,2,54,5,2,5,2,13,10,1
0,1,27,2,5,2,54,5,2,5,2,13,10,1
0,1,27,2,5,2,54,5,2,5,2,13,10,1
0,5.5,27,2,5,2,54,5,2,5,2,13,10,1
0,5.5,27,2,5,2,54,5,2,5,2,13,10,1
0,1,27,2,5,2,54,5,2,5,2,13,10,1
0,5.5,27,2,5,2,54,5,2,5,2,13,10,1
0,8.5,88.3333333333,1.8333333333,6,6,530,8,6,8,6,64,36,1
0,1.3333333333,20.6666666667,2,6,3,62,5,3,5,3,16,18,1
0,4.3333333333,20.6666666667,2,6,3,62,5,3,5,3,16,18,1
0,1,41,1.5,6,4,164,4,4,4,4,26,24,1
0,11.3333333333,41.3333333333,2,4,3,124,6,3,6,3,27,12,1
2,18.4285714286,92,2.1428571429,8,4,644,6,7,6,7,41,32,1
0,38.25,140.5,1.75,6,4,562,6,4,6,4,37,24,1
2,1.3076923077,51.8461538462,2.5384615385,9,6,674,23,13,23,13,113,54,1
0,2.6666666667,65.6666666667,2,7,3,197,6,3,6,3,46,21,1
2,19,64.25,1.25,6,4,257,1,4,1,4,21,24,1
2,0,0,0,0,0,0,2,0,2,0,0,0,1
0,1,18.8,2,4,5,94,10,5,10,5,33,20,1
0,1,26.4,2,4,5,132,10,5,10,5,33,20,1
0,13.3333333333,52.6666666667,2,6,3,158,6,3,6,3,44,18,1
0,1,34.6,2,4,5,173,10,5,10,5,35,20,1
0,5.2,29.4,2,5,5,147,10,5,10,5,34,25,1
0,21,91,1.75,8,3,364,6,4,6,4,34,24,1
0,18,95,1.6666666667,7,2,285,4,3,4,3,28,14,1
0,1,45,2,5,3,135,6,3,6,3,15,15,1
0,6.6666666667,80.3333333333,2,8,3,241,21,3,21,3,40,24,1
0,19,86,2,3,1,86,3,1,3,1,8,3,1
0,0,0,0,0,0,0,29,0,29,0,0,0,1
0,0,0,0,0,0,0,3,0,3,0,0,0,1
0,0,0,0,0,0,0,1,0,1,0,0,0,1
0,0,0,0,0,0,0,5,0,5,0,0,0,1
0,0,0,0,0,0,0,23,0,23,0,0,0,1
0,0,0,0,0,0,0,21,0,21,0,0,0,1
0,0,0,0,0,0,0,4,0,4,0,0,0,1
0,0,0,0,0,0,0,1,0,1,0,0,0,1
0,0,0,0,0,0,0,4,0,4,0,0,0,1
0,0,0,0,0,0,0,4,0,4,0,0,0,1
0,0,0,0,0,0,0,4,0,4,0,0,0,1
8,0,0,0,0,0,0,9,0,9,0,0,0,1
4,0,0,0,0,0,0,26,0,26,0,0,0,1
0,0,0,0,0,0,0,9,0,9,0,0,0,1
0,0,0,0,0,0,0,1,0,1,0,0,0,1
0,0,0,0,0,0,0,1,0,1,0,0,0,1
0,0,0,0,0,0,0,1,0,1,0,0,0,1
0,0,0,0,0,0,0,1,0,1,0,0,0,1
0,0,0,0,0,0,0,1,0,1,0,0,0,1
0,0,0,0,0,0,0,1,0,1,0,0,0,1
0,0,0,0,0,0,0,1,0,1,0,0,0,1
0,0,0,0,0,0,0,1,0,1,0,0,0,1
0,0,0,0,0,0,0,1,0,1,0,0,0,1
0,0,0,0,0,0,0,1,0,1,0,0,0,1
0,0,0,0,0,0,0,1,0,1,0,0,0,1
0,0,0,0,0,0,0,1,0,1,0,0,0,1
0,0,0,0,0,0,0,1,0,1,0,0,0,1
13,0,0,0,0,0,0,16,0,16,0,0,0,1
0,0,0,0,0,0,0,41,0,41,0,0,0,1
0,0,0,0,0,0,0,4,0,4,0,0,0,1
0,0,0,0,0,0,0,4,0,4,0,0,0,1
3,0,0,0,0,0,0,27,0,27,0,0,0,1
95,0,0,0,0,0,0,3,0,3,0,0,0,1
0,0,0,0,0,0,0,2,0,2,0,0,0,1
7,8.6785714286,49.0535714286,2.2857142857,40,30,2747,1,56,1,56,641,1200,0
1,0,0,0,0,0,0,8,0,8,0,0,0,1
1,0,0,0,0,0,0,4,0,4,0,0,0,1
1,0,0,0,0,0,0,9,0,9,0,0,0,1
1,0,0,0,0,0,0,17,0,17,0,0,0,1
1,0,0,0,0,0,0,10,0,10,0,0,0,1
1,0,0,0,0,0,0,6,0,6,0,0,0,1
1,0,0,0,0,0,0,5,0,5,0,0,0,1
1,0,0,0,0,0,0,3,0,3,0,0,0,1
0,0,0,0,0,0,0,2,0,2,0,0,0,1
4,1,4,2,2,1,4,3,1,3,1,4,2,1
0,0,0,0,0,0,0,1,0,1,0,0,0,1
1,1,4,1.5,0,4,16,2,4,2,4,4,0,1
0,0,0,0,0,0,0,7,0,7,0,0,0,1
0,0,0,0,0,0,0,0,0,0,0,0,0,1
55,4.0666666667,21.2,2.4,11,10,318,2,15,2,15,91,110,1
66,0,0,0,0,0,0,16,0,16,0,0,0,1
2,0,0,0,0,0,0,7,0,7,0,0,0,1
0,0,0,0,0,0,0,0,0,0,0,0,0,1
10,3.2857142857,14.8571428571,1,2,1,104,3,7,3,7,23,2,1
8,0,0,0,0,0,0,6,0,6,0,0,0,1
2,1,6,1.6666666667,2,3,18,0,3,0,3,7,6,1
1,1,9.5,1.3333333333,7,7,114,2,12,2,12,47,49,1
32,0,0,0,0,0,0,7,0,7,0,0,0,1
1,0,0,0,0,0,0,4,0,4,0,0,0,1
6,4.25,18.75,1,2,1,75,1,4,1,4,16,2,1
2,0,0,0,0,0,0,7,0,7,0,0,0,1
7,3.3333333333,18.4,1.8666666667,8,14,276,0,15,0,15,74,112,1
9,0,0,0,0,0,0,4,0,4,0,0,0,1
2,0,0,0,0,0,0,4,0,4,0,0,0,1
8,2.3333333333,9.3333333333,1.6666666667,1,3,28,0,3,0,3,4,3,1
7,0,0,0,0,0,0,4,0,4,0,0,0,1
0,0,0,0,0,0,0,2,0,2,0,0,0,1
0,0,0,0,0,0,0,1,0,1,0,0,0,1
0,0,0,0,0,0,0,1,0,1,0,0,0,1
0,0,0,0,0,0,0,1,0,1,0,0,0,1
0,0,0,0,0,0,0,1,0,1,0,0,0,1
0,0,0,0,0,0,0,1,0,1,0,0,0,1
0,0,0,0,0,0,0,1,0,1,0,0,0,1
0,0,0,0,0,0,0,1,0,1,0,0,0,1
0,0,0,0,0,0,0,1,0,1,0,0,0,1
0,0,0,0,0,0,0,2,0,2,0,0,0,1
0,0,0,0,0,0,0,2,0,2,0,0,0,1
0,7.5,45.5,1.5,11,1,91,0,2,0,2,23,11,1
0,7.8,40.9,1.4,12,2,409,7,10,7,10,58,24,0
1,0,0,0,0,0,0,3,0,3,0,0,0,1
1,0,0,0,0,0,0,3,0,3,0,0,0,1
1,0,0,0,0,0,0,4,0,4,0,0,0,1
0,15.5,67,1.5,10,1,134,0,2,0,2,20,10,1
0,2.5,51,1.5,11,1,102,0,2,0,2,23,11,1
0,1,28,1,6,1,28,0,1,0,1,9,6,1
0,8.5,49.5,1.5,11,1,99,0,2,0,2,21,11,1
0,12,67,2,8,1,67,0,1,0,1,15,8,1
117,8.6285714286,47.2428571429,1.4142857143,47,50,3307,2,70,2,70,545,2350,0
0,2,7,2,1,1,7,1,1,1,1,2,1,1
0,1.7142857143,7,2.1428571429,7,7,49,3,7,3,7,23,49,1
0,1.25,7.5,3.25,5,3,30,4,4,4,4,13,15,1
0,3,14,2.0909090909,10,9,154,9,11,9,11,45,90,1
0,1.5714285714,6.4285714286,2.1428571429,7,7,45,3,7,3,7,23,49,1
0,1.5714285714,6.4285714286,2.1428571429,7,7,45,2,7,2,7,23,49,1
0,21.2857142857,50.8571428571,2.1428571429,5,5,356,2,7,2,7,23,25,1
0,4.25,29,3.25,6,4,116,3,4,3,4,14,24,1
0,1.5,9.25,3.25,5,3,37,4,4,4,4,13,15,1
0,2,7,2,1,1,7,2,1,2,1,2,1,1
0,1.5,9.25,3.25,5,3,37,4,4,4,4,13,15,1
0,1.5,9.25,3.25,5,3,37,4,4,4,4,13,15,1
0,1.5,9.25,3.25,5,3,37,4,4,4,4,13,15,1
0,1.5,9.25,3.25,5,3,37,4,4,4,4,13,15,1
0,1.5,9.25,3.25,5,3,37,4,4,4,4,13,15,1
0,1.5,9.25,3.25,5,3,37,4,4,4,4,13,15,1
0,1.5,9.25,3.25,5,3,37,4,4,4,4,13,15,1
0,1.25,7.75,3.25,5,3,31,4,4,4,4,13,15,1
0,2,7,2,1,1,7,2,1,2,1,2,1,1
0,1.25,7.5,3.25,5,3,30,4,4,4,4,13,15,1
0,2,7,2,1,1,7,2,1,2,1,2,1,1
0,1.5,9.25,3.25,5,3,37,4,4,4,4,13,15,1
0,1.25,7.5,3.25,5,3,30,4,4,4,4,13,15,1
0,1.25,7.5,3.25,5,3,30,4,4,4,4,13,15,1
0,42.625,66.3125,2,5,1,1061,1,16,1,16,53,5,1
1,0,0,0,0,0,0,2,0,2,0,0,0,1
0,3,14.5454545455,2.0909090909,10,8,160,10,11,10,11,46,80,1
5,8.9285714286,49,2.2857142857,15,7,686,35,14,35,14,116,105,0
1,0,0,0,0,0,0,2,0,2,0,0,0,1
0,0,0,0,0,0,0,2,0,2,0,0,0,1
1,0,0,0,0,0,0,2,0,2,0,0,0,1
1,0,0,0,0,0,0,2,0,2,0,0,0,1
1,0,0,0,0,0,0,2,0,2,0,0,0,1
1,0,0,0,0,0,0,2,0,2,0,0,0,1
0,2.5,13.375,2.25,5,8,107,2,8,2,8,24,40,1
0,2.5,13.625,2.25,5,8,109,2,8,2,8,24,40,1
0,2,10.75,2.25,5,8,86,1,8,1,8,20,40,1
0,2,10.875,2.25,5,8,87,1,8,1,8,20,40,1
0,4.4444444444,18.8888888889,2.3333333333,8,9,170,2,9,2,9,29,72,1
0,0,0,0,0,0,0,0,0,0,0,0,0,1
0,1,1,1,0,9,9,0,9,0,9,9,0,1
3,1,1,1,0,10,10,9,10,9,10,10,0,1
3,0,0,0,0,0,0,5,0,5,0,0,0,1
1,1,1,1,0,39,39,43,39,43,39,39,0,1
4,0,0,0,0,0,0,3,0,3,0,0,0,1
1,0,0,0,0,0,0,6,0,6,0,0,0,1
0,0,0,0,0,0,0,16,0,16,0,0,0,1
1,0,0,0,0,0,0,6,0,6,0,0,0,1
6,0,0,0,0,0,0,5,0,5,0,0,0,1
3,0,0,0,0,0,0,3,0,3,0,0,0,1
0,0,0,0,0,0,0,2,0,2,0,0,0,1
0,0,0,0,0,0,0,34,0,34,0,0,0,1
2,0,0,0,0,0,0,6,0,6,0,0,0,1
11,8.030075188,34.8045112782,2.4360902256,41,7,4629,3,133,3,133,901,287,0
1,0,0,0,0,0,0,2,0,2,0,0,0,1
1,0,0,0,0,0,0,5,0,5,0,0,0,1
1,0,0,0,0,0,0,2,0,2,0,0,0,1
1,0,0,0,0,0,0,6,0,6,0,0,0,1
1,0,0,0,0,0,0,4,0,4,0,0,0,1
1,0,0,0,0,0,0,6,0,6,0,0,0,1
0,5.9210526316,31.6842105263,2.0263157895,16,5,1204,1,38,1,38,186,80,0
1,0,0,0,0,0,0,10,0,10,0,0,0,1
28,2.0923076923,8.8,2.1538461538,13,59,572,7,65,7,65,154,767,0
1,0,0,0,0,0,0,2,0,2,0,0,0,1
3,0,0,0,0,0,0,3,0,3,0,0,0,1
5,16.1666666667,54.5,3.5,8,1,327,0,6,0,6,35,8,1
0,2.5,30,3.5,1,2,60,1,2,1,2,4,2,1
0,0,0,0,0,0,0,3,0,3,0,0,0,1
5,15.0869565217,63.4565217391,3.5652173913,17,12,2919,1,46,1,46,227,204,0
1,0,0,0,0,0,0,2,0,2,0,0,0,1
0,4,27,1,1,1,27,0,1,0,1,4,1,1
1,4.625,19.5,3.625,8,1,156,0,8,0,8,41,8,1
0,2,10.2222222222,2.7777777778,10,9,92,0,9,0,9,27,90,1
0,1,1,1,0,14,14,0,14,0,14,14,0,1
2,0,0,0,0,0,0,3,0,3,0,0,0,1
0,0,0,0,0,0,0,1,0,1,0,0,0,1
2,0,0,0,0,0,0,4,0,4,0,0,0,1
1,0,0,0,0,0,0,17,0,17,0,0,0,1
0,0,0,0,0,0,0,6,0,6,0,0,0,1
0,0,0,0,0,0,0,3,0,3,0,0,0,1
0,0,0,0,0,0,0,3,0,3,0,0,0,1
0,0,0,0,0,0,0,1,0,1,0,0,0,1
0,0,0,0,0,0,0,4,0,4,0,0,0,1
0,0,0,0,0,0,0,2,0,2,0,0,0,1
0,0,0,0,0,0,0,3,0,3,0,0,0,1
1,0,0,0,0,0,0,7,0,7,0,0,0,1
6,8.3432835821,34.5597014925,2.6791044776,33,24,4631,10,134,10,134,752,792,0
1,0,0,0,0,0,0,2,0,2,0,0,0,1
1,0,0,0,0,0,0,6,0,6,0,0,0,1
1,0,0,0,0,0,0,5,0,5,0,0,0,1
1,0,0,0,0,0,0,1,0,1,0,0,0,1
1,0,0,0,0,0,0,29,0,29,0,0,0,1
0,0,0,0,0,0,0,9,0,9,0,0,0,1
0,0,0,0,0,0,0,4,0,4,0,0,0,1
0,0,0,0,0,0,0,6,0,6,0,0,0,1
0,0,0,0,0,0,0,3,0,3,0,0,0,1
0,0,0,0,0,0,0,2,0,2,0,0,0,1
1,0,0,0,0,0,0,3,0,3,0,0,0,1
1,0,0,0,0,0,0,4,0,4,0,0,0,1
2,0,0,0,0,0,0,6,0,6,0,0,0,1
2,0,0,0,0,0,0,10,0,10,0,0,0,1
1,0,0,0,0,0,0,11,0,11,0,0,0,1
1,0,0,0,0,0,0,2,0,2,0,0,0,1
1,0,0,0,0,0,0,3,0,3,0,0,0,1
1,0,0,0,0,0,0,7,0,7,0,0,0,1
1,0,0,0,0,0,0,6,0,6,0,0,0,1
1,0,0,0,0,0,0,4,0,4,0,0,0,1
0,0,0,0,0,0,0,3,0,3,0,0,0,1
0,0,0,0,0,0,0,3,0,3,0,0,0,1
0,0,0,0,0,0,0,11,0,11,0,0,0,1
0,0,0,0,0,0,0,10,0,10,0,0,0,1
2,0,0,0,0,0,0,20,0,20,0,0,0,1
2,0,0,0,0,0,0,1,0,1,0,0,0,1
4,4,27,4,2,1,27,1,1,1,1,4,2,1
5,3.2222222222,25,2.7777777778,12,7,225,0,9,0,9,35,84,1
1,0,0,0,0,0,0,2,0,2,0,0,0,1
1,0,0,0,0,0,0,3,0,3,0,0,0,1
0,1.6363636364,6.5454545455,1.6363636364,5,11,72,9,11,9,11,29,55,1
0,4.5,19.5,4.5,2,1,39,0,2,0,2,5,2,1
3,1,10,1,1,2,20,0,2,0,2,4,2,1
0,2.40625,12.1875,1.5625,7,27,390,3,32,3,32,66,189,0
1,0,0,0,0,0,0,4,0,4,0,0,0,1
0,0,0,0,0,0,0,2,0,2,0,0,0,1
2,0,0,0,0,0,0,4,0,4,0,0,0,1
1,3.4,165.2,3.8,12,1,826,5,5,5,5,42,12,1
0,3.4,165.2,3.8,12,1,826,5,5,5,5,42,12,1
0,3.5,147,3.6666666667,16,1,882,6,6,6,6,53,16,1
0,0,0,0,0,0,0,0,0,0,0,0,0,1
0,15.2666666667,107.6666666667,1.9333333333,15,1,1615,33,15,33,15,139,15,0
0,0,0,0,0,0,0,2,0,2,0,0,0,1
1,0,0,0,0,0,0,3,0,3,0,0,0,1
1,0,0,0,0,0,0,4,0,4,0,0,0,1
0,0,0,0,0,0,0,4,0,4,0,0,0,1
1,0,0,0,0,0,0,3,0,3,0,0,0,1
1,0,0,0,0,0,0,2,0,2,0,0,0,1
1,0,0,0,0,0,0,2,0,2,0,0,0,1
0,0,0,0,0,0,0,6,0,6,0,0,0,1
0,11,74.3333333333,3.3333333333,11,3,223,2,3,2,3,36,33,1
1,0,0,0,0,0,0,6,0,6,0,0,0,1
0,0,0,0,0,0,0,0,0,0,0,0,0,1
0,1,1,1,0,3,3,1,3,1,3,3,0,1
0,0,0,0,0,0,0,0,0,0,0,0,0,1
0,0,0,0,0,0,0,0,0,0,0,0,0,1
0,4.7222222222,26.6944444444,1.1944444444,19,23,961,1,36,1,36,166,437,0
2,1,11.84,1,7,47,592,17,50,17,50,125,329,0
0,1,1,1.0090909091,0,110,110,0,110,0,110,110,0,1
0,0,0,0,0,0,0,0,0,0,0,0,0,1
0,0,0,0,0,0,0,0,0,0,0,0,0,1
0,1,1,1.8666666667,0,15,15,17,15,17,15,15,0,1
1,2,12.7142857143,1.8571428571,7,6,89,1,7,1,7,31,42,1
2,0,0,0,0,0,0,4,0,4,0,0,0,1
0,0,0,0,0,0,0,1,0,1,0,0,0,1
9,1.2,4.2,2.2,5,5,21,28,5,28,5,13,25,1
0,0,0,0,0,0,0,4,0,4,0,0,0,1
0,0,0,0,0,0,0,4,0,4,0,0,0,1
0,0,0,0,0,0,0,4,0,4,0,0,0,1
0,0,0,0,0,0,0,6,0,6,0,0,0,1
0,0,0,0,0,0,0,3,0,3,0,0,0,1
0,0,0,0,0,0,0,3,0,3,0,0,0,1
0,0,0,0,0,0,0,4,0,4,0,0,0,1
0,0,0,0,0,0,0,4,0,4,0,0,0,1
0,0,0,0,0,0,0,1,0,1,0,0,0,1
0,0,0,0,0,0,0,0,0,0,0,0,0,1
16,3.87,23.7,2.07,63,80,2370,28,100,28,100,677,5040,0
2,3.3529411765,29.1176470588,2.1176470588,9,17,495,16,17,16,17,93,153,0
0,0,0,0,0,0,0,17,0,17,0,0,0,1
2,1.5714285714,50.7142857143,9.1428571429,20,5,355,2,7,2,7,105,100,0
2,3.4,26.4,1.4,3,1,132,0,5,0,5,32,3,1
0,7.6666666667,57,3.3333333333,6,1,171,0,3,0,3,15,6,1
1,3.2424242424,13.5757575758,1.6363636364,5,30,448,2,33,2,33,64,150,1
0,0,0,0,0,0,0,6,0,6,0,0,0,1
0,0,0,0,0,0,0,4,0,4,0,0,0,1
3,5.1481481481,25.8888888889,1.6666666667,18,26,699,3,27,3,27,88,468,0
1,0,0,0,0,0,0,13,0,13,0,0,0,1
2,0,0,0,0,0,0,8,0,8,0,0,0,1
2,0,0,0,0,0,0,11,0,11,0,0,0,1
2,0,0,0,0,0,0,4,0,4,0,0,0,1
0,0,0,0,0,0,0,2,0,2,0,0,0,1
0,3.625,26.5,1.625,24,5,212,2,8,2,8,86,120,1
0,0,0,0,0,0,0,0,0,0,0,0,0,1
5,1,5.6666666667,1,2,15,102,3,18,3,18,31,30,1
0,0,0,0,0,0,0,0,0,0,0,0,0,1
1,2.2857142857,25.2857142857,2.2857142857,14,3,177,1,7,1,7,47,42,1
1,4.7916666667,34.125,2.0416666667,22,23,819,2,24,2,24,176,506,0
3,1.875,8.625,0.875,7,2,69,2,8,2,8,26,14,1
0,0,0,0,0,0,0,0,0,0,0,0,0,1
2,5.5625,36.5,3.1875,30,16,584,5,16,5,16,134,480,0
4,0,0,0,0,0,0,5,0,5,0,0,0,1
2,5.4423076923,38.9423076923,1.9807692308,38,37,2025,5,52,5,52,573,1406,0
4,5,42.9411764706,3.8235294118,15,2,730,1,17,1,17,115,30,1
1,0,0,0,0,0,0,9,0,9,0,0,0,1
0,5.9142857143,40.4285714286,1.9428571429,31,29,1415,6,35,6,35,208,899,0
0,5.5,28.1666666667,1.9166666667,14,10,338,1,12,1,12,75,140,0
2,1,7.2,1,1,1,36,1,5,1,5,11,1,1
0,0,0,0,0,0,0,2,0,2,0,0,0,1
2,1.8333333333,11.6666666667,1.8333333333,7,5,70,2,6,2,6,21,35,1
0,0,0,0,0,0,0,1,0,1,0,0,0,1
2,0,0,0,0,0,0,5,0,5,0,0,0,1
4,0,0,0,0,0,0,7,0,7,0,0,0,1
5,0,0,0,0,0,0,2,0,2,0,0,0,1
3,0,0,0,0,0,0,22,0,22,0,0,0,1
3,0,0,0,0,0,0,4,0,4,0,0,0,1
9,0,0,0,0,0,0,4,0,4,0,0,0,1
1,0,0,0,0,0,0,3,0,3,0,0,0,1
0,0,0,0,0,0,0,4,0,4,0,0,0,1
3,0,0,0,0,0,0,8,0,8,0,0,0,1
3,0,0,0,0,0,0,6,0,6,0,0,0,1
3,0,0,0,0,0,0,13,0,13,0,0,0,1
2,0,0,0,0,0,0,17,0,17,0,0,0,1
1,0,0,0,0,0,0,4,0,4,0,0,0,1
0,0,0,0,0,0,0,8,0,8,0,0,0,1
6,0,0,0,0,0,0,27,0,27,0,0,0,1
5,0,0,0,0,0,0,18,0,18,0,0,0,1
0,0,0,0,0,0,0,5,0,5,0,0,0,1
7,0,0,0,0,0,0,65,0,65,0,0,0,1
2,0,0,0,0,0,0,4,0,4,0,0,0,1
2,0,0,0,0,0,0,35,0,35,0,0,0,1
2,0,0,0,0,0,0,7,0,7,0,0,0,1
1,0,0,0,0,0,0,41,0,41,0,0,0,1
6,0,0,0,0,0,0,8,0,8,0,0,0,1
6,0,0,0,0,0,0,6,0,6,0,0,0,1
6,0,0,0,0,0,0,2,0,2,0,0,0,1
8,0,0,0,0,0,0,43,0,43,0,0,0,1
2,0,0,0,0,0,0,3,0,3,0,0,0,1
2,0,0,0,0,0,0,2,0,2,0,0,0,1
2,0,0,0,0,0,0,8,0,8,0,0,0,1
1,0,0,0,0,0,0,7,0,7,0,0,0,1
1,0,0,0,0,0,0,4,0,4,0,0,0,1
2,0,0,0,0,0,0,11,0,11,0,0,0,1
2,0,0,0,0,0,0,3,0,3,0,0,0,1
1,0,0,0,0,0,0,2,0,2,0,0,0,1
4,0,0,0,0,0,0,23,0,23,0,0,0,1
1,0,0,0,0,0,0,3,0,3,0,0,0,1
0,0,0,0,0,0,0,2,0,2,0,0,0,1
3,0,0,0,0,0,0,11,0,11,0,0,0,1
0,0,0,0,0,0,0,2,0,2,0,0,0,1
0,0,0,0,0,0,0,1,0,1,0,0,0,1
2,0,0,0,0,0,0,1,0,1,0,0,0,1
0,0,0,0,0,0,0,3,0,3,0,0,0,1
1,0,0,0,0,0,0,3,0,3,0,0,0,1
0,0,0,0,0,0,0,1,0,1,0,0,0,1
6,3.5892857143,34.9821428571,2.2857142857,41,28,1959,10,56,10,56,328,1148,0
0,0,0,0,0,0,0,4,0,4,0,0,0,1
1,0,0,0,0,0,0,4,0,4,0,0,0,1
2,0,0,0,0,0,0,15,0,15,0,0,0,1
4,0,0,0,0,0,0,13,0,13,0,0,0,1
3,0,0,0,0,0,0,15,0,15,0,0,0,1
3,0,0,0,0,0,0,3,0,3,0,0,0,1
2,0,0,0,0,0,0,11,0,11,0,0,0,1
2,0,0,0,0,0,0,4,0,4,0,0,0,1
4,0,0,0,0,0,0,7,0,7,0,0,0,1
2,0,0,0,0,0,0,9,0,9,0,0,0,1
3,0,0,0,0,0,0,6,0,6,0,0,0,1
3,0,0,0,0,0,0,15,0,15,0,0,0,1
2,0,0,0,0,0,0,3,0,3,0,0,0,1
2,0,0,0,0,0,0,7,0,7,0,0,0,1
3,0,0,0,0,0,0,9,0,9,0,0,0,1
1,0,0,0,0,0,0,1,0,1,0,0,0,1
1,0,0,0,0,0,0,3,0,3,0,0,0,1
0,0,0,0,0,0,0,1,0,1,0,0,0,1
24,6.5833333333,36.9444444444,2.2777777778,17,13,1330,4,36,4,36,114,221,0
0,5.4545454545,41.0909090909,3.0909090909,12,7,452,4,11,4,11,48,84,0
0,0,0,0,0,0,0,0,0,0,0,0,0,1
0,0,0,0,0,0,0,0,0,0,0,0,0,1
0,0,0,0,0,0,0,0,0,0,0,0,0,1
0,0,0,0,0,0,0,0,0,0,0,0,0,1
0,0,0,0,0,0,0,0,0,0,0,0,0,1
40,9.380952381,54,1.3650793651,23,12,3402,2,63,2,63,336,276,0
0,0,0,0,0,0,0,0,0,0,0,0,0,1
0,10.0588235294,61.0588235294,2.9411764706,28,7,1038,1,17,1,17,157,196,0
1,0,0,0,0,0,0,11,0,11,0,0,0,1
0,0,0,0,0,0,0,0,0,0,0,0,0,1
9,1,1,1,0,20,20,7,20,7,20,20,0,1
3,0,0,0,0,0,0,2,0,2,0,0,0,1
0,1,18.5,3.5,1,1,37,0,2,0,2,4,1,1
0,21,137,2,2,1,137,0,1,0,1,3,2,1
2,1,33.2040816327,3.693877551,16,42,1627,10,49,10,49,186,672,0
0,0,0,0,0,0,0,8,0,8,0,0,0,1
4,0,0,0,0,0,0,8,0,8,0,0,0,1
0,0,0,0,0,0,0,13,0,13,0,0,0,1
0,0,0,0,0,0,0,13,0,13,0,0,0,1
0,0,0,0,0,0,0,1,0,1,0,0,0,1
0,30.5714285714,84.1904761905,3.8095238095,12,16,1768,29,21,29,21,76,192,0
0,0,0,0,0,0,0,3,0,3,0,0,0,1
0,13,99,2,0,1,99,1,1,1,1,2,0,1
0,527,2214,6.6666666667,16,2,6642,2,3,2,3,144,32,1
0,24,135,4,4,1,135,0,1,0,1,20,4,1
0,5,28.3,3.9,9,8,283,0,10,0,10,37,72,1
0,1,1,1,0,5,5,0,5,0,5,5,0,1
3,2.4761904762,28.0952380952,1.8095238095,9,21,590,0,21,0,21,37,189,1
6,0,0,0,0,0,0,15,0,15,0,0,0,1
4,0,0,0,0,0,0,4,0,4,0,0,0,1
0,0,0,0,0,0,0,3,0,3,0,0,0,1
3,0,0,0,0,0,0,28,0,28,0,0,0,1
1,0,0,0,0,0,0,2,0,2,0,0,0,1
1,0,0,0,0,0,0,5,0,5,0,0,0,1
0,0,0,0,0,0,0,3,0,3,0,0,0,1
1,0,0,0,0,0,0,2,0,2,0,0,0,1
2,0,0,0,0,0,0,46,0,46,0,0,0,1
0,0,0,0,0,0,0,13,0,13,0,0,0,1
0,0,0,0,0,0,0,3,0,3,0,0,0,1
3,0,0,0,0,0,0,3,0,3,0,0,0,1
0,23,76,1,2,1,76,0,1,0,1,3,2,1
0,1,43,5,2,2,86,0,2,0,2,6,4,1
0,5,30,2,1,1,30,0,1,0,1,2,1,1
0,4,15,2,1,1,15,0,1,0,1,4,1,1
0,59.1428571429,187.5714285714,3.5714285714,11,2,1313,0,7,0,7,53,22,1
0,1,1,1,0,10,10,0,10,0,10,10,0,1
0,1,1,1,0,3,3,0,3,0,3,3,0,1
0,32,192,3,3,1,192,0,1,0,1,4,3,1
0,1,10,1,0,1,10,0,1,0,1,1,0,1
0,29,130,3,2,1,130,0,1,0,1,4,2,1
0,27,359,2,3,1,359,0,1,0,1,4,3,1
0,8.8,37.2,3.6,13,4,186,2,5,2,5,37,52,1
0,0,0,0,0,0,0,0,0,0,0,0,0,1
0,0,0,0,0,0,0,0,0,0,0,0,0,1
0,159,340.5,3,16,1,681,0,2,0,2,32,16,1
2,0,0,0,0,0,0,7,0,7,0,0,0,1
0,1,1,1,0,3,3,2,3,2,3,3,0,1
1,1.1428571429,24,2,16,13,336,0,14,0,14,47,208,1
0,0,0,0,0,0,0,4,0,4,0,0,0,1
2,0,0,0,0,0,0,15,0,15,0,0,0,1
0,0,0,0,0,0,0,11,0,11,0,0,0,1
2,0,0,0,0,0,0,29,0,29,0,0,0,1
0,0,0,0,0,0,0,6,0,6,0,0,0,1
2,0,0,0,0,0,0,10,0,10,0,0,0,1
2,0,0,0,0,0,0,37,0,37,0,0,0,1
0,0,0,0,0,0,0,4,0,4,0,0,0,1
0,0,0,0,0,0,0,5,0,5,0,0,0,1
0,0,0,0,0,0,0,6,0,6,0,0,0,1
0,0,0,0,0,0,0,3,0,3,0,0,0,1
0,1,1,1.4,0,20,20,10,20,10,20,20,0,1
0,1,1,1,0,4,4,1,4,1,4,4,0,1
55,1,1,5,0,3,3,4,3,4,3,3,0,1
0,0,0,0,0,0,0,7,0,7,0,0,0,1
0,0,0,0,0,0,0,3,0,3,0,0,0,1
0,0,0,0,0,0,0,2,0,2,0,0,0,1
0,0,0,0,0,0,0,0,0,0,0,0,0,1
0,1,1,1,0,5,5,1,5,1,5,5,0,1
0,1,1,4,0,1,1,2,1,2,1,1,0,1
0,0,0,0,0,0,0,9,0,9,0,0,0,1
0,0,0,0,0,0,0,11,0,11,0,0,0,1
0,0,0,0,0,0,0,1,0,1,0,0,0,1
0,1,1,1.8333333333,0,6,6,3,6,3,6,6,0,1
0,0,0,0,0,0,0,4,0,4,0,0,0,1
0,0,0,0,0,0,0,8,0,8,0,0,0,1
0,0,0,0,0,0,0,1,0,1,0,0,0,1
0,0,0,0,0,0,0,16,0,16,0,0,0,1
0,1,1,1,0,5,5,1,5,1,5,5,0,1
0,1,1,8,0,1,1,4,1,4,1,1,0,1
0,0,0,0,0,0,0,4,0,4,0,0,0,1
0,0,0,0,0,0,0,10,0,10,0,0,0,1
0,0,0,0,0,0,0,7,0,7,0,0,0,1
0,0,0,0,0,0,0,9,0,9,0,0,0,1
0,0,0,0,0,0,0,7,0,7,0,0,0,1
0,1,1,1,0,5,5,1,5,1,5,5,0,1
0,1,1,2.6666666667,0,3,3,2,3,2,3,3,0,1
0,0,0,0,0,0,0,6,0,6,0,0,0,1
0,0,0,0,0,0,0,5,0,5,0,0,0,1
0,0,0,0,0,0,0,8,0,8,0,0,0,1
0,0,0,0,0,0,0,9,0,9,0,0,0,1
0,0,0,0,0,0,0,5,0,5,0,0,0,1
0,1,1,1,0,3,3,1,3,1,3,3,0,1
0,1,1,4.5,0,2,2,3,2,3,2,2,0,1
0,0,0,0,0,0,0,4,0,4,0,0,0,1
0,0,0,0,0,0,0,6,0,6,0,0,0,1
0,0,0,0,0,0,0,4,0,4,0,0,0,1
0,0,0,0,0,0,0,6,0,6,0,0,0,1
0,0,0,0,0,0,0,1,0,1,0,0,0,1
0,0,0,0,0,0,0,4,0,4,0,0,0,1
0,1,1,1,0,5,5,1,5,1,5,5,0,1
0,1,1,4,0,1,1,2,1,2,1,1,0,1
0,0,0,0,0,0,0,4,0,4,0,0,0,1
0,0,0,0,0,0,0,2,0,2,0,0,0,1
0,0,0,0,0,0,0,7,0,7,0,0,0,1
0,0,0,0,0,0,0,4,0,4,0,0,0,1
0,0,0,0,0,0,0,4,0,4,0,0,0,1
0,0,0,0,0,0,0,4,0,4,0,0,0,1
0,0,0,0,0,0,0,0,0,0,0,0,0,1
0,0,0,0,0,0,0,0,0,0,0,0,0,1
5,6,36.5,2.5,11,7,292,3,8,3,8,57,77,1
44,11.75,65.0625,1.625,15,8,1041,9,16,9,16,193,120,0
1,0,0,0,0,0,0,22,0,22,0,0,0,1
151,9.0714285714,48.1964285714,2.4464285714,39,25,2699,27,56,27,56,312,975,0
1,7.3076923077,44.6153846154,2.7307692308,35,22,1160,2,26,2,26,236,770,0
0,0,0,0,0,0,0,0,0,0,0,0,0,1
1,0,0,0,0,0,0,11,0,11,0,0,0,1
0,0,0,0,0,0,0,4,0,4,0,0,0,1
0,0,0,0,0,0,0,5,0,5,0,0,0,1
0,0,0,0,0,0,0,2,0,2,0,0,0,1
0,0,0,0,0,0,0,2,0,2,0,0,0,1
1,0,0,0,0,0,0,7,0,7,0,0,0,1
1,0,0,0,0,0,0,17,0,17,0,0,0,1
0,0,0,0,0,0,0,2,0,2,0,0,0,1
0,0,0,0,0,0,0,15,0,15,0,0,0,1
0,0,0,0,0,0,0,5,0,5,0,0,0,1
0,0,0,0,0,0,0,8,0,8,0,0,0,1
0,0,0,0,0,0,0,1,0,1,0,0,0,1
20,1.6,6.1333333333,3.1333333333,19,8,92,5,15,5,15,112,152,1
0,1,14,6,3,1,14,0,1,0,1,4,3,1
1,33,189,3.8333333333,16,2,1134,1,6,1,6,66,32,1
1,0,0,0,0,0,0,5,0,5,0,0,0,1
47,12.6206896552,70.724137931,3.3103448276,32,8,2051,8,29,8,29,234,256,0
242,7.5909090909,50.9545454545,1.6363636364,18,18,1121,27,22,27,22,107,324,0
0,0,0,0,0,0,0,6,0,6,0,0,0,1
0,0,0,0,0,0,0,0,0,0,0,0,0,1
0,0,0,0,0,0,0,0,0,0,0,0,0,1
0,0,0,0,0,0,0,0,0,0,0,0,0,1
0,0,0,0,0,0,0,0,0,0,0,0,0,1
118,5.3333333333,30,1.3333333333,16,5,270,19,9,19,9,46,80,0
0,0,0,0,0,0,0,0,0,0,0,0,0,1
1,1,1,2,0,1,1,13,1,13,1,1,0,1
0,4.6666666667,31,1.4166666667,14,4,372,1,12,1,12,57,56,1
1,0,0,0,0,0,0,7,0,7,0,0,0,1
1,2,14.875,1.25,3,2,119,1,8,1,8,18,6,1
0,1,14,2,2,6,84,0,6,0,6,16,12,1
1,2.8421052632,15.6842105263,1.8947368421,11,19,298,3,19,3,19,47,209,1
1,0,0,0,0,0,0,8,0,8,0,0,0,1
1,0,0,0,0,0,0,14,0,14,0,0,0,1
0,0,0,0,0,0,0,51,0,51,0,0,0,1
0,0,0,0,0,0,0,2,0,2,0,0,0,1
0,0,0,0,0,0,0,6,0,6,0,0,0,1
2,0,0,0,0,0,0,3,0,3,0,0,0,1
2,3.390625,24.359375,1.34375,50,34,1559,9,64,9,64,299,1700,0
1,0,0,0,0,0,0,2,0,2,0,0,0,1
0,0,0,0,0,0,0,0,0,0,0,0,0,1
0,1,1,0.75,0,4,4,1,4,1,4,4,0,1
0,0,0,0,0,0,0,13,0,13,0,0,0,1
0,0,0,0,0,0,0,5,0,5,0,0,0,1
0,1,2.5,1,1,2,5,0,2,0,2,3,2,1
0,0,0,0,0,0,0,2,0,2,0,0,0,1
0,1,1,1,0,1,1,1,1,1,1,1,0,1
0,1,1,1,0,6,6,1,6,1,6,6,0,1
0,0,0,0,0,0,0,0,0,0,0,0,0,1
4,6.4382022472,38.808988764,2.7415730337,43,9,3454,2,89,2,89,540,387,0
0,0,0,0,0,0,0,5,0,5,0,0,0,1
0,0,0,0,0,0,0,3,0,3,0,0,0,1
2,25.6666666667,157.1111111111,3.7777777778,31,2,1414,0,9,0,9,101,62,1
0,5,30,4.25,8,4,120,0,4,0,4,19,32,1
0,17,105,6,13,2,210,0,2,0,2,21,26,1
1,1,402,7,12,1,402,0,1,0,1,19,12,1
1,11.3720930233,52.6976744186,2.9069767442,19,4,2266,0,43,0,43,338,76,0
3,8.8142857143,50.8,2.3571428571,32,3,3556,0,70,0,70,491,96,0
0,0,0,0,0,0,0,2,0,2,0,0,0,1
0,0,0,0,0,0,0,10,0,10,0,0,0,1
2,0,0,0,0,0,0,10,0,10,0,0,0,1
0,0,0,0,0,0,0,4,0,4,0,0,0,1
0,0,0,0,0,0,0,2,0,2,0,0,0,1
2,0,0,0,0,0,0,7,0,7,0,0,0,1
2,0,0,0,0,0,0,3,0,3,0,0,0,1
0,0,0,0,0,0,0,4,0,4,0,0,0,1
0,0,0,0,0,0,0,4,0,4,0,0,0,1
0,0,0,0,0,0,0,2,0,2,0,0,0,1
0,0,0,0,0,0,0,2,0,2,0,0,0,1
0,0,0,0,0,0,0,12,0,12,0,0,0,1
4,0,0,0,0,0,0,8,0,8,0,0,0,1
0,0,0,0,0,0,0,4,0,4,0,0,0,1
0,0,0,0,0,0,0,13,0,13,0,0,0,1
0,0,0,0,0,0,0,4,0,4,0,0,0,1
1,0,0,0,0,0,0,3,0,3,0,0,0,1
0,0,0,0,0,0,0,8,0,8,0,0,0,1
2,0,0,0,0,0,0,2,0,2,0,0,0,1
0,0,0,0,0,0,0,9,0,9,0,0,0,1
29,1,10,5,0,1,10,25,1,25,1,1,0,1
6,1.8125,17,2.625,3,3,272,0,16,0,16,42,9,1
0,3.5,17.75,2.9166666667,4,12,213,0,12,0,12,30,48,1
0,0,0,0,0,0,0,0,0,0,0,0,0,1
3,10.8769230769,64.4153846154,2.9230769231,55,25,4187,19,65,19,65,602,1375,0
1,0,0,0,0,0,0,8,0,8,0,0,0,1
0,1,1,4,0,4,4,0,4,0,4,4,0,1
0,0,0,0,0,0,0,0,0,0,0,0,0,1
1,1,41,4,1,1,41,0,1,0,1,2,1,1
0,1,1,3,0,52,52,0,52,0,52,52,0,1
0,1,1,1.1,0,10,10,9,10,9,10,10,0,1
0,1,1,1.6666666667,0,3,3,3,3,3,3,3,0,1
1,3.2181818182,18.4181818182,2,24,41,1013,15,55,15,55,327,984,0
0,0,0,0,0,0,0,2,0,2,0,0,0,1
1,0,0,0,0,0,0,3,0,3,0,0,0,1
1,0,0,0,0,0,0,40,0,40,0,0,0,1
0,0,0,0,0,0,0,2,0,2,0,0,0,1
0,0,0,0,0,0,0,9,0,9,0,0,0,1
0,0,0,0,0,0,0,15,0,15,0,0,0,1
0,1,1,1,0,1,1,3,1,3,1,1,0,1
0,1,4,3.25,3,2,16,0,4,0,4,14,6,1
3,1,1,1,0,1,1,13,1,13,1,1,0,1
0,1,1,1,0,1,1,1,1,1,1,1,0,1
1,1,1,4.1111111111,0,9,9,0,9,0,9,9,0,1
0,2.8235294118,18.3921568627,2.0196078431,27,13,938,12,51,12,51,390,351,0
1,0,0,0,0,0,0,7,0,7,0,0,0,1
1,0,0,0,0,0,0,8,0,8,0,0,0,1
1,0,0,0,0,0,0,3,0,3,0,0,0,1
3,1,1,1.4,0,5,5,21,5,21,5,5,0,1
0,0,0,0,0,0,0,2,0,2,0,0,0,1
0,0,0,0,0,0,0,26,0,26,0,0,0,1
0,0,0,0,0,0,0,4,0,4,0,0,0,1
0,0,0,0,0,0,0,6,0,6,0,0,0,1
0,0,0,0,0,0,0,4,0,4,0,0,0,1
0,0,0,0,0,0,0,2,0,2,0,0,0,1
0,0,0,0,0,0,0,4,0,4,0,0,0,1
0,0,0,0,0,0,0,2,0,2,0,0,0,1
0,1,1,1,0,1,1,4,1,4,1,1,0,1
1,2.6428571429,16.2959183673,2.3010204082,30,125,3194,75,196,75,196,743,3750,0
2,0,0,0,0,0,0,1,0,1,0,0,0,1
1,0,0,0,0,0,0,17,0,17,0,0,0,1
2,0,0,0,0,0,0,22,0,22,0,0,0,1
0,0,0,0,0,0,0,8,0,8,0,0,0,1
1,0,0,0,0,0,0,23,0,23,0,0,0,1
1,0,0,0,0,0,0,10,0,10,0,0,0,1
0,0,0,0,0,0,0,4,0,4,0,0,0,1
0,0,0,0,0,0,0,2,0,2,0,0,0,1
0,0,0,0,0,0,0,2,0,2,0,0,0,1
1,0,0,0,0,0,0,3,0,3,0,0,0,1
1,0,0,0,0,0,0,1,0,1,0,0,0,1
1,0,0,0,0,0,0,9,0,9,0,0,0,1
0,0,0,0,0,0,0,11,0,11,0,0,0,1
0,0,0,0,0,0,0,5,0,5,0,0,0,1
0,0,0,0,0,0,0,0,0,0,0,0,0,1
0,0,0,0,0,0,0,176,0,176,0,0,0,1
0,0,0,0,0,0,0,2,0,2,0,0,0,1
0,0,0,0,0,0,0,0,0,0,0,0,0,1
0,0,0,0,0,0,0,5,0,5,0,0,0,1
0,0,0,0,0,0,0,2,0,2,0,0,0,1
0,0,0,0,0,0,0,7,0,7,0,0,0,1
0,0,0,0,0,0,0,4,0,4,0,0,0,1
0,0,0,0,0,0,0,7,0,7,0,0,0,1
0,0,0,0,0,0,0,2,0,2,0,0,0,1
0,0,0,0,0,0,0,2,0,2,0,0,0,1
0,0,0,0,0,0,0,6,0,6,0,0,0,1
0,0,0,0,0,0,0,6,0,6,0,0,0,1
1,5.9807692308,39.1797082228,2.4681697613,150,241,59083,45,1508,45,1508,12808,36150,0
2,0,0,0,0,0,0,4,0,4,0,0,0,1
1,0,0,0,0,0,0,2,0,2,0,0,0,1
1,0,0,0,0,0,0,5,0,5,0,0,0,1
2,0,0,0,0,0,0,3,0,3,0,0,0,1
1,0,0,0,0,0,0,21,0,21,0,0,0,1
0,0,0,0,0,0,0,13,0,13,0,0,0,1
1,0,0,0,0,0,0,6,0,6,0,0,0,1
1,0,0,0,0,0,0,4,0,4,0,0,0,1
1,0,0,0,0,0,0,10,0,10,0,0,0,1
2,0,0,0,0,0,0,5,0,5,0,0,0,1
2,0,0,0,0,0,0,11,0,11,0,0,0,1
2,0,0,0,0,0,0,9,0,9,0,0,0,1
1,0,0,0,0,0,0,1,0,1,0,0,0,1
2,0,0,0,0,0,0,1,0,1,0,0,0,1
1,0,0,0,0,0,0,4,0,4,0,0,0,1
0,0,0,0,0,0,0,2,0,2,0,0,0,1
1,0,0,0,0,0,0,11,0,11,0,0,0,1
2,0,0,0,0,0,0,3,0,3,0,0,0,1
1,0,0,0,0,0,0,3,0,3,0,0,0,1
2,0,0,0,0,0,0,4,0,4,0,0,0,1
1,0,0,0,0,0,0,9,0,9,0,0,0,1
2,0,0,0,0,0,0,6,0,6,0,0,0,1
1,0,0,0,0,0,0,7,0,7,0,0,0,1
2,0,0,0,0,0,0,21,0,21,0,0,0,1
1,0,0,0,0,0,0,10,0,10,0,0,0,1
1,0,0,0,0,0,0,2,0,2,0,0,0,1
1,0,0,0,0,0,0,5,0,5,0,0,0,1
1,0,0,0,0,0,0,5,0,5,0,0,0,1
1,0,0,0,0,0,0,15,0,15,0,0,0,1
1,0,0,0,0,0,0,5,0,5,0,0,0,1
0,0,0,0,0,0,0,2,0,2,0,0,0,1
1,0,0,0,0,0,0,2,0,2,0,0,0,1
1,0,0,0,0,0,0,12,0,12,0,0,0,1
1,0,0,0,0,0,0,6,0,6,0,0,0,1
1,0,0,0,0,0,0,4,0,4,0,0,0,1
1,0,0,0,0,0,0,21,0,21,0,0,0,1
0,0,0,0,0,0,0,2,0,2,0,0,0,1
0,0,0,0,0,0,0,2,0,2,0,0,0,1
1,0,0,0,0,0,0,4,0,4,0,0,0,1
1,0,0,0,0,0,0,7,0,7,0,0,0,1
1,0,0,0,0,0,0,3,0,3,0,0,0,1
1,0,0,0,0,0,0,3,0,3,0,0,0,1
1,0,0,0,0,0,0,2,0,2,0,0,0,1
1,0,0,0,0,0,0,3,0,3,0,0,0,1
1,0,0,0,0,0,0,15,0,15,0,0,0,1
1,0,0,0,0,0,0,7,0,7,0,0,0,1
0,0,0,0,0,0,0,3,0,3,0,0,0,1
1,0,0,0,0,0,0,20,0,20,0,0,0,1
0,0,0,0,0,0,0,1,0,1,0,0,0,1
0,0,0,0,0,0,0,2,0,2,0,0,0,1
0,0,0,0,0,0,0,2,0,2,0,0,0,1
1,0,0,0,0,0,0,13,0,13,0,0,0,1
1,0,0,0,0,0,0,11,0,11,0,0,0,1
1,0,0,0,0,0,0,18,0,18,0,0,0,1
1,0,0,0,0,0,0,5,0,5,0,0,0,1
1,0,0,0,0,0,0,4,0,4,0,0,0,1
1,0,0,0,0,0,0,5,0,5,0,0,0,1
2,0,0,0,0,0,0,67,0,67,0,0,0,1
0,0,0,0,0,0,0,6,0,6,0,0,0,1
1,0,0,0,0,0,0,2,0,2,0,0,0,1
1,0,0,0,0,0,0,10,0,10,0,0,0,1
1,0,0,0,0,0,0,10,0,10,0,0,0,1
1,0,0,0,0,0,0,4,0,4,0,0,0,1
2,0,0,0,0,0,0,9,0,9,0,0,0,1
1,0,0,0,0,0,0,4,0,4,0,0,0,1
0,0,0,0,0,0,0,32,0,32,0,0,0,1
1,0,0,0,0,0,0,6,0,6,0,0,0,1
0,0,0,0,0,0,0,2,0,2,0,0,0,1
1,0,0,0,0,0,0,26,0,26,0,0,0,1
1,0,0,0,0,0,0,14,0,14,0,0,0,1
2,0,0,0,0,0,0,15,0,15,0,0,0,1
0,0,0,0,0,0,0,5,0,5,0,0,0,1
2,0,0,0,0,0,0,3,0,3,0,0,0,1
2,0,0,0,0,0,0,2,0,2,0,0,0,1
2,0,0,0,0,0,0,6,0,6,0,0,0,1
2,0,0,0,0,0,0,51,0,51,0,0,0,1
0,0,0,0,0,0,0,2,0,2,0,0,0,1
1,0,0,0,0,0,0,12,0,12,0,0,0,1
0,0,0,0,0,0,0,2,0,2,0,0,0,1
0,0,0,0,0,0,0,1,0,1,0,0,0,1
1,0,0,0,0,0,0,1,0,1,0,0,0,1
0,0,0,0,0,0,0,8,0,8,0,0,0,1
1,0,0,0,0,0,0,6,0,6,0,0,0,1
1,0,0,0,0,0,0,4,0,4,0,0,0,1
1,0,0,0,0,0,0,3,0,3,0,0,0,1
1,0,0,0,0,0,0,12,0,12,0,0,0,1
1,0,0,0,0,0,0,3,0,3,0,0,0,1
0,0,0,0,0,0,0,4,0,4,0,0,0,1
1,0,0,0,0,0,0,2,0,2,0,0,0,1
1,0,0,0,0,0,0,10,0,10,0,0,0,1
1,0,0,0,0,0,0,10,0,10,0,0,0,1
1,0,0,0,0,0,0,5,0,5,0,0,0,1
0,0,0,0,0,0,0,7,0,7,0,0,0,1
0,0,0,0,0,0,0,3,0,3,0,0,0,1
1,0,0,0,0,0,0,12,0,12,0,0,0,1
1,0,0,0,0,0,0,7,0,7,0,0,0,1
1,0,0,0,0,0,0,11,0,11,0,0,0,1
1,0,0,0,0,0,0,5,0,5,0,0,0,1
1,0,0,0,0,0,0,1,0,1,0,0,0,1
0,0,0,0,0,0,0,11,0,11,0,0,0,1
1,0,0,0,0,0,0,3,0,3,0,0,0,1
1,0,0,0,0,0,0,2,0,2,0,0,0,1
1,0,0,0,0,0,0,9,0,9,0,0,0,1
1,0,0,0,0,0,0,6,0,6,0,0,0,1
1,0,0,0,0,0,0,53,0,53,0,0,0,1
1,0,0,0,0,0,0,11,0,11,0,0,0,1
1,0,0,0,0,0,0,2,0,2,0,0,0,1
1,0,0,0,0,0,0,16,0,16,0,0,0,1
0,0,0,0,0,0,0,3,0,3,0,0,0,1
0,0,0,0,0,0,0,5,0,5,0,0,0,1
1,0,0,0,0,0,0,18,0,18,0,0,0,1
1,0,0,0,0,0,0,2,0,2,0,0,0,1
1,0,0,0,0,0,0,4,0,4,0,0,0,1
1,0,0,0,0,0,0,10,0,10,0,0,0,1
1,0,0,0,0,0,0,32,0,32,0,0,0,1
1,0,0,0,0,0,0,8,0,8,0,0,0,1
1,0,0,0,0,0,0,20,0,20,0,0,0,1
1,0,0,0,0,0,0,8,0,8,0,0,0,1
1,0,0,0,0,0,0,12,0,12,0,0,0,1
1,0,0,0,0,0,0,7,0,7,0,0,0,1
1,0,0,0,0,0,0,2,0,2,0,0,0,1
0,0,0,0,0,0,0,2,0,2,0,0,0,1
0,0,0,0,0,0,0,4,0,4,0,0,0,1
1,0,0,0,0,0,0,2,0,2,0,0,0,1
0,0,0,0,0,0,0,4,0,4,0,0,0,1
1,0,0,0,0,0,0,4,0,4,0,0,0,1
0,0,0,0,0,0,0,5,0,5,0,0,0,1
0,0,0,0,0,0,0,1,0,1,0,0,0,1
0,0,0,0,0,0,0,2,0,2,0,0,0,1
0,0,0,0,0,0,0,7,0,7,0,0,0,1
2,0,0,0,0,0,0,2,0,2,0,0,0,1
1,0,0,0,0,0,0,13,0,13,0,0,0,1
0,0,0,0,0,0,0,3,0,3,0,0,0,1
1,0,0,0,0,0,0,8,0,8,0,0,0,1
1,0,0,0,0,0,0,2,0,2,0,0,0,1
1,0,0,0,0,0,0,1,0,1,0,0,0,1
1,0,0,0,0,0,0,2,0,2,0,0,0,1
1,0,0,0,0,0,0,3,0,3,0,0,0,1
1,0,0,0,0,0,0,2,0,2,0,0,0,1
1,0,0,0,0,0,0,2,0,2,0,0,0,1
1,0,0,0,0,0,0,2,0,2,0,0,0,1
0,0,0,0,0,0,0,2,0,2,0,0,0,1
1,0,0,0,0,0,0,17,0,17,0,0,0,1
0,0,0,0,0,0,0,2,0,2,0,0,0,1
1,0,0,0,0,0,0,3,0,3,0,0,0,1
1,0,0,0,0,0,0,3,0,3,0,0,0,1
0,0,0,0,0,0,0,2,0,2,0,0,0,1
0,6.5981308411,37.6448598131,1.4112149533,31,47,4028,0,107,0,107,694,1457,0
27,1.625,32.125,1,8,3,257,6,8,6,8,38,24,1
9,1,31,2.4,6,1,155,3,5,3,5,24,6,1
3,1,33.2,2,5,2,166,2,5,2,5,24,10,1
3,0,0,0,0,0,0,4,0,4,0,0,0,1
12,1.1184210526,5.1842105263,1.1842105263,18,76,394,2,76,2,76,126,1368,0
0,0,0,0,0,0,0,39,0,39,0,0,0,1
0,0,0,0,0,0,0,2,0,2,0,0,0,1
0,0,0,0,0,0,0,2,0,2,0,0,0,1
1,0,0,0,0,0,0,2,0,2,0,0,0,1
2,6.3333333333,36.75,1.9166666667,13,1,441,2,12,2,12,71,13,1
3,0,0,0,0,0,0,4,0,4,0,0,0,1
0,1,17,1,4,1,17,1,1,1,1,5,4,1
0,1,1,1,0,1,1,0,1,0,1,1,0,1
0,1,1,3.6891891892,0,74,74,0,74,0,74,74,0,1
0,1,1,3.1,0,20,20,0,20,0,20,20,0,1
0,5.1428571429,54.1428571429,3.4285714286,6,1,379,4,7,4,7,29,6,1
1,0,0,0,0,0,0,2,0,2,0,0,0,1
1,2.2222222222,57.7777777778,2.4444444444,7,1,520,19,9,19,9,75,7,1
1,0,0,0,0,0,0,10,0,10,0,0,0,1
2,3,60.625,2.625,10,1,485,5,8,5,8,50,10,1
2,0,0,0,0,0,0,4,0,4,0,0,0,1
0,5.875,62.75,2.625,13,3,502,5,8,5,8,54,39,0
2,0,0,0,0,0,0,4,0,4,0,0,0,1
0,1,1,1,0,1,1,0,1,0,1,1,0,1
0,8,39.5,2.5,2,1,79,4,2,4,2,9,2,1
0,1,23,1,1,1,23,4,1,4,1,4,1,1
0,1.4166666667,23.8333333333,1.0833333333,9,7,286,3,12,3,12,44,63,1
0,0,0,0,0,0,0,1,0,1,0,0,0,1
2,1,1,2.25,0,4,4,0,4,0,4,4,0,1
0,2,21.6,1,5,3,108,0,5,0,5,18,15,1
0,21.75,112.75,2,5,3,451,0,4,0,4,22,15,1
1,5.8125,23.1875,1.25,12,10,371,0,16,0,16,46,120,1
0,6.88,41.08,1.42,35,45,2054,3,50,3,50,264,1575,0
1,6.6666666667,51.5555555556,1.6666666667,19,12,928,0,18,0,18,96,228,0
9,7.5,38.8409090909,3.6363636364,29,21,1709,23,44,23,44,266,609,0
1,0,0,0,0,0,0,4,0,4,0,0,0,1
1,0,0,0,0,0,0,2,0,2,0,0,0,1
1,0,0,0,0,0,0,9,0,9,0,0,0,1
1,0,0,0,0,0,0,5,0,5,0,0,0,1
1,0,0,0,0,0,0,10,0,10,0,0,0,1
1,0,0,0,0,0,0,9,0,9,0,0,0,1
1,0,0,0,0,0,0,5,0,5,0,0,0,1
1,0,0,0,0,0,0,3,0,3,0,0,0,1
1,0,0,0,0,0,0,3,0,3,0,0,0,1
0,0,0,0,0,0,0,2,0,2,0,0,0,1
6,1,58,2,1,2,174,0,3,0,3,5,2,1
0,6.5714285714,46.7142857143,4.5714285714,13,1,654,2,14,2,14,79,13,0
0,5.3333333333,30.6666666667,1.3333333333,7,1,92,0,3,0,3,12,7,1
137,8.5909090909,40.3636363636,2.7272727273,17,7,888,7,22,7,22,100,119,0
3,1,1,2.1,0,10,10,0,10,0,10,10,0,1
207,6.8108108108,35.1351351351,2.6486486486,17,6,1300,10,37,10,37,160,102,0
8,0,0,0,0,0,0,2075,0,2075,0,0,0,1
0,0,0,0,0,0,0,2,0,2,0,0,0,1
0,0,0,0,0,0,0,1,0,1,0,0,0,1
0,0,0,0,0,0,0,1,0,1,0,0,0,1
0,0,0,0,0,0,0,2,0,2,0,0,0,1
1,0,0,0,0,0,0,8,0,8,0,0,0,1
0,0,0,0,0,0,0,3,0,3,0,0,0,1
0,0,0,0,0,0,0,3,0,3,0,0,0,1
1,0,0,0,0,0,0,6,0,6,0,0,0,1
0,0,0,0,0,0,0,2,0,2,0,0,0,1
0,0,0,0,0,0,0,2,0,2,0,0,0,1
1,0,0,0,0,0,0,2,0,2,0,0,0,1
0,0,0,0,0,0,0,4,0,4,0,0,0,1
1,0,0,0,0,0,0,2,0,2,0,0,0,1
1,1,105,6,12,1,210,0,2,0,2,21,12,1
0,4.76,17.48,1.32,22,25,437,4,25,4,25,88,550,0
1,5.7058823529,31.2941176471,1.6176470588,13,3,1064,14,34,14,34,167,39,0
1,0,0,0,0,0,0,4,0,4,0,0,0,1
0,1.4545454545,10.1818181818,2.8181818182,10,3,112,1,11,1,11,43,30,1
8,2.5,6.5,1,3,2,13,0,2,0,2,6,6,1
0,3.2857142857,37.4285714286,2.5714285714,8,2,262,1,7,1,7,34,16,1
3,1.4,11.6,1,1,2,58,1,5,1,5,10,2,1
0,6,31.6666666667,3.6666666667,2,1,95,0,3,0,3,7,2,1
1,1.6140350877,17.7192982456,1.3859649123,12,34,1010,0,57,0,57,181,408,0
6,2.75,35.25,2,9,1,282,0,8,0,8,50,9,1
1,0,0,0,0,0,0,8,0,8,0,0,0,1
0,24.3333333333,112.3333333333,2.6666666667,3,2,337,1,3,1,3,7,6,1
0,0,0,0,0,0,0,0,0,0,0,0,0,1
0,1.4,176.4,2.2,11,1,882,9,5,9,5,54,11,1
0,1,11.7777777778,1,2,2,106,0,9,0,9,22,4,1
3,1,32.5125,1.1125,25,76,2601,2,80,2,80,447,1900,0
0,6,32.5714285714,1,9,7,228,0,7,0,7,34,63,1
0,1,34.6666666667,1,9,3,104,0,3,0,3,16,27,1
0,1,1,3,0,2,2,0,2,0,2,2,0,1
1,3.875,84.625,2.25,14,7,677,1,8,1,8,37,98,1
0,2.8181818182,22,1,9,11,242,0,11,0,11,32,99,1
0,3,20.3333333333,1,3,3,61,0,3,0,3,11,9,1
2,1,14.0333333333,1.1666666667,16,29,421,0,30,0,30,69,464,0
42,1,37,1,3,1,37,3,1,3,1,5,3,1
9,1,97,6,9,1,194,4,2,4,2,17,9,1
0,9,28,1.1428571429,4,7,196,0,7,0,7,26,28,1
2,1,16.3333333333,2,6,3,49,0,3,0,3,15,18,1
0,16.5,92,1,7,2,184,0,2,0,2,12,14,1
0,1.6666666667,10.6666666667,1,1,3,32,0,3,0,3,4,3,1
0,0,0,0,0,0,0,3,0,3,0,0,0,1
1,1,1,2,0,4,4,0,4,0,4,4,0,1
0,3.0192307692,15.1346153846,1.25,12,52,787,0,52,0,52,174,624,0
0,1,21,1,3,1,21,0,1,0,1,4,3,1
0,1,1,1,0,5,5,0,5,0,5,5,0,1
0,1.5,16.5,1,4,4,66,0,4,0,4,8,16,1
0,1,5,2,1,2,10,0,2,0,2,3,2,1
31,0,0,0,0,0,0,3,0,3,0,0,0,1
0,7.2,38.5789473684,1.9157894737,36,95,3665,0,95,0,95,375,3420,0
0,3.5882352941,16.3529411765,1,8,17,278,0,17,0,17,49,136,1
1,1,36.5,2,7,2,146,0,4,0,4,19,14,1
6,1.3333333333,26.9444444444,1.8888888889,17,12,485,0,18,0,18,82,204,1
0,0,0,0,0,0,0,4,0,4,0,0,0,1
1,1,53.3333333333,1.3333333333,4,1,160,0,3,0,3,10,4,1
0,0,0,0,0,0,0,0,0,0,0,0,0,1
0,0,0,0,0,0,0,2,0,2,0,0,0,1
0,0,0,0,0,0,0,6,0,6,0,0,0,1
1,1.6,45,2,5,3,225,0,5,0,5,14,15,1
6,1.25,16.3333333333,1.0833333333,8,4,196,0,12,0,12,37,32,1
4,4,168,2.6666666667,11,1,1008,0,6,0,6,29,11,1
0,0,0,0,0,0,0,5,0,5,0,0,0,1
0,0,0,0,0,0,0,2,0,2,0,0,0,1
3,2.2,28,2,12,3,280,1,10,1,10,47,36,1
1,0,0,0,0,0,0,3,0,3,0,0,0,1
0,9,77,1,3,1,77,0,1,0,1,4,3,1
0,4.9555555556,31.8444444444,1.2888888889,36,29,1433,0,45,0,45,279,1044,0
22,2.3364485981,40.6168224299,2.1495327103,36,48,4346,3,107,3,107,469,1728,0
3,5.6666666667,41.6666666667,4.3333333333,3,1,125,0,3,0,3,10,3,1
0,1.3888888889,17.1666666667,1.0555555556,9,10,309,0,18,0,18,63,90,1
14,8.9375,41.5625,1.5,15,4,665,1,16,1,16,78,60,0
5,0,0,0,0,0,0,8,0,8,0,0,0,1
3,9.75,41.2916666667,2,16,11,991,0,24,0,24,84,176,0
1,0,0,0,0,0,0,11,0,11,0,0,0,1
0,4.1333333333,33,1.5333333333,16,7,495,7,15,7,15,82,112,0
3,0,0,0,0,0,0,2,0,2,0,0,0,1
0,6.5,36.5,2,8,4,146,0,4,0,4,19,32,1
0,5.75,36.4166666667,2.5,26,12,874,0,24,0,24,160,312,0
0,30.7333333333,76.0666666667,2,20,4,1141,0,15,0,15,89,80,0
2,0,0,0,0,0,0,3,0,3,0,0,0,1
0,10.5,48,1.5,6,3,192,0,4,0,4,14,18,1
1,0,0,0,0,0,0,2,0,2,0,0,0,1
0,0,0,0,0,0,0,0,0,0,0,0,0,1
0,0,0,0,0,0,0,11,0,11,0,0,0,1
0,0,0,0,0,0,0,0,0,0,0,0,0,1
0,0,0,0,0,0,0,0,0,0,0,0,0,1
0,0,0,0,0,0,0,0,0,0,0,0,0,1
0,0,0,0,0,0,0,3,0,3,0,0,0,1
0,1,45.5,1,0,6,273,1,6,1,6,6,0,1
0,65.5,134.5,1,0,2,269,0,2,0,2,2,0,1
0,0,0,0,0,0,0,0,0,0,0,0,0,1
0,1,1,2.1666666667,0,6,6,0,6,0,6,6,0,1
69,2.4230769231,15.8076923077,1.1153846154,7,8,411,7,26,7,26,97,56,1
1,3.2352941176,20.9705882353,1.7352941176,22,18,713,6,34,6,34,167,396,0
1,0,0,0,0,0,0,6,0,6,0,0,0,1
1,3,14,4.2,4,3,70,1,5,1,5,20,12,1
6,1.2666666667,15.5,1.5666666667,4,5,465,9,30,9,30,140,20,1
1,0,0,0,0,0,0,3,0,3,0,0,0,1
0,0,0,0,0,0,0,2,0,2,0,0,0,1
5,2.5,9.5,1.5,3,4,57,1,6,1,6,14,12,1
7,0,0,0,0,0,0,3,0,3,0,0,0,1
0,2,16.5,2.25,3,1,66,1,4,1,4,27,3,1
1,1,5,1,3,2,10,0,2,0,2,5,6,1
5,3.6,26.8666666667,2.8,14,2,403,1,15,1,15,90,28,1
0,0,0,0,0,0,0,4,0,4,0,0,0,1
0,0,0,0,0,0,0,3,0,3,0,0,0,1
2,0,0,0,0,0,0,1,0,1,0,0,0,1
0,0,0,0,0,0,0,5,0,5,0,0,0,1
5,0,0,0,0,0,0,2,0,2,0,0,0,1
6,0,0,0,0,0,0,5,0,5,0,0,0,1
1,9,41.5,1.6666666667,10,2,249,0,6,0,6,78,20,1
1,7.3076923077,43.2307692308,1.9230769231,12,2,562,1,13,1,13,111,24,1
1,0,0,0,0,0,0,2,0,2,0,0,0,1
1,8.6666666667,56.5,2.1666666667,11,2,339,1,6,1,6,71,22,1
9,3.0722891566,13.0963855422,1.6144578313,26,35,1087,1,83,1,83,277,910,0
0,0,0,0,0,0,0,2,0,2,0,0,0,1
3,0,0,0,0,0,0,2,0,2,0,0,0,1
3,0,0,0,0,0,0,1,0,1,0,0,0,1
0,0,0,0,0,0,0,2,0,2,0,0,0,1
4,4.6923076923,30.1538461538,2.6153846154,12,4,392,0,13,0,13,98,48,1
2,1,6,1,1,1,6,0,1,0,1,2,1,1
1,0,0,0,0,0,0,2,0,2,0,0,0,1
0,8.5,23,2,3,2,46,0,2,0,2,5,6,1
1,0,0,0,0,0,0,7,0,7,0,0,0,1
1,0,0,0,0,0,0,5,0,5,0,0,0,1
1,0,0,0,0,0,0,2,0,2,0,0,0,1
0,0,0,0,0,0,0,3,0,3,0,0,0,1
3,0,0,0,0,0,0,3,0,3,0,0,0,1
0,0,0,0,0,0,0,0,0,0,0,0,0,1
0,4.3125,26.875,1,13,16,430,1,16,1,16,90,208,0
1,4.8387096774,34.5483870968,1.4838709677,24,6,1071,0,31,0,31,197,144,0
24,3.1395348837,19.1395348837,1.1395348837,17,20,823,4,43,4,43,160,340,0
1,0,0,0,0,0,0,3,0,3,0,0,0,1
1,0,0,0,0,0,0,2,0,2,0,0,0,1
2,1.1923076923,4.9230769231,2.2307692308,7,23,128,3,26,3,26,37,161,1
2,0,0,0,0,0,0,13,0,13,0,0,0,1
2,1,31.9166666667,1,19,12,383,2,12,2,12,89,228,1
0,6.4210526316,42.7894736842,1.3684210526,30,12,813,1,19,1,19,156,360,0
9,2,9,4,4,1,9,10,1,10,1,5,4,1
0,2,9,3,4,1,9,0,1,0,1,5,4,1
0,7,43,2,8,1,43,0,1,0,1,10,8,1
0,10.4444444444,60.4444444444,2.5555555556,26,2,544,0,9,0,9,108,52,1
0,0,0,0,0,0,0,2,0,2,0,0,0,1
0,4,21,2,2,1,21,0,1,0,1,3,2,1
10,1.5294117647,27.3529411765,2.4117647059,9,3,465,18,17,18,17,139,27,1
2,1,13,1,2,1,13,0,1,0,1,7,2,1
3,1,39,1,3,1,39,0,1,0,1,13,3,1
4,0,0,0,0,0,0,3,0,3,0,0,0,1
2,1.5714285714,6.5714285714,1.8571428571,4,7,46,3,7,3,7,18,28,1
0,1,4,1,1,1,4,0,1,0,1,2,1,1
0,1,4,3,1,1,4,0,1,0,1,2,1,1
3,2,7,1,1,1,7,0,1,0,1,3,1,1
2,1,45,1,4,1,45,0,1,0,1,7,4,1
0,4,25,4,2,1,25,0,1,0,1,5,2,1
1,5,22,1,2,1,22,0,1,0,1,3,2,1
0,3,22,3,2,1,22,0,1,0,1,3,2,1
0,1,4,1,1,1,4,0,1,0,1,2,1,1
1,1,4,3,1,1,4,0,1,0,1,2,1,1
0,3,21,2,5,1,21,0,1,0,1,12,5,1
0,1,4,1,1,1,4,0,1,0,1,2,1,1
2,1,27,5,4,1,27,0,1,0,1,5,4,1
0,2,9,3,3,1,9,0,1,0,1,4,3,1
0,2,10,4,3,1,10,0,1,0,1,4,3,1
1,1,4,3,1,1,4,0,1,0,1,2,1,1
3,13.5,70.5,2.5,13,1,141,0,2,0,2,30,13,1
1,6,25,3,3,1,25,0,1,0,1,5,3,1
3,1,37,1,6,1,37,0,1,0,1,16,6,1
0,6,20,3,3,1,20,0,1,0,1,7,3,1
2,1,8,3,3,1,8,0,1,0,1,5,3,1
2,2,6,1,1,1,6,0,1,0,1,2,1,1
1,2,6,1,1,1,6,0,1,0,1,2,1,1
0,5,18,4,6,1,18,0,1,0,1,12,6,1
0,5,18,4,6,1,18,0,1,0,1,12,6,1
6,1,14,3.5,6,1,28,0,2,0,2,15,6,1
0,4,12,2,3,1,12,0,1,0,1,5,3,1
0,2,7,1,2,1,7,0,1,0,1,3,2,1
5,1,14,3,3,1,14,0,1,0,1,4,3,1
6,1,25.5,3.5,10,1,51,0,2,0,2,19,10,1
1,1,25,1,2,1,25,0,1,0,1,18,2,1
1,7.0909090909,44.2727272727,3.5454545455,15,1,487,0,11,0,11,101,15,1
0,5,28,3,4,1,28,0,1,0,1,5,4,1
2,2,19,3.5,9,1,38,0,2,0,2,18,9,1
0,5,28,3,3,1,28,0,1,0,1,4,3,1
0,6,29,3,1,1,29,0,1,0,1,3,1,1
0,5,19,2,1,1,19,0,1,0,1,2,1,1
0,5,30,4,3,1,30,0,1,0,1,4,3,1
0,5,30,4,3,1,30,0,1,0,1,4,3,1
3,1,32,3,6,1,32,0,1,0,1,10,6,1
2,8.5,54,4,9,2,108,0,2,0,2,21,18,1
1,0,0,0,0,0,0,5,0,5,0,0,0,1
3,3,14,1,0,1,14,0,1,0,1,1,0,1
2,9,50.5,4,8,1,101,0,2,0,2,18,8,1
1,0,0,0,0,0,0,5,0,5,0,0,0,1
1,9.8333333333,51.8333333333,3.8333333333,14,1,311,0,6,0,6,65,14,1
1,0,0,0,0,0,0,6,0,6,0,0,0,1
4,11,47,3,0,1,47,0,1,0,1,1,0,1
0,3,13,4,3,1,13,0,1,0,1,5,3,1
0,11.6666666667,59.3333333333,5,12,3,178,0,3,0,3,29,36,1
1,0,0,0,0,0,0,8,0,8,0,0,0,1
7,4,17,1,1,1,17,0,1,0,1,2,1,1
5,2,16,2,3,1,32,0,2,0,2,14,3,1
3,3,17,4,3,1,17,0,1,0,1,7,3,1
2,7,36,1,3,1,36,0,1,0,1,10,3,1
1,5.2,31.6,3.6,14,1,158,1,5,1,5,37,14,1
1,0,0,0,0,0,0,2,0,2,0,0,0,1
1,4,21,1,2,1,21,0,1,0,1,7,2,1
5,5,24,3,3,1,24,0,1,0,1,10,3,1
4,7,32,2,2,1,32,0,1,0,1,8,2,1
1,12,66.5,5,13,2,133,0,2,0,2,20,26,1
4,0,0,0,0,0,0,4,0,4,0,0,0,1
3,8,54,4,8,1,54,0,1,0,1,17,8,1
4,1,12,1,2,1,12,0,1,0,1,11,2,1
0,1,4,1,1,1,4,0,1,0,1,2,1,1
2,1,19.5,2.5,6,1,39,0,2,0,2,15,6,1
0,2,12,1,3,1,12,0,1,0,1,4,3,1
1,1,10,1,0,1,10,0,1,0,1,1,0,1
4,1,9,1,2,1,9,0,1,0,1,5,2,1
0,0,0,0,0,0,0,0,0,0,0,0,0,1
0,0,0,0,0,0,0,0,0,0,0,0,0,1
42,3.0638297872,20.5106382979,2.2127659574,32,26,964,6,47,6,47,332,832,0
11,0,0,0,0,0,0,4,0,4,0,0,0,1
12,0,0,0,0,0,0,6,0,6,0,0,0,1
11,0,0,0,0,0,0,7,0,7,0,0,0,1
0,0,0,0,0,0,0,2,0,2,0,0,0,1
11,0,0,0,0,0,0,7,0,7,0,0,0,1
0,1,1,4.5,0,2,2,2,2,2,2,2,0,1
0,0,0,0,0,0,0,3,0,3,0,0,0,1
0,0,0,0,0,0,0,2,0,2,0,0,0,1
0,0,0,0,0,0,0,7,0,7,0,0,0,1
4,5.5,26,3.5,4,2,52,11,2,11,2,6,8,1
0,0,0,0,0,0,0,5,0,5,0,0,0,1
0,0,0,0,0,0,0,2,0,2,0,0,0,1
16,1,1.6666666667,1.8333333333,0,6,10,1,6,1,6,6,0,1
0,7.8571428571,52,3.1428571429,9,5,364,3,7,3,7,58,45,1
1,0,0,0,0,0,0,7,0,7,0,0,0,1
1,1.6666666667,18.6666666667,3.1666666667,6,6,112,3,6,3,6,18,36,1
0,0,0,0,0,0,0,2,0,2,0,0,0,1
0,4.5,41.5,0.5,1,1,83,2,2,2,2,8,1,1
1,0,0,0,0,0,0,4,0,4,0,0,0,1
0,0,0,0,0,0,0,2,0,2,0,0,0,1
26,1,1,2.25,0,12,12,0,12,0,12,12,0,1
0,15.5,77.5,6.5,5,1,155,1,2,1,2,8,5,1
0,9,55.5,4.5,3,1,111,4,2,4,2,9,3,1
0,9,55,4.5,3,1,110,3,2,3,2,8,3,1
0,17.3333333333,70.3333333333,4.3333333333,3,1,211,0,3,0,3,11,3,1
6,1.25,49.9,3.95,19,8,998,0,20,0,20,89,152,1
9,1.5454545455,6.6363636364,2.3181818182,5,22,146,3,22,3,22,30,110,1
0,0,0,0,0,0,0,0,0,0,0,0,0,1
3,2,11.5,1,1,4,46,1,4,1,4,9,4,1
4,1,132,7,2,1,132,1,1,1,1,4,2,1
2,0,0,0,0,0,0,3,0,3,0,0,0,1
1,1,86,3,0,1,86,2,1,2,1,3,0,1
4,0,0,0,0,0,0,1,0,1,0,0,0,1
0,0,0,0,0,0,0,2,0,2,0,0,0,1
1,0,0,0,0,0,0,71,0,71,0,0,0,1
2,1.76,27.08,1.72,31,17,677,0,25,0,25,109,527,0
1,3.9090909091,43.4090909091,1.3181818182,50,19,955,0,22,0,22,191,950,0
1,1,16.2,2.4,5,5,81,4,5,4,5,19,25,1
3,6.8,46.9,3.95,20,17,938,2,20,2,20,92,340,0
2,0,0,0,0,0,0,3,0,3,0,0,0,1
0,0,0,0,0,0,0,2,0,2,0,0,0,1
4,0,0,0,0,0,0,5,0,5,0,0,0,1
8,5,31.5,2.5,10,1,189,1,6,1,6,23,10,1
9,2.6071428571,11.8214285714,1.5,23,46,662,8,56,8,56,248,1058,0
2,0,0,0,0,0,0,5,0,5,0,0,0,1
2,0,0,0,0,0,0,3,0,3,0,0,0,1
2,0,0,0,0,0,0,3,0,3,0,0,0,1
2,0,0,0,0,0,0,11,0,11,0,0,0,1
0,0,0,0,0,0,0,2,0,2,0,0,0,1
0,3,23.8571428571,2.1428571429,7,7,167,0,7,0,7,15,49,1
1,6.5,35.5,3,3,2,71,0,2,0,2,6,6,1
0,1,11,3,2,1,11,0,1,0,1,3,2,1
25,1,31.679245283,2.3773584906,38,40,1679,1,53,1,53,189,1520,0
13,0,0,0,0,0,0,1,0,1,0,0,0,1
5,0,0,0,0,0,0,1,0,1,0,0,0,1
4,0,0,0,0,0,0,9,0,9,0,0,0,1
8,0,0,0,0,0,0,11,0,11,0,0,0,1
10,0,0,0,0,0,0,3,0,3,0,0,0,1
11,0,0,0,0,0,0,25,0,25,0,0,0,1
0,0,0,0,0,0,0,0,0,0,0,0,0,1
2,1,5.875,1.25,2,6,47,0,8,0,8,18,12,1
10,1,1,2.4,0,5,5,1,5,1,5,5,0,1
0,0,0,0,0,0,0,0,0,0,0,0,0,1
15,1,21.375,2,7,7,171,0,8,0,8,17,49,1
5,6.6896551724,38.5517241379,2.2413793103,34,4,1118,7,29,7,29,154,136,0
1,0,0,0,0,0,0,10,0,10,0,0,0,1
1,0,0,0,0,0,0,2,0,2,0,0,0,1
2,0,0,0,0,0,0,1,0,1,0,0,0,1
2,0,0,0,0,0,0,5,0,5,0,0,0,1
2,0,0,0,0,0,0,3,0,3,0,0,0,1
2,0,0,0,0,0,0,5,0,5,0,0,0,1
2,0,0,0,0,0,0,3,0,3,0,0,0,1
2,0,0,0,0,0,0,1,0,1,0,0,0,1
32,1.7021276596,20.8936170213,1.2340425532,28,12,982,2,47,2,47,210,336,0
8,0,0,0,0,0,0,2,0,2,0,0,0,1
2,0,0,0,0,0,0,5,0,5,0,0,0,1
1,0,0,0,0,0,0,25,0,25,0,0,0,1
1,0,0,0,0,0,0,17,0,17,0,0,0,1
6,0,0,0,0,0,0,3,0,3,0,0,0,1
26,0,0,0,0,0,0,38,0,38,0,0,0,1
0,0,0,0,0,0,0,4,0,4,0,0,0,1
5,12,63.75,4.375,7,3,1020,0,16,0,16,56,21,1
1,0,0,0,0,0,0,2,0,2,0,0,0,1
71,30.5,149.5,3.25,6,1,598,0,4,0,4,19,6,1
0,11.5,62.75,3.25,10,4,251,0,4,0,4,18,40,1
0,3.5416666667,24.9583333333,2.7916666667,20,21,599,5,24,5,24,114,420,0
2,0,0,0,0,0,0,5,0,5,0,0,0,1
2,0,0,0,0,0,0,4,0,4,0,0,0,1
0,1,13.3333333333,2.6666666667,4,3,40,0,3,0,3,12,12,1
0,2.125,11.125,2.75,7,8,89,0,8,0,8,26,56,1
3,0,0,0,0,0,0,6,0,6,0,0,0,1
6,0,0,0,0,0,0,3,0,3,0,0,0,1
16,1,23.6315789474,2.1052631579,15,10,449,0,19,0,19,89,150,1
3,0,0,0,0,0,0,8,0,8,0,0,0,1
10,0,0,0,0,0,0,2,0,2,0,0,0,1
7,0,0,0,0,0,0,3,0,3,0,0,0,1
2,0,0,0,0,0,0,3,0,3,0,0,0,1
10,0,0,0,0,0,0,8,0,8,0,0,0,1
2,0,0,0,0,0,0,1,0,1,0,0,0,1
1,1,1,2.6666666667,0,3,3,2,3,2,3,3,0,1
0,2.6666666667,13.3333333333,2.6666666667,4,3,40,0,3,0,3,12,12,1
3,0,0,0,0,0,0,4,0,4,0,0,0,1
1,1,47.5,3,18,8,380,2,8,2,8,44,144,1
2,4.7142857143,33.1428571429,4.4285714286,16,14,464,1,14,1,14,149,224,0
4,0,0,0,0,0,0,22,0,22,0,0,0,1
0,0,0,0,0,0,0,9,0,9,0,0,0,1
0,0,0,0,0,0,0,8,0,8,0,0,0,1
2,0,0,0,0,0,0,7,0,7,0,0,0,1
0,0,0,0,0,0,0,3,0,3,0,0,0,1
0,0,0,0,0,0,0,1,0,1,0,0,0,1
0,0,0,0,0,0,0,2,0,2,0,0,0,1
3,4.3333333333,36.3333333333,2,8,3,109,0,3,0,3,14,24,1
1,7.90625,43.8125,3.25,41,26,1402,4,32,4,32,182,1066,0
1,0,0,0,0,0,0,9,0,9,0,0,0,1
10,1,33.1428571429,4.4285714286,15,8,464,1,14,1,14,153,120,0
0,5.9615384615,52.9230769231,3.0769230769,23,14,1376,4,26,4,26,221,322,0
2,0,0,0,0,0,0,4,0,4,0,0,0,1
1,0,0,0,0,0,0,2,0,2,0,0,0,1
0,6.2941176471,39.3529411765,3.7058823529,17,7,669,3,17,3,17,136,119,0
0,1,29,3,2,1,29,0,1,0,1,3,2,1
0,7,27,3,2,1,27,0,1,0,1,3,2,1
0,0,0,0,0,0,0,4,0,4,0,0,0,1
0,0,0,0,0,0,0,0,0,0,0,0,0,1
0,0,0,0,0,0,0,0,0,0,0,0,0,1
0,1.5,20.75,3.5,0,2,83,4,4,4,4,10,0,1
0,0,0,0,0,0,0,0,0,0,0,0,0,1
2,1.25,10.9166666667,3.25,6,7,131,1,12,1,12,33,42,1
3,0,0,0,0,0,0,1,0,1,0,0,0,1
2,0,0,0,0,0,0,4,0,4,0,0,0,1
0,1.9230769231,11.7692307692,3.3076923077,13,7,153,1,13,1,13,58,91,1
2,1,11.3333333333,2.1666666667,0,6,68,3,6,3,6,6,0,1
0,0,0,0,0,0,0,10,0,10,0,0,0,1
0,0,0,0,0,0,0,1,0,1,0,0,0,1
0,2.2,13.4,2,9,5,67,5,5,5,5,23,45,1
0,0,0,0,0,0,0,3,0,3,0,0,0,1
0,0,0,0,0,0,0,0,0,0,0,0,0,1
0,0,0,0,0,0,0,0,0,0,0,0,0,1
10,2,3,1,1,1,3,4,1,4,1,2,1,1
0,0,0,0,0,0,0,0,0,0,0,0,0,1
0,0,0,0,0,0,0,1,0,1,0,0,0,1
1,0,0,0,0,0,0,2,0,2,0,0,0,1
0,0,0,0,0,0,0,9,0,9,0,0,0,1
0,0,0,0,0,0,0,3,0,3,0,0,0,1
0,0,0,0,0,0,0,2,0,2,0,0,0,1
0,2.3571428571,15.7380952381,1.0714285714,25,42,1322,7,84,7,84,285,1050,0
0,0,0,0,0,0,0,0,0,0,0,0,0,1
0,0,0,0,0,0,0,0,0,0,0,0,0,1
270,2.8666666667,14.0666666667,1.9333333333,10,13,211,13,15,13,15,38,130,0
0,1,1,1,0,2,2,0,2,0,2,2,0,1
1,0,0,0,0,0,0,3,0,3,0,0,0,1
0,0,0,0,0,0,0,0,0,0,0,0,0,1
56,15.6,78,1.7,34,8,780,12,10,12,10,103,272,0
5,4.3734939759,23.5662650602,2,46,10,1956,21,83,21,83,608,460,0
1,0,0,0,0,0,0,4,0,4,0,0,0,1
0,0,0,0,0,0,0,2,0,2,0,0,0,1
1,0,0,0,0,0,0,18,0,18,0,0,0,1
1,0,0,0,0,0,0,8,0,8,0,0,0,1
0,0,0,0,0,0,0,2,0,2,0,0,0,1
0,0,0,0,0,0,0,3,0,3,0,0,0,1
0,0,0,0,0,0,0,2,0,2,0,0,0,1
1,0,0,0,0,0,0,2,0,2,0,0,0,1
1,0,0,0,0,0,0,1,0,1,0,0,0,1
1,0,0,0,0,0,0,16,0,16,0,0,0,1
1,0,0,0,0,0,0,2,0,2,0,0,0,1
1,0,0,0,0,0,0,2,0,2,0,0,0,1
1,0,0,0,0,0,0,3,0,3,0,0,0,1
1,80.75,319.5,2,6,2,1278,17,4,17,4,19,12,1
1,0,0,0,0,0,0,10,0,10,0,0,0,1
0,0,0,0,0,0,0,0,0,0,0,0,0,1
0,1,1,1.5,0,2,2,1,2,1,2,2,0,1
1,1,8,0,0,1,8,0,1,0,1,1,0,1
1,1,8,0,0,1,8,0,1,0,1,1,0,1
1,1,8,0,0,1,8,0,1,0,1,1,0,1
1,1,8,0,0,1,8,0,1,0,1,1,0,1
1,1,8,0,0,1,8,0,1,0,1,1,0,1
1,1,8,0,0,1,8,0,1,0,1,1,0,1
0,1,1,5,0,1,1,0,1,0,1,1,0,1
5,2.9642857143,32.6071428571,2.1071428571,17,18,913,5,28,5,28,113,306,0
2,0,0,0,0,0,0,3,0,3,0,0,0,1
1,4.4615384615,29.5641025641,2.358974359,26,15,1153,5,39,5,39,244,390,0
1,0,0,0,0,0,0,7,0,7,0,0,0,1
1,0,0,0,0,0,0,3,0,3,0,0,0,1
1,0,0,0,0,0,0,4,0,4,0,0,0,1
1,0,0,0,0,0,0,4,0,4,0,0,0,1
3,0,0,0,0,0,0,14,0,14,0,0,0,1
2,0,0,0,0,0,0,8,0,8,0,0,0,1
0,0,0,0,0,0,0,4,0,4,0,0,0,1
0,0,0,0,0,0,0,2,0,2,0,0,0,1
1,0,0,0,0,0,0,6,0,6,0,0,0,1
1,0,0,0,0,0,0,2,0,2,0,0,0,1
11,1,36.5,4.5,15,1,73,1,2,1,2,34,15,1
12,0,0,0,0,0,0,16,0,16,0,0,0,1
0,2,14.3333333333,1.6666666667,3,3,86,0,6,0,6,31,9,1
3,0,0,0,0,0,0,4,0,4,0,0,0,1
0,4,17,2,0,1,17,0,1,0,1,1,0,1
4,4.2941176471,24,1.1176470588,24,1,408,2,17,2,17,154,24,1
7,0,0,0,0,0,0,13,0,13,0,0,0,1
9,2.5,14.5,2,4,1,29,1,2,1,2,11,4,1
1,0,0,0,0,0,0,3,0,3,0,0,0,1
6,1,4,0.5,1,2,8,0,2,0,2,3,2,1
6,8.2307692308,49.7307692308,2.0769230769,32,6,1293,8,26,8,26,289,192,0
4,0,0,0,0,0,0,3,0,3,0,0,0,1
5,0,0,0,0,0,0,12,0,12,0,0,0,1
13,0,0,0,0,0,0,35,0,35,0,0,0,1
0,0,0,0,0,0,0,3,0,3,0,0,0,1
0,0,0,0,0,0,0,0,0,0,0,0,0,1
3,2.375,26.375,1.125,13,1,211,1,8,1,8,47,13,1
5,6.4666666667,30.5333333333,1.5333333333,28,1,458,3,15,3,15,113,28,0
2,0,0,0,0,0,0,8,0,8,0,0,0,1
1,0,0,0,0,0,0,3,0,3,0,0,0,1
5,0,0,0,0,0,0,7,0,7,0,0,0,1
4,1,142.6666666667,1,18,2,428,2,3,2,3,47,36,1
3,10.1818181818,73.5454545455,1.4545454545,31,9,809,3,11,3,11,82,279,0
6,2.7058823529,13.1764705882,1.4117647059,17,10,224,1,17,1,17,58,170,1
1,1,1,1,0,1,1,0,1,0,1,1,0,1
7,4.9444444444,25.5555555556,1.2222222222,19,3,460,6,18,6,18,140,57,1
5,3,26.4,0.9,12,10,264,1,10,1,10,99,120,1
8,1,21.3846153846,2.0769230769,9,8,278,2,13,2,13,69,72,1
4,0,0,0,0,0,0,19,0,19,0,0,0,1
0,0,0,0,0,0,0,2,0,2,0,0,0,1
3,0,0,0,0,0,0,18,0,18,0,0,0,1
0,0,0,0,0,0,0,2,0,2,0,0,0,1
2,1,15.3333333333,1,1,1,46,1,3,1,3,7,1,1
4,2.2,20,0.4,6,1,100,2,5,2,5,18,6,1
3,5.5,30.25,2.1666666667,16,2,363,1,12,1,12,76,32,1
1,0,0,0,0,0,0,4,0,4,0,0,0,1
2,1,56.875,2.125,13,7,455,4,8,4,8,58,91,0
0,0,0,0,0,0,0,9,0,9,0,0,0,1
4,2.6666666667,28.6666666667,1,12,5,258,2,9,2,9,63,60,1
0,3,19,3,1,1,19,0,1,0,1,2,1,1
0,1.6,12.4,1.6,6,5,62,0,5,0,5,13,30,1
0,2.1666666667,10.6666666667,1,4,2,64,4,6,4,6,25,8,1
2,1,8.5,1.25,0,4,34,1,4,1,4,4,0,1
0,2,11.5,1.25,1,2,46,1,4,1,4,10,2,1
5,15,82.5,0.75,15,3,330,1,4,1,4,56,45,1
10,1.6666666667,13.3333333333,0.6666666667,9,2,40,1,3,1,3,19,18,1
15,0,0,0,0,0,0,20,0,20,0,0,0,1
4,1.5714285714,6.5714285714,1.8571428571,6,1,46,5,7,5,7,27,6,1
2,1,86,3,0,1,86,2,1,2,1,3,0,1
0,5,31.2,1.88,13,6,780,17,25,17,25,124,78,0
0,0,0,0,0,0,0,2,0,2,0,0,0,1
1,0,0,0,0,0,0,5,0,5,0,0,0,1
0,3.6785714286,22.9642857143,1.7142857143,30,10,643,8,28,8,28,160,300,0
0,0,0,0,0,0,0,0,0,0,0,0,0,1
1,0,0,0,0,0,0,7,0,7,0,0,0,1
0,0,0,0,0,0,0,2,0,2,0,0,0,1
1,0,0,0,0,0,0,10,0,10,0,0,0,1
1,0,0,0,0,0,0,2,0,2,0,0,0,1
1,0,0,0,0,0,0,4,0,4,0,0,0,1
1,0,0,0,0,0,0,2,0,2,0,0,0,1
1,0,0,0,0,0,0,2,0,2,0,0,0,1
1,2.4466019417,18.9902912621,1.4854368932,23,3,1956,18,103,18,103,634,69,0
1,0,0,0,0,0,0,6,0,6,0,0,0,1
1,0,0,0,0,0,0,10,0,10,0,0,0,1
1,0,0,0,0,0,0,4,0,4,0,0,0,1
1,0,0,0,0,0,0,37,0,37,0,0,0,1
0,0,0,0,0,0,0,0,0,0,0,0,0,1
0,0,0,0,0,0,0,7,0,7,0,0,0,1
0,4.75,45,2.5,6,3,180,1,4,1,4,21,18,1
6,1.71875,9.59375,1.875,17,28,307,2,32,2,32,95,476,1
1,0,0,0,0,0,0,23,0,23,0,0,0,1
0,1.4285714286,9.5714285714,1.1428571429,4,7,67,0,7,0,7,14,28,1
1,2.9,21.05,1.3,19,12,421,3,20,3,20,72,228,1
0,0,0,0,0,0,0,6,0,6,0,0,0,1
0,2.5,20.25,1.125,16,11,324,2,16,2,16,58,176,1
0,0,0,0,0,0,0,5,0,5,0,0,0,1
0,1,11.6666666667,1,2,3,35,0,3,0,3,9,6,1
0,2.8333333333,17.9166666667,1.3333333333,15,10,215,3,12,3,12,46,150,1
0,0,0,0,0,0,0,3,0,3,0,0,0,1
8,1,28.6,1.4,0,5,143,0,5,0,5,5,0,1
4,0,0,0,0,0,0,4,0,4,0,0,0,1
3,0,0,0,0,0,0,6,0,6,0,0,0,1
0,4.8,28.6,1.4,6,5,143,0,5,0,5,40,30,1
0,0,0,0,0,0,0,0,0,0,0,0,0,1
0,0,0,0,0,0,0,0,0,0,0,0,0,1
0,1,1,0,0,1,1,0,1,0,1,1,0,1
2,1,1,1.5,0,2,2,0,2,0,2,2,0,1
0,2,19,2.5,1,1,38,0,2,0,2,4,1,1
9,2.9487179487,34.6666666667,2.0769230769,18,6,1352,2,39,2,39,150,108,0
2,0,0,0,0,0,0,2,0,2,0,0,0,1
0,0,0,0,0,0,0,8,0,8,0,0,0,1
0,0,0,0,0,0,0,5,0,5,0,0,0,1
3,1,1,2,0,13,13,0,13,0,13,13,0,1
0,0,0,0,0,0,0,7,0,7,0,0,0,1
0,0,0,0,0,0,0,8,0,8,0,0,0,1
0,0,0,0,0,0,0,2,0,2,0,0,0,1
0,0,0,0,0,0,0,4,0,4,0,0,0,1
0,0,0,0,0,0,0,7,0,7,0,0,0,1
0,2,10,3.5,0,1,20,0,2,0,2,3,0,1
0,1,4,2,2,1,4,0,1,0,1,3,2,1
0,20.5,69,3,1,1,138,0,2,0,2,6,1,1
2,6.0869565217,28.9565217391,3.4347826087,13,5,666,0,23,0,23,97,65,1
2,0,0,0,0,0,0,11,0,11,0,0,0,1
3,1,13,1,4,3,39,1,3,1,3,12,12,1
3,0,0,0,0,0,0,4,0,4,0,0,0,1
4,6.6666666667,40,3,1,3,120,0,3,0,3,4,3,1
0,0,0,0,0,0,0,0,0,0,0,0,0,1
0,12.5,61.5,0.5,8,2,123,0,2,0,2,16,16,1
0,0,0,0,0,0,0,0,0,0,0,0,0,1
0,1,4,1,0,1,4,0,1,0,1,1,0,1
0,1,114,3,2,1,114,0,1,0,1,3,2,1
0,2,13,1,5,3,39,1,3,1,3,12,15,1
2,0,0,0,0,0,0,8,0,8,0,0,0,1
0,1,28.6,1.4,6,5,143,0,5,0,5,40,30,1
3,5.8,53,1.8,13,1,265,1,5,1,5,39,13,1
4,1.25,15.8333333333,2.9166666667,12,2,190,12,12,12,12,56,24,1
0,0,0,0,0,0,0,0,0,0,0,0,0,1
0,4,41,4,1,1,41,0,1,0,1,2,1,1
0,23,114,3,2,1,114,0,1,0,1,3,2,1
5,1,20,2.3333333333,1,1,60,0,3,0,3,7,1,1
15,3.6,24.4,1.8,4,3,122,0,5,0,5,14,12,1
1,0,0,0,0,0,0,2,0,2,0,0,0,1
2,0,0,0,0,0,0,2,0,2,0,0,0,1
2,0,0,0,0,0,0,2,0,2,0,0,0,1
0,1,13,1,0,1,13,0,1,0,1,1,0,1
3,1,23.6666666667,1.6666666667,3,3,71,2,3,2,3,8,9,1
0,3,20,2.3333333333,2,3,60,0,3,0,3,7,6,1
92,1.6153846154,96.5384615385,1.5384615385,42,28,5020,19,52,19,52,262,1176,0
1,0,0,0,0,0,0,5,0,5,0,0,0,1
10,0,0,0,0,0,0,4,0,4,0,0,0,1
14,0,0,0,0,0,0,7,0,7,0,0,0,1
0,0,0,0,0,0,0,2,0,2,0,0,0,1
20,0,0,0,0,0,0,4,0,4,0,0,0,1
2,0,0,0,0,0,0,5,0,5,0,0,0,1
2,0,0,0,0,0,0,2,0,2,0,0,0,1
2,0,0,0,0,0,0,4,0,4,0,0,0,1
55,0,0,0,0,0,0,49,0,49,0,0,0,1
0,0,0,0,0,0,0,2,0,2,0,0,0,1
0,0,0,0,0,0,0,5,0,5,0,0,0,1
0,0,0,0,0,0,0,2,0,2,0,0,0,1
3,0,0,0,0,0,0,14,0,14,0,0,0,1
5,0,0,0,0,0,0,3,0,3,0,0,0,1
0,0,0,0,0,0,0,3,0,3,0,0,0,1
20,3.1272727273,28.7090909091,1.9454545455,20,20,1579,2,55,2,55,301,400,0
0,0,0,0,0,0,0,2,0,2,0,0,0,1
0,0,0,0,0,0,0,1,0,1,0,0,0,1
0,0,0,0,0,0,0,3,0,3,0,0,0,1
1,0,0,0,0,0,0,5,0,5,0,0,0,1
1,0,0,0,0,0,0,25,0,25,0,0,0,1
1,0,0,0,0,0,0,1,0,1,0,0,0,1
1,0,0,0,0,0,0,6,0,6,0,0,0,1
1,0,0,0,0,0,0,2,0,2,0,0,0,1
1,0,0,0,0,0,0,7,0,7,0,0,0,1
1,0,0,0,0,0,0,2,0,2,0,0,0,1
169,4.4573170732,23.9207317073,3.2256097561,51,78,3923,9,164,9,164,771,3978,0
2,0,0,0,0,0,0,5,0,5,0,0,0,1
16,0,0,0,0,0,0,9,0,9,0,0,0,1
7,0,0,0,0,0,0,5,0,5,0,0,0,1
0,0,0,0,0,0,0,0,0,0,0,0,0,1
4,4.6507936508,28.1587301587,1.2380952381,44,49,1774,2,63,2,63,414,2156,0
6,2.4090909091,17.9090909091,2.3181818182,30,5,394,3,22,3,22,179,150,0
1,0,0,0,0,0,0,4,0,4,0,0,0,1
33,16.7384615385,55.4807692308,2.1038461538,70,87,14425,5,260,5,260,2376,6090,0
0,0,0,0,0,0,0,9,0,9,0,0,0,1
6,0,0,0,0,0,0,3,0,3,0,0,0,1
7,0,0,0,0,0,0,9,0,9,0,0,0,1
2,0,0,0,0,0,0,6,0,6,0,0,0,1
0,0,0,0,0,0,0,3,0,3,0,0,0,1
9,0,0,0,0,0,0,10,0,10,0,0,0,1
4,0,0,0,0,0,0,4,0,4,0,0,0,1
1,0,0,0,0,0,0,2,0,2,0,0,0,1
2,0,0,0,0,0,0,4,0,4,0,0,0,1
4,0,0,0,0,0,0,8,0,8,0,0,0,1
3,0,0,0,0,0,0,7,0,7,0,0,0,1
0,0,0,0,0,0,0,7,0,7,0,0,0,1
7,0,0,0,0,0,0,3,0,3,0,0,0,1
12,0,0,0,0,0,0,34,0,34,0,0,0,1
6,0,0,0,0,0,0,10,0,10,0,0,0,1
16,0,0,0,0,0,0,11,0,11,0,0,0,1
0,0,0,0,0,0,0,8,0,8,0,0,0,1
3,0,0,0,0,0,0,2,0,2,0,0,0,1
1,0,0,0,0,0,0,3,0,3,0,0,0,1
1,0,0,0,0,0,0,3,0,3,0,0,0,1
3,0,0,0,0,0,0,5,0,5,0,0,0,1
8,0,0,0,0,0,0,15,0,15,0,0,0,1
1,0,0,0,0,0,0,5,0,5,0,0,0,1
0,0,0,0,0,0,0,0,0,0,0,0,0,1
0,0,0,0,0,0,0,0,0,0,0,0,0,1
10,3.65,23.75,2.4,17,8,475,0,20,0,20,110,136,1
1,0,0,0,0,0,0,5,0,5,0,0,0,1
1,1,8,1,5,1,8,0,1,0,1,6,5,1
0,1,7.75,1.75,2,4,31,0,4,0,4,19,8,1
1,0,0,0,0,0,0,5,0,5,0,0,0,1
0,0,0,0,0,0,0,0,0,0,0,0,0,1
37,2.8823529412,19.3529411765,2.1470588235,26,2,658,6,34,6,34,181,52,0
6,4.5046728972,24.8598130841,2.261682243,52,74,2660,3,107,3,107,451,3848,0
1,0,0,0,0,0,0,11,0,11,0,0,0,1
0,0,0,0,0,0,0,3,0,3,0,0,0,1
0,0,0,0,0,0,0,3,0,3,0,0,0,1
0,0,0,0,0,0,0,3,0,3,0,0,0,1
2,0,0,0,0,0,0,3,0,3,0,0,0,1
3,0,0,0,0,0,0,1,0,1,0,0,0,1
59,1.2,32.6444444444,2.1111111111,43,19,1469,4,45,4,45,248,817,0
2,0,0,0,0,0,0,3,0,3,0,0,0,1
12,2.1538461538,16.5384615385,1.3076923077,9,1,215,2,13,2,13,54,9,1
1,0,0,0,0,0,0,2,0,2,0,0,0,1
3,0,0,0,0,0,0,26,0,26,0,0,0,1
2,1,9.6666666667,1,0,3,29,0,3,0,3,3,0,1
4,7,35.652173913,1.0869565217,8,5,820,1,23,1,23,114,40,1
1,0,0,0,0,0,0,6,0,6,0,0,0,1
0,0,0,0,0,0,0,2,0,2,0,0,0,1
0,0,0,0,0,0,0,4,0,4,0,0,0,1
0,0,0,0,0,0,0,2,0,2,0,0,0,1
1,0,0,0,0,0,0,12,0,12,0,0,0,1
6,2.72,29.32,1.64,34,3,733,7,25,7,25,222,102,0
1,0,0,0,0,0,0,2,0,2,0,0,0,1
1,0,0,0,0,0,0,9,0,9,0,0,0,1
0,0,0,0,0,0,0,0,0,0,0,0,0,1
0,0,0,0,0,0,0,1,0,1,0,0,0,1
1,0,0,0,0,0,0,51,0,51,0,0,0,1
1,0,0,0,0,0,0,58,0,58,0,0,0,1
0,0,0,0,0,0,0,13,0,13,0,0,0,1
0,0,0,0,0,0,0,18,0,18,0,0,0,1
6,1,1,1,0,1,1,4,1,4,1,1,0,1
139,1.3962264151,26.641509434,3.358490566,11,26,1412,1,53,1,53,308,286,0
4,0,0,0,0,0,0,9,0,9,0,0,0,1
18,0,0,0,0,0,0,12,0,12,0,0,0,1
9,0,0,0,0,0,0,3,0,3,0,0,0,1
1,0,0,0,0,0,0,2,0,2,0,0,0,1
7,9.6666666667,38.8333333333,1.6666666667,12,2,233,1,6,1,6,49,24,1
1,0,0,0,0,0,0,5,0,5,0,0,0,1
2,13.5,56.5,1,6,1,113,0,2,0,2,13,6,1
28,2.7878787879,15.8181818182,2.0909090909,17,22,522,1,33,1,33,128,374,0
2,1,1,1,0,1,1,14,1,14,1,1,0,1
0,0,0,0,0,0,0,2,0,2,0,0,0,1
1,1.9090909091,403.1818181818,1.6363636364,9,5,4435,1,11,1,11,37,45,1
0,0,0,0,0,0,0,0,0,0,0,0,0,1
13,3.3636363636,19.7272727273,2.7727272727,17,12,434,10,22,10,22,138,204,0
2,0,0,0,0,0,0,3,0,3,0,0,0,1
4,2.25,11.5,1.5,4,2,46,2,4,2,4,13,8,1
5,0,0,0,0,0,0,7,0,7,0,0,0,1
13,0,0,0,0,0,0,3,0,3,0,0,0,1
3,0,0,0,0,0,0,7,0,7,0,0,0,1
13,3.2413793103,266.5517241379,1.8965517241,31,6,7730,1,29,1,29,204,186,0
0,0,0,0,0,0,0,19,0,19,0,0,0,1
2,0,0,0,0,0,0,2,0,2,0,0,0,1
0,0,0,0,0,0,0,0,0,0,0,0,0,1
27,1.1,14.85,1.8,14,7,297,2,20,2,20,100,98,1
4,0,0,0,0,0,0,3,0,3,0,0,0,1
1,0,0,0,0,0,0,8,0,8,0,0,0,1
25,1,12.9444444444,2.1111111111,5,15,233,0,18,0,18,76,75,1
5,0,0,0,0,0,0,3,0,3,0,0,0,1
4,0,0,0,0,0,0,7,0,7,0,0,0,1
0,3,14.5,1,5,4,58,1,4,1,4,11,20,1
2,0,0,0,0,0,0,24,0,24,0,0,0,1
1,0,0,0,0,0,0,4,0,4,0,0,0,1
6,1,6.7619047619,2.2380952381,5,10,142,6,21,6,21,57,50,1
1,0,0,0,0,0,0,9,0,9,0,0,0,1
0,0,0,0,0,0,0,0,0,0,0,0,0,1
20,4.5869565217,31.7826086957,2.9782608696,23,15,1462,1,46,1,46,341,345,0
25,0,0,0,0,0,0,26,0,26,0,0,0,1
30,1,20,1.6,21,4,200,0,10,0,10,54,84,1
48,1.9259259259,11.2222222222,1.3703703704,15,18,303,1,27,1,27,71,270,1
1,0,0,0,0,0,0,2,0,2,0,0,0,1
2,0,0,0,0,0,0,4,0,4,0,0,0,1
2,0,0,0,0,0,0,3,0,3,0,0,0,1
2,0,0,0,0,0,0,7,0,7,0,0,0,1
0,0,0,0,0,0,0,1,0,1,0,0,0,1
1,0,0,0,0,0,0,4,0,4,0,0,0,1
13,2.625,23.75,1.34375,20,8,760,0,32,0,32,212,160,0
72,2.5340909091,27.5454545455,2.5681818182,20,39,2424,1,88,1,88,269,780,0
5,1.4,8.3333333333,2.2666666667,3,13,125,0,15,0,15,55,39,1
1,0,0,0,0,0,0,5,0,5,0,0,0,1
5,2,45.5,3.5,4,1,91,0,2,0,2,8,4,1
7,1,1,1.375,0,8,8,1,8,1,8,8,0,1
0,0,0,0,0,0,0,2,0,2,0,0,0,1
0,0,0,0,0,0,0,3,0,3,0,0,0,1
0,0,0,0,0,0,0,2,0,2,0,0,0,1
0,0,0,0,0,0,0,11,0,11,0,0,0,1
10,1,10.8181818182,1.7272727273,3,10,119,0,11,0,11,36,30,1
1,0,0,0,0,0,0,3,0,3,0,0,0,1
0,1.5,7.8333333333,1.5,2,3,47,0,6,0,6,23,6,1
1,0,0,0,0,0,0,3,0,3,0,0,0,1
1,0,0,0,0,0,0,3,0,3,0,0,0,1
6,4.3571428571,20.9285714286,1.5714285714,12,3,293,0,14,0,14,73,36,1
3,0,0,0,0,0,0,6,0,6,0,0,0,1
6,0,0,0,0,0,0,6,0,6,0,0,0,1
22,0,0,0,0,0,0,8,0,8,0,0,0,1
0,0,0,0,0,0,0,3,0,3,0,0,0,1
6,4.6,36.4,1.4,2,2,182,3,5,3,5,14,4,1
11,14.1379310345,73.7586206897,1.9310344828,9,6,2139,5,29,5,29,176,54,0
0,0,0,0,0,0,0,2,0,2,0,0,0,1
1,0,0,0,0,0,0,6,0,6,0,0,0,1
0,1.0571428571,8.6,3.4,4,5,301,0,35,0,35,133,20,1
1,0,0,0,0,0,0,2,0,2,0,0,0,1
0,0,0,0,0,0,0,0,0,0,0,0,0,1
17,0,0,0,0,0,0,2,0,2,0,0,0,1
36,1.1818181818,17,1.2727272727,6,8,187,0,11,0,11,28,48,1
0,1,2.5,1,1,2,5,0,2,0,2,4,2,1
0,5.25,33.6858974359,3.9743589744,48,156,5255,0,156,0,156,497,7488,0
7,5.4304746045,36.1457119067,1.0657785179,47,2,43411,2,1201,2,1201,4734,94,0
0,0,0,0,0,0,0,0,0,0,0,0,0,1
