2,4,30.1,1.1,14,6,301,3,10,3,10,58,84,1
0,2.5,23,1.5,7,2,46,3,2,3,2,16,14,1
0,3.3333333333,27.8333333333,1.5,10,4,167,14,6,14,6,49,40,1
0,1.0869565217,5.8695652174,1,8,23,135,28,23,28,23,39,184,1
0,1.05,6.75,1.6,5,13,135,1,20,1,20,47,65,1
0,1,5.6666666667,1.6666666667,3,13,102,1,18,1,18,38,39,1
0,1.1304347826,6.3043478261,1.3043478261,3,16,145,3,23,3,23,51,48,1
0,1.0869565217,7.5652173913,1.3043478261,3,16,174,3,23,3,23,58,48,1
0,1.0869565217,6,1.3043478261,3,16,138,3,23,3,23,50,48,1
0,1.0869565217,6.3043478261,1.3043478261,3,16,145,3,23,3,23,51,48,1
0,1,3.6666666667,1,1,6,22,1,6,1,6,10,6,1
0,1.1666666667,6.5555555556,1.3333333333,3,12,118,3,18,3,18,44,36,1
0,1.1304347826,6.2608695652,1.3043478261,3,16,144,3,23,3,23,51,48,1
0,1.1304347826,6.2608695652,1.3043478261,3,16,144,3,23,3,23,51,48,1
0,1.1304347826,6.2608695652,1.3043478261,3,16,144,3,23,3,23,51,48,1
2,1.1481481481,7.4814814815,1.2592592593,4,16,202,3,27,3,27,77,64,1
0,1.1052631579,6.2631578947,1.3157894737,4,12,119,3,19,3,19,46,48,1
0,1.2222222222,9.1111111111,1.6666666667,3,13,164,1,18,1,18,49,39,1
0,1.1739130435,6.2608695652,1.3043478261,2,16,144,3,23,3,23,49,32,1
0,1.2272727273,7.8636363636,1.5454545455,6,15,173,1,22,1,22,69,90,1
0,1.1111111111,9.2962962963,1.2592592593,5,18,251,3,27,3,27,82,90,1
0,1.1875,9.90625,1.21875,9,21,317,3,32,3,32,101,189,1
14,5.25,34.125,3.125,4,2,273,13,8,13,8,63,8,1
4,3.5882352941,29.4117647059,2.9411764706,10,3,500,16,17,16,17,117,30,1
0,1.1818181818,6.7272727273,1,5,8,74,2,11,2,11,25,40,1
0,1,8.8571428571,1.0952380952,4,14,186,0,21,0,21,38,56,1
0,2.2705882353,14.2941176471,1.1529411765,10,56,1215,1,85,1,85,203,560,0
1,0,0,0,0,0,0,3,0,3,0,0,0,1
0,3.9104477612,34.7462686567,1.6119402985,43,28,2328,15,67,15,67,528,1204,0
0,2.25,16.25,1,6,3,65,3,4,3,4,17,18,1
2,4.2857142857,29.7142857143,1.4285714286,11,3,208,14,7,14,7,55,33,1
0,2.5,25,1.5,2,2,50,1,2,1,2,5,4,1
0,1.6666666667,13.3333333333,1.6666666667,2,1,40,3,3,3,3,11,2,1
0,3.35,40.25,2.45,37,4,805,11,20,11,20,192,148,0
0,10.8666666667,80.0666666667,1.6666666667,4,3,1201,4,15,4,15,60,12,1
10,5.3,28.4,1.3,6,16,568,3,20,3,20,37,96,0
0,27,333,5,3,1,333,0,1,0,1,6,3,1
1,1,13,2,0,1,13,1,1,1,1,1,0,1
4,1,13,2,0,1,13,1,1,1,1,1,0,1
3,3.5714285714,39.8571428571,2.1428571429,8,6,279,9,7,9,7,38,48,1
1,7.2,46.6,1,2,2,233,4,5,4,5,22,4,1
0,3.7142857143,25.1428571429,1.2857142857,3,5,176,0,7,0,7,15,15,1
1,3.0434782609,20.6086956522,1.1739130435,7,15,474,5,23,5,23,64,105,1
4,4.5555555556,39.7777777778,1.3703703704,17,13,1074,18,27,18,27,174,221,0
1,1.9444444444,15.4722222222,1.2638888889,16,50,1114,0,72,0,72,183,800,0
2,3.0454545455,18.2272727273,1.9090909091,9,19,401,12,22,12,22,57,171,1
12,3.25,21.625,1.6666666667,11,10,519,30,24,30,24,108,110,0
0,7.5,41.5,1,5,4,166,0,4,0,4,11,20,1
0,4.1333333333,32.5333333333,1.0666666667,7,13,488,2,15,2,15,63,91,1
12,1.625,9.575,1,4,38,383,1,40,1,40,68,152,0
3,1,19.5555555556,1.8333333333,5,10,352,0,18,0,18,42,50,1
0,3,20.84,1.24,10,17,521,3,25,3,25,75,170,0
1,0,0,0,0,0,0,2,0,2,0,0,0,1
1,0,0,0,0,0,0,4,0,4,0,0,0,1
1,0,0,0,0,0,0,2,0,2,0,0,0,1
0,3.976744186,19.7209302326,1.3488372093,11,19,848,4,43,4,43,114,209,0
1,0,0,0,0,0,0,2,0,2,0,0,0,1
1,0,0,0,0,0,0,2,0,2,0,0,0,1
0,5,39.5,1,5,2,79,1,2,1,2,13,10,1
7,3.3913043478,21.7826086957,1.4347826087,12,11,501,3,23,3,23,94,132,1
1,1.4516129032,8.7741935484,1.0967741935,6,17,272,0,31,0,31,68,102,1
4,3.6153846154,24.3846153846,2,8,5,317,11,13,11,13,51,40,1
9,2,21.5769230769,1.4615384615,14,13,561,32,26,32,26,90,182,0
0,3.6896551724,22.2068965517,1.3448275862,13,17,644,2,29,2,29,113,221,1
1,10.5,56.5,1,7,8,452,4,8,4,8,44,56,1
6,2,11.3333333333,1.1333333333,9,43,510,1,45,1,45,88,387,1
14,5.4545454545,37.2727272727,2.3636363636,10,4,410,23,11,23,11,77,40,0
7,2.5,14,1.6666666667,3,5,84,5,6,5,6,21,15,1
0,5,39.1428571429,1.7857142857,17,4,548,18,14,18,14,129,68,1
0,5,53.2857142857,1.2857142857,15,5,373,19,7,19,7,107,75,1
0,2.5,13,1,6,2,26,0,2,0,2,12,12,1
0,4.6666666667,56,1.3333333333,7,2,168,3,3,3,3,24,14,1
0,2.4285714286,23.7142857143,1.2857142857,12,5,166,1,7,1,7,35,60,1
0,6,58,3,3,2,116,1,2,1,2,6,6,1
1,5.1666666667,46,1.3333333333,9,2,276,10,6,10,6,44,18,1
0,5,80.5,1,12,2,161,12,2,12,2,37,24,1
0,1.5,10,1,3,2,20,1,2,1,2,7,6,1
14,8.4,65.1,1,11,2,651,24,10,24,10,83,22,0
0,6.064516129,50.4838709677,2.064516129,37,4,1565,52,31,52,31,445,148,0
0,5.6153846154,34.3846153846,1.3846153846,9,3,447,8,13,8,13,63,27,1
0,4,38.75,1.5,8,1,155,3,4,3,4,21,8,1
3,1,42.6,1.8,3,4,213,4,5,4,5,12,12,1
0,3.125,21,1,3,6,168,0,8,0,8,21,18,1
2,3.4827586207,25.6206896552,1.275862069,8,18,743,5,29,5,29,112,144,0
0,3.2272727273,24.2727272727,1.7272727273,9,14,534,2,22,2,22,56,126,1
1,2.8095238095,43.9047619048,1.1904761905,13,9,922,0,21,0,21,236,117,0
0,30.3333333333,175.6666666667,1.6666666667,6,3,527,0,3,0,3,27,18,1
0,3,39,1,3,1,39,0,1,0,1,18,3,1
0,5.8,34.6,2.6,5,5,173,0,5,0,5,16,25,1
0,5.25,77.5,1,6,4,310,0,4,0,4,60,24,1
3,1.8,34.6,2.3,8,3,346,0,10,0,10,115,24,1
4,3,86.6,2.2,10,4,433,1,5,1,5,50,40,1
0,8.3333333333,78,3.3333333333,7,1,234,1,3,1,3,25,7,1
16,2.4868421053,48.4078947368,1.6842105263,28,18,3679,77,76,77,76,686,504,0
32,5.4,44.8,3.4,9,3,224,5,5,5,5,54,27,1
0,2.8888888889,26.1111111111,1.4444444444,6,6,235,0,9,0,9,59,36,1
16,2.2142857143,15.7857142857,1.5,11,7,221,1,14,1,14,50,77,1
0,8.7142857143,97.2857142857,1.4285714286,9,7,681,0,7,0,7,122,63,1
0,1.2222222222,6.8888888889,1,14,18,124,8,18,8,18,34,252,1
33,10.7878787879,72.0303030303,2.1515151515,23,5,2377,64,33,64,33,325,115,0
1,2.375,29.125,3.125,1,1,233,12,8,12,8,40,1,1
1,3.2,53.2,3.2,1,1,266,6,5,6,5,19,1,1
1,7.4285714286,79.7142857143,2.1428571429,1,1,558,37,7,37,7,79,1,0
0,1.6,30,4.6,0,2,150,2,5,2,5,10,0,1
1,1.5,69,3.5,2,1,138,1,2,1,2,6,2,1
2,2.4117647059,14.6470588235,1.8235294118,4,1,249,12,17,12,17,77,4,1
2,4.8842105263,28.5684210526,2.4947368421,1,3,2714,20,95,20,95,435,3,0
1,1,7.4285714286,1.4285714286,2,4,208,0,28,0,28,119,8,1
1,1.6590909091,9.75,1.6818181818,9,11,429,19,44,19,44,169,99,0
10,1.1538461538,15.9230769231,2.3076923077,2,3,414,27,26,27,26,128,6,1
13,1.7407407407,11.5555555556,2.9814814815,7,11,624,52,54,52,54,207,77,0
0,1.0476190476,18,1.1428571429,10,15,378,1,21,1,21,78,150,1
1,4.4545454545,27.9090909091,2.3636363636,2,2,307,3,11,3,11,28,4,1
4,3.1111111111,20.1111111111,4,2,1,181,8,9,8,9,52,2,1
0,1,4,3,0,2,8,0,2,0,2,2,0,1
5,4.6774193548,32.0322580645,3.1290322581,7,9,993,15,31,15,31,198,63,0
3,2.64,21.84,2.48,6,9,546,8,25,8,25,141,54,1
0,11.5,46,2,6,1,184,2,4,2,4,23,6,1
0,2.9090909091,21.1818181818,2.1818181818,4,1,233,0,11,0,11,71,4,1
0,9.8571428571,31.2857142857,2.4285714286,2,1,219,0,7,0,7,35,2,1
0,2.1428571429,13.4285714286,2,4,7,94,0,7,0,7,31,28,1
1,3.2051282051,18.9230769231,1.7179487179,15,14,738,10,39,10,39,174,210,0
0,6.8,35.6,2.4,6,1,178,1,5,1,5,32,6,1
2,5.2,40.4,3,6,1,202,0,5,0,5,34,6,1
3,9.5555555556,58.5555555556,2.5555555556,8,1,527,0,9,0,9,95,8,1
3,2.8571428571,34,3.1428571429,3,3,238,0,7,0,7,35,9,1
12,3.1612903226,23.0483870968,2.2580645161,13,17,1429,93,62,93,62,285,221,0
1,5.6666666667,50.6666666667,4.0833333333,6,12,608,11,12,11,12,30,72,0
1,1.25,15.125,1.75,4,1,121,0,8,0,8,46,4,1
15,3.3157894737,23.5263157895,2.3157894737,8,9,447,47,19,47,19,87,72,1
3,3.1,39.2,3.3,2,1,392,4,10,4,10,33,2,1
1,2,49.6,1.6,0,2,248,14,5,14,5,19,0,1
1,1.375,25.875,1.875,2,4,414,12,16,12,16,62,8,1
0,6.5,79.5,1,20,2,159,4,2,4,2,36,40,1
0,3.8333333333,44.3333333333,1,15,6,266,14,6,14,6,61,90,1
0,4.0833333333,33.4166666667,2.5,21,3,401,7,12,7,12,96,63,1
0,2.8163265306,16.1632653061,1.7755102041,3,21,792,10,49,10,49,157,63,0
3,1,46.6666666667,1.6666666667,11,3,140,0,3,0,3,23,33,1
1,7.25,74,3,12,1,296,0,4,0,4,40,12,1
4,4.8333333333,40.1666666667,2.6666666667,11,5,241,9,6,9,6,36,55,1
6,3.1363636364,32.6818181818,1.6363636364,27,10,719,9,22,9,22,137,270,0
49,1.1111111111,59.3333333333,2,14,5,534,321,9,321,9,79,70,0
3,1,38,1.3333333333,11,3,114,0,3,0,3,23,33,1
13,1,29.875,2.875,4,1,239,12,8,12,8,36,4,1
0,3.5,41.725,1.9,36,40,1669,0,40,0,40,267,1440,0
7,2.5,30.4166666667,2.25,13,1,365,17,12,17,12,108,13,1
0,6.5,54,1,7,2,108,1,2,1,2,20,14,1
0,4.5,36.5,1,5,2,73,1,2,1,2,18,10,1
0,5.5,55,1,5,2,110,1,2,1,2,17,10,1
1,12,115.8,1.4,7,3,579,8,5,8,5,63,21,1
0,7.75,55.125,1.25,11,4,441,9,8,9,8,53,44,0
0,1.7142857143,9,1.0476190476,8,16,189,1,21,1,21,53,128,1
0,5.2777777778,68.1666666667,2.9444444444,20,9,1227,9,18,9,18,188,180,0
0,6.3333333333,45.6666666667,1.6666666667,10,2,137,1,3,1,3,19,20,1
4,1.5,9.875,1,1,7,79,7,8,7,8,18,7,1
0,1.3620689655,6.6206896552,1,21,51,384,3,58,3,58,125,1071,0
0,4.4444444444,33.5555555556,1.6666666667,16,5,302,4,9,4,9,48,80,1
0,1.4230769231,5.7692307692,1.1923076923,4,11,150,1,26,1,26,56,44,1
0,17.3333333333,152,1.6666666667,9,2,456,11,3,11,3,45,18,1
0,3.4,37.6,1,12,3,188,4,5,4,5,60,36,1
1,3.1818181818,30.7727272727,1.3636363636,14,10,677,4,22,4,22,104,140,0
0,11,73.5,1,4,2,147,0,2,0,2,8,8,1
116,1.2916666667,49.25,2.6666666667,10,11,1182,0,24,0,24,146,110,0
12,1,92.25,2.75,7,4,369,0,4,0,4,19,28,1
4,4.6,38,2.2,21,4,570,11,15,11,15,160,84,0
26,6,42.75,3.45,19,4,855,86,20,86,20,158,76,0
65,1,18.6666666667,7,3,3,56,0,3,0,3,28,9,1
4,7.75,70.5,2.25,6,1,282,7,4,7,4,53,6,1
123,6.25,44.5,2.1666666667,12,1,534,18,12,18,12,122,12,0
1,1,42.5,1,3,3,170,0,4,0,4,10,9,1
5,1.5,70.3333333333,2.1666666667,7,2,422,0,6,0,6,73,14,1
3,1.7,20.8,3,9,4,208,0,10,0,10,70,36,1
6,2.8333333333,31.8888888889,2.9444444444,8,4,574,0,18,0,18,143,32,1
6,3,38.625,3.125,11,3,618,0,16,0,16,146,33,1
3,3.4444444444,91.1111111111,3.6666666667,18,2,820,4,9,4,9,143,36,1
0,8.2352941176,80.4705882353,2.6470588235,17,1,1368,5,17,5,17,257,17,0
2,2,51.8,4.1,20,2,518,6,10,6,10,144,40,0
2,2.8888888889,45.3333333333,2.7777777778,12,5,408,0,9,0,9,113,60,1
12,1.2857142857,34.9285714286,2.9285714286,15,9,489,5,14,5,14,116,135,0
1,6.3333333333,80.7777777778,3.2222222222,17,1,727,11,9,11,9,140,17,0
0,5.4375,50.5625,1.9375,15,1,809,7,16,7,16,211,15,0
41,2.7333333333,79.1333333333,3.7333333333,21,3,1187,19,15,19,15,191,63,0
1,3.5625,59.75,2.5625,25,2,956,10,16,10,16,182,50,0
2,1.5882352941,37.5882352941,2.4117647059,16,3,639,4,17,4,17,146,48,1
0,5,81.5,2.3333333333,12,1,489,0,6,0,6,97,12,1
1,3.5714285714,41.6428571429,1.7857142857,8,10,1166,20,28,20,28,197,80,0
0,2.8888888889,30.7777777778,1.5555555556,11,5,277,0,9,0,9,66,55,1
2,4.5,53.2,5,9,1,532,5,10,5,10,135,9,1
9,1.0909090909,28.1363636364,4.2272727273,17,11,619,2,22,2,22,123,187,0
3,1.3333333333,78.6666666667,1.3333333333,15,2,236,3,3,3,3,51,30,1
3,3.5,44.3,3.2,12,3,443,5,10,5,10,112,36,1
7,3.8055555556,37.3472222222,1.9583333333,38,55,2689,30,72,30,72,437,2090,0
20,1,22.5333333333,1.0666666667,2,2,338,0,15,0,15,33,4,1
4,1,90.5,3,6,1,181,0,2,0,2,25,6,1
3,2.875,77.875,2.625,9,2,623,0,8,0,8,78,18,1
5,1.4375,39.375,3.25,12,4,630,0,16,0,16,103,48,1
3,1,21.5,1.25,4,1,86,4,4,4,4,28,4,1
1,1.4,71.8,3,7,1,359,0,5,0,5,54,7,1
1,1,13.5,1.5,5,1,54,2,4,2,4,20,5,1
6,1,23.0909090909,2.1818181818,14,8,254,0,11,0,11,46,112,1
128,6.3561643836,72.4931506849,3.1232876712,42,33,5292,4,73,4,73,839,1386,0
1,10,96.75,5,7,2,387,2,4,2,4,35,14,1
6,3.7777777778,70.2222222222,3.4444444444,9,2,632,9,9,9,9,55,18,1
1,5.4,88,2.4,16,2,440,17,5,17,5,64,32,1
3,2.4,31.2,1.8,6,2,156,9,5,9,5,36,12,1
17,9.75,106.0625,2.0625,18,3,1697,0,16,0,16,146,54,0
9,4,39.5555555556,2.6666666667,10,4,356,1,9,1,9,58,40,1
76,2.5,26.8928571429,2.5357142857,22,26,753,15,28,15,28,186,572,0
42,1.0526315789,25.2631578947,2.6315789474,13,15,480,0,19,0,19,93,195,0
2,1.25,10.1666666667,1.4166666667,3,19,244,0,24,0,24,37,57,1
3,8.3846153846,136.7692307692,5.0769230769,23,1,1778,12,13,12,13,189,23,0
7,1.4,91.0666666667,2.6666666667,19,3,1366,0,15,0,15,214,57,1
10,6.5671641791,70.9104477612,2.1940298507,51,31,4751,96,67,96,67,774,1581,0
3,4.1666666667,112.9166666667,3.5,15,1,1355,0,12,0,12,168,15,1
1,4.0833333333,47.3333333333,2.25,19,1,568,15,12,15,12,100,19,1
8,3.5,60.7692307692,2.0769230769,22,13,1580,10,26,10,26,254,286,0
1,4.9444444444,58.1111111111,2.5,14,1,1046,7,18,7,18,212,14,0
0,1,21,3,1,1,21,0,1,0,1,2,1,1
0,1,22,3,2,1,22,0,1,0,1,8,2,1
0,1,30,3,2,1,60,0,2,0,2,8,2,1
0,1,10.25,2.25,3,1,41,0,4,0,4,20,3,1
0,1,3,3,0,1,3,0,1,0,1,1,0,1
0,1,47.3333333333,2.6666666667,3,2,142,0,3,0,3,42,6,1
0,1,31,3,3,1,31,0,1,0,1,7,3,1
0,1,70.5,2.5,3,1,141,0,2,0,2,35,3,1
0,1,14,3,2,1,14,0,1,0,1,5,2,1
0,1,16,3,3,1,16,0,1,0,1,6,3,1
0,1,24,3,3,1,24,0,1,0,1,7,3,1
0,1,34,2.5,2,1,68,0,2,0,2,8,2,1
0,2.5,22,2.5,4,1,44,0,2,0,2,18,4,1
0,1,20,3,2,1,20,0,1,0,1,5,2,1
0,4.6,32.6,2.2,6,1,163,0,5,0,5,53,6,1
1,1,89,3,4,1,89,1,1,1,1,21,4,1
5,7.6,131.1333333333,5.2,14,1,1967,5,15,5,15,276,14,0
1,1,44.5,2.25,13,3,178,2,4,2,4,46,39,1
1,1.4285714286,31.5714285714,1.5714285714,5,4,221,2,7,2,7,60,20,1
0,1.6666666667,47.1666666667,1.1666666667,5,3,283,0,6,0,6,72,15,1
0,3.5625,35.4375,2.1875,18,6,567,3,16,3,16,167,108,0
1,1.8888888889,59.3333333333,1.8888888889,8,4,534,3,9,3,9,77,32,1
7,1.35,34.3,2.5,16,7,686,0,20,0,20,135,112,1
1,7.0909090909,75.9090909091,1.8181818182,18,1,835,11,11,11,11,159,18,0
0,8.2142857143,76.2142857143,2,12,1,1067,1,14,1,14,208,12,0
8,2,22.619047619,2,8,10,475,1,21,1,21,84,80,1
8,2.7857142857,34.5714285714,1.8571428571,20,3,1452,19,42,19,42,280,60,0
1,0,0,0,0,0,0,1,0,1,0,0,0,1
5,5.1578947368,49.6315789474,3,10,1,943,21,19,21,19,184,10,0
11,1.3846153846,15.2307692308,1.2307692308,5,8,198,1,13,1,13,44,40,1
3,6.5,57.875,2,8,5,463,3,8,3,8,52,40,1
27,3.45,33.05,1.7,14,10,661,14,20,14,20,108,140,0
15,4.8275862069,56.5862068966,2.0344827586,37,2,1641,37,29,37,29,434,74,0
1,2,12,4,1,1,12,4,1,4,1,4,1,1
15,1,82.2,1.2,13,1,411,1,5,1,5,70,13,1
113,6.183908046,45.1609195402,1.2988505747,51,1,3929,69,87,69,87,922,51,0
88,7.6213592233,81.4951456311,1.6601941748,64,5,8394,150,103,150,103,1480,320,0
3,1,66.375,1.875,12,6,531,0,8,0,8,45,72,1
0,1.1052631579,23.8421052632,1,13,16,453,0,19,0,19,118,208,1
13,3,24.3846153846,2.3076923077,10,3,317,8,13,8,13,91,30,1
5,4.8636363636,36.5909090909,1.6363636364,43,6,805,30,22,30,22,198,258,0
59,3.6753246753,57.8831168831,2.7272727273,35,23,4457,20,77,20,77,776,805,0
39,2.9333333333,24.2666666667,1.5333333333,13,5,364,1,15,1,15,56,65,1
33,8.0754716981,73.4150943396,2.5849056604,60,19,3891,12,53,12,53,578,1140,0
13,5.0571428571,65.1714285714,3.6571428571,57,6,2281,20,35,20,35,362,342,0
25,6.3,98.8666666667,3.6666666667,60,2,2966,8,30,8,30,412,120,0
53,1.0404040404,1.9797979798,2.9393939394,9,96,196,0,99,0,99,124,864,1
74,4.950617284,39.4197530864,1.5308641975,34,4,3193,27,81,27,81,570,136,0
42,9.5,48.6666666667,2.5555555556,34,1,876,13,18,13,18,172,34,0
2,1.2276422764,3.9024390244,1.0975609756,19,122,480,1,123,1,123,158,2318,0
2,1,21,1.8571428571,12,7,147,1,7,1,7,29,84,1
9,7.3636363636,85.9090909091,5.2727272727,22,10,945,1,11,1,11,95,220,0
4,1,42,3.25,14,3,168,1,4,1,4,33,42,1
3,4.25,58.25,2.75,8,4,233,1,4,1,4,34,32,1
36,1.1428571429,41.0714285714,2.4285714286,14,8,575,1,14,1,14,106,112,0
2,6.1428571429,65.5714285714,2.4285714286,18,4,459,2,7,2,7,58,72,1
8,1.3333333333,47.6666666667,2,9,2,286,1,6,1,6,34,18,1
5,2,33.25,1.25,8,4,133,1,4,1,4,24,32,1
2,1.6666666667,12.6666666667,1.5,10,6,76,1,6,1,6,20,60,1
2,1.4330708661,6.5275590551,1.3307086614,19,121,829,1,127,1,127,188,2299,0
6,1.0335135135,2.0918918919,1.132972973,38,921,1935,3,925,3,925,1023,34998,0
1,1.4444444444,12.3333333333,1.6666666667,8,9,111,1,9,1,9,25,72,1
30,2.3684210526,58.1578947368,3.6842105263,28,4,1105,3,19,3,19,165,112,0
6,1,118.8333333333,10,20,2,713,1,6,1,6,68,40,1
10,3.0909090909,31.4545454545,1.5454545455,11,3,346,6,11,6,11,107,33,0
5,2.2142857143,23,2.8571428571,19,11,322,2,14,2,14,66,209,1
2,1,117.5,3.5,22,2,235,0,2,0,2,42,44,1
7,15.1428571429,80.8571428571,2.1428571429,38,3,566,0,7,0,7,128,114,0
12,3.8048780488,35.8536585366,1.2682926829,24,2,1470,30,41,30,41,294,48,0
14,10.2727272727,125.5454545455,4.4545454545,48,1,1381,2,11,2,11,172,48,0
2,6.5,57,2,22,3,228,0,4,0,4,53,66,1
10,5.1666666667,64,2.6666666667,14,4,384,0,6,0,6,71,56,1
0,1,153,1,2,1,153,0,1,0,1,6,2,1
2,5.5,63.5,1.5,15,2,127,0,2,0,2,36,30,1
5,2.7142857143,46.1428571429,1.8571428571,26,1,323,6,7,6,7,113,26,1
33,8.4210526316,95.1578947368,2.3157894737,44,2,1808,14,19,14,19,294,88,0
27,1,28,1,9,6,224,0,8,0,8,48,54,1
1,2.5,20.5,1.5,9,1,41,0,2,0,2,15,9,1
1,12.5,96.5,2,14,1,193,0,2,0,2,35,14,1
8,4,35.625,1.75,35,7,570,7,16,7,16,139,245,0
5,8.0204081633,42.8775510204,3,35,1,2101,14,49,14,49,446,35,0
7,5.1891891892,71,1.9459459459,54,2,2627,18,37,18,37,468,108,0
6,1.8461538462,49.8461538462,1.8076923077,28,8,1296,0,26,0,26,308,224,0
8,5,81.4,3.4,40,10,1628,0,20,0,20,240,400,0
8,4.25,101.375,3.4375,52,4,1622,0,16,0,16,245,208,0
1,4.75,31.25,2.5,12,1,125,0,4,0,4,31,12,1
7,3.76,63.4,3,27,5,1585,5,25,5,25,326,135,0
2,1,132.5,1.5,14,2,265,0,2,0,2,28,28,1
3,4.8,74.4,2,22,5,372,0,5,0,5,80,110,1
8,1.4285714286,44.7857142857,2.2857142857,38,3,627,1,14,1,14,176,114,0
16,3.125,26.8125,3.125,7,1,429,9,16,9,16,121,7,1
8,6,71.5714285714,2.1428571429,25,4,501,6,7,6,7,81,100,0
5,4,52.8333333333,2,24,4,317,0,6,0,6,78,96,1
13,4.625,53.375,2,17,3,427,3,8,3,8,99,51,0
5,6.45,69.2,1.75,40,1,1384,22,20,22,20,307,40,0
16,8.3859649123,78.8070175439,3.4561403509,93,2,8984,38,114,38,114,1569,186,0
21,2.4375,74.9375,1.75,34,5,1199,4,16,4,16,206,170,0
2,2,22,1,7,1,66,0,3,0,3,30,7,1
36,7.9642857143,75.5535714286,2.625,74,11,4231,48,56,48,56,902,814,0
7,2.5925925926,63.7777777778,1.6666666667,38,12,1722,0,27,0,27,325,456,0
10,8.3055555556,88.1111111111,2.1111111111,61,9,3172,4,36,4,36,530,549,0
3,14.5833333333,116.5,1.8333333333,29,1,1398,3,12,3,12,188,29,0
20,7.4705882353,86.4117647059,3,48,9,1469,33,17,33,17,218,432,0
1,7.0714285714,95.5714285714,2.5714285714,29,1,1338,20,14,20,14,220,29,0
2,1,34.3043478261,2.2173913043,22,19,789,6,23,6,23,111,418,0
4,2.9333333333,37.4,2.2666666667,4,10,561,3,15,3,15,115,40,1
1,5.4285714286,64.1428571429,2.2857142857,22,1,449,0,7,0,7,102,22,1
35,1.375,52.375,1,40,6,419,0,8,0,8,75,240,0
1,8.3333333333,96,2.6666666667,11,1,288,0,3,0,3,38,11,1
7,1.4444444444,44.5555555556,4.2222222222,13,4,401,1,9,1,9,92,52,1
7,1,35.8333333333,2.5,8,5,215,0,6,0,6,44,40,1
19,2.8108108108,51.2972972973,2.3513513514,47,14,1898,5,37,5,37,449,658,0
26,1,143.25,1.5,39,4,573,0,4,0,4,117,156,1
43,5.9661016949,78.1694915254,3.593220339,45,8,4612,0,59,0,59,859,360,0
11,3.6,52.8,2.4,10,3,264,0,5,0,5,50,30,1
85,1.0882352941,22.0294117647,1.6176470588,22,7,749,0,34,0,34,241,154,0
56,1.5,34.4333333333,2.0333333333,30,17,1033,0,30,0,30,262,510,0
4,6.8181818182,70.1363636364,2.2272727273,41,1,1543,30,22,30,22,292,41,0
16,3,22.6,1.8,1,1,113,28,5,28,5,45,1,1
12,5.9090909091,71.0454545455,1.9090909091,35,4,1563,34,22,34,22,399,140,0
3,3.2,36.6,1.4,8,2,183,0,5,0,5,43,16,1
3,4.25,37.5,1.5,9,4,150,0,4,0,4,35,36,1
3,5.7142857143,75.1428571429,1.5714285714,16,4,526,0,7,0,7,135,64,1
3,5,65.5,1.5,9,4,262,0,4,0,4,64,36,1
3,4.75,41.25,1.5,10,4,165,0,4,0,4,36,40,1
3,2.8333333333,45.5,1.5,11,4,273,0,6,0,6,88,44,1
3,1.1666666667,21.8333333333,1.5,10,4,131,0,6,0,6,59,40,1
3,2.1666666667,35.5,1.5,10,4,213,0,6,0,6,74,40,1
3,4.5,60.75,1.5,8,4,243,0,4,0,4,59,32,1
6,4.4761904762,57.7142857143,2.2857142857,23,12,1212,0,21,0,21,258,276,0
4,9.75,111.125,2.125,14,4,889,0,8,0,8,179,56,0
3,3.2222222222,46.2222222222,1.5555555556,15,6,416,0,9,0,9,120,90,1
5,6.4166666667,82.3333333333,2.4166666667,18,8,988,0,12,0,12,166,144,0
3,6.6666666667,62.1666666667,1.5,11,3,373,0,6,0,6,64,33,1
3,8.25,77.75,1.5,15,4,311,0,4,0,4,62,60,1
3,4.3333333333,48.6666666667,1.3333333333,7,6,292,0,6,0,6,62,42,1
3,3.6,42.8,1.8,14,4,214,0,5,0,5,71,56,1
3,11,124.4545454545,1.8181818182,15,3,1369,7,11,7,11,192,45,0
3,9.7272727273,100.8181818182,2.7272727273,24,4,1109,0,11,0,11,230,96,0
3,6.25,92,1.5,11,4,368,0,4,0,4,71,44,1
3,4.2,51.4,1.4,13,3,257,1,5,1,5,89,39,1
3,2.8333333333,35,1.3333333333,7,6,210,0,6,0,6,51,42,1
3,1.1111111111,21.6666666667,1.4444444444,7,6,195,0,9,0,9,63,42,1
3,4,41.4166666667,1.4166666667,11,3,497,4,12,4,12,146,33,1
3,2.5,43,1.3333333333,8,6,258,0,6,0,6,76,48,1
4,6.8333333333,85.0833333333,2.4166666667,26,3,1021,0,12,0,12,227,78,0
3,1.3333333333,21,1.5,8,4,126,0,6,0,6,49,32,1
3,4.1,41.1,1.4,16,6,411,0,10,0,10,101,96,1
3,2.25,33,1.5,9,4,132,0,4,0,4,41,36,1
3,2,29.875,1.375,13,6,239,0,8,0,8,82,78,1
6,6.3703703704,69.1111111111,2.5925925926,31,1,1866,36,27,36,27,528,31,0
3,1.3333333333,25.3333333333,1.5,7,4,152,0,6,0,6,58,28,1
36,3.7246376812,30.6086956522,2.3913043478,41,13,2112,14,69,14,69,581,533,0
3,2.5714285714,19.7142857143,2,10,1,138,6,7,6,7,50,10,1
14,2.6666666667,26.5333333333,1.5333333333,10,8,398,22,15,22,15,95,80,0
1,1.8571428571,12,1.6428571429,3,2,168,6,14,6,14,60,6,1
4,1.0740740741,1.7777777778,1.6296296296,2,27,48,13,27,13,27,31,54,1
102,1.8,11.7,2,3,1,117,4,10,4,10,42,3,1
3,13.6666666667,118.2222222222,1.6666666667,21,1,1064,13,9,13,9,82,21,0
11,2.7916666667,23.5416666667,1.3333333333,10,3,565,4,24,4,24,153,30,0
4,1,31.3333333333,1.6666666667,4,6,188,6,6,6,6,15,24,1
1,1,130,3,5,1,130,0,1,0,1,7,5,1
1,5.9090909091,45,2.6363636364,1,4,495,26,11,26,11,49,4,1
3,9.64,73.6,2.56,26,1,1840,43,25,43,25,237,26,0
12,4.625,30,3.5,3,5,240,0,8,0,8,17,15,1
10,2.4285714286,36,2.7142857143,1,1,252,0,7,0,7,14,1,1
0,1.6,49.6,1.8,1,2,248,14,5,14,5,15,2,1
21,1.8125,35.5,1.5625,16,5,1136,31,32,31,32,166,80,0
52,1.7307692308,12.9230769231,1.8846153846,6,20,336,0,26,0,26,91,120,1
16,2.5,48,1.5,0,2,96,3,2,3,2,5,0,1
0,1,10,2,0,1,10,0,1,0,1,1,0,1
0,4.2,62.6,1.2,14,1,313,1,5,1,5,27,14,1
65,5.25,24.625,1.625,3,2,591,4,24,4,24,99,6,1
44,1.0755555556,16.2577777778,1.0177777778,14,1,3658,0,225,0,225,541,14,0
30,1.1153846154,13.9230769231,2,13,1,2534,0,182,0,182,422,13,0
191,1.1153846154,15.6730769231,1.9230769231,3,6,815,0,52,0,52,180,18,1
61,1.2380952381,15.7142857143,3.3333333333,8,16,330,0,21,0,21,126,128,1
76,28.8571428571,127.5238095238,2.4285714286,12,9,2678,0,21,0,21,335,108,0
2,105.75,337,1.25,4,4,1348,2,4,2,4,9,16,1
10,2.4578313253,16.3373493976,2.0060240964,14,1,2712,0,166,0,166,473,14,0
15,5,43,1,3,1,43,13,1,13,1,13,3,1
19,2.6,58.6,1.6,4,1,293,1,5,1,5,25,4,1
1,2.9137931034,20.9137931034,1.0344827586,9,4,1213,0,58,0,58,154,36,1
11,5.3684210526,37.3157894737,1.7368421053,5,2,709,25,19,25,19,167,10,0
26,1,8,1,1,1,32,4,4,4,4,17,1,1
2,2,10,4,2,1,10,0,1,0,1,4,2,1
4,1,76,6,2,1,76,0,1,0,1,5,2,1
2,4,43,3.625,3,4,344,0,8,0,8,28,12,1
3,3,56.75,3.25,9,1,227,2,4,2,4,35,9,1
2,2.3333333333,86.6666666667,1.6666666667,14,1,260,5,3,5,3,38,14,1
2,3,24,3,0,1,24,0,1,0,1,1,0,1
2,1,47,6,1,1,47,0,1,0,1,2,1,1
2,1,64,6,1,1,64,0,1,0,1,3,1,1
2,1,176,5,2,1,176,0,1,0,1,3,2,1
2,2.25,19.75,2.25,6,7,158,0,8,0,8,37,42,1
5,1,63,6,2,1,63,0,1,0,1,3,2,1
3,1,9.5,1.5,2,2,19,0,2,0,2,5,4,1
8,5.1666666667,47.25,4.0833333333,2,9,567,7,12,7,12,31,18,0
2,3,25,4,3,1,50,0,2,0,2,8,3,1
1,5.1428571429,53.1071428571,2.9642857143,33,1,1487,3,28,3,28,301,33,0
11,4,125.4,4.2,14,1,627,6,5,6,5,79,14,0
19,2.28,63.46,4.1,28,2,3173,20,50,20,50,651,56,0
13,4.25,74.4166666667,3.375,19,6,1786,0,24,0,24,354,114,0
8,6.3260869565,67.1739130435,3.6956521739,27,2,3090,6,46,6,46,425,54,0
2,9.3333333333,131.3333333333,8.5555555556,8,1,1182,0,9,0,9,114,8,1
3,5,81.3636363636,2.5454545455,11,1,895,0,11,0,11,117,11,1
1,1,107,2,7,1,107,0,1,0,1,15,7,1
10,1.9583333333,45.9583333333,3.4583333333,18,3,1103,0,24,0,24,183,54,0
1,7,33,2,8,1,165,0,5,0,5,31,8,1
1,7.4,77.2,2.6,9,1,386,0,5,0,5,87,9,1
8,4.32,53.4933333333,4.08,35,4,4012,0,75,0,75,1105,140,0
5,5.5789473684,77.1052631579,3.3684210526,23,3,1465,2,19,2,19,236,69,0
1,3.4285714286,67.1428571429,2.5714285714,22,2,470,0,7,0,7,116,44,1
2,3.8717948718,48.4358974359,3.7692307692,32,38,1889,3,39,3,39,464,1216,0
17,9.1538461538,111.8846153846,3.3846153846,36,3,2909,2,26,2,26,418,108,0
6,5.2666666667,48.1666666667,2.5333333333,18,1,1445,19,30,19,30,301,18,0
4,5.96875,67.15625,2.6875,25,2,2149,6,32,6,32,439,50,0
4,6.6071428571,72.4642857143,2.6785714286,17,2,2029,14,28,14,28,344,34,0
6,5.6666666667,74.1666666667,1,8,2,445,0,6,0,6,60,16,1
3,4.6666666667,104.6666666667,2.6666666667,14,2,314,0,3,0,3,36,28,1
5,6.4736842105,85.3157894737,4.2631578947,29,3,1621,2,19,2,19,290,87,0
44,7.8115942029,56.2463768116,2.1014492754,43,16,3881,18,69,18,69,675,688,0
6,3,26.6666666667,3,6,3,80,0,3,0,3,23,18,1
12,5.3658536585,52.1951219512,4.0243902439,26,32,2140,0,41,0,41,527,832,0
7,3.5,30.1,2.1,11,6,301,0,10,0,10,100,66,1
10,7.4545454545,82,3.4545454545,30,6,902,2,11,2,11,166,180,0
6,6.6956521739,53.652173913,1.7826086957,19,1,1234,22,23,22,23,151,19,0
19,1.6,49.5333333333,3,15,7,743,2,15,2,15,218,105,0
11,4.0833333333,41.75,3.3333333333,7,6,501,0,12,0,12,104,42,1
15,3.0666666667,16.2,2,10,9,243,0,15,0,15,53,90,1
29,4.6111111111,29.4444444444,2,10,8,530,15,18,15,18,134,80,0
15,5.2608695652,90.7391304348,2.652173913,24,2,2087,1,23,1,23,523,48,0
8,9.2857142857,114.3333333333,3.1904761905,60,1,2401,20,21,20,21,325,60,0
7,1,51,3,3,1,51,0,1,0,1,4,3,1
4,16.375,107.75,3.875,21,4,862,10,8,10,8,140,84,0
11,5.0294117647,54.7058823529,3.5588235294,30,4,1860,0,34,0,34,308,120,0
27,10.1739130435,80.0869565217,4.0434782609,17,4,1842,0,23,0,23,199,68,0
10,9.6666666667,104.1666666667,2.1666666667,7,1,625,6,6,6,6,62,7,0
1,10.5555555556,90.3333333333,2,14,1,813,11,9,11,9,187,14,0
10,8.8285714286,68.6571428571,2.4285714286,31,2,2403,1,35,1,35,459,62,0
20,12.1538461538,111.1538461538,4.4615384615,26,1,1445,3,13,3,13,162,26,0
29,3.5,38.7,2.5,22,2,387,37,10,37,10,83,44,0
20,4.85,39.95,4.35,19,3,799,7,20,7,20,151,57,0
2,2.7142857143,30.2857142857,2.7142857143,8,2,212,4,7,4,7,69,16,1
31,5.2093023256,49.6046511628,3.7209302326,26,17,2133,0,43,0,43,541,442,0
5,8.0526315789,75.7368421053,4.1052631579,27,4,1439,0,19,0,19,235,108,0
35,3.7142857143,27,1.9047619048,20,11,567,0,21,0,21,139,220,0
4,12.7777777778,137.5555555556,2.1666666667,47,3,2476,24,18,24,18,488,141,0
6,1,55,2,4,2,110,0,2,0,2,16,8,1
0,7,82,1,1,1,82,4,1,4,1,6,1,1
10,7.25,36.5,2,3,3,146,0,4,0,4,10,9,1
12,5,51,1,0,1,51,0,1,0,1,1,0,1
0,0,0,0,0,0,0,0,0,0,0,0,0,1
0,0,0,0,0,0,0,0,0,0,0,0,0,1
0,0,0,0,0,0,0,0,0,0,0,0,0,1
0,0,0,0,0,0,0,0,0,0,0,0,0,1
0,3.25,17.75,1.25,2,3,71,1,4,1,4,8,6,1
0,1,8.5,1.25,0,4,34,0,4,0,4,4,0,1
0,0,0,0,0,0,0,0,0,0,0,0,0,1
0,1,13.25,1.5,0,4,53,1,4,1,4,4,0,1
0,1.75,13.25,1.5,3,4,53,0,4,0,4,11,12,1
0,1,8.5,1.25,0,4,34,0,4,0,4,4,0,1
0,1,8.5,1.25,0,4,34,0,4,0,4,4,0,1
0,0,0,0,0,0,0,0,0,0,0,0,0,1
0,0,0,0,0,0,0,0,0,0,0,0,0,1
0,3.25,23.5,1.25,1,4,94,0,4,0,4,5,4,1
0,0,0,0,0,0,0,0,0,0,0,0,0,1
0,1.75,13.25,1.5,3,4,53,1,4,1,4,11,12,1
0,1,13.25,1.5,0,4,53,0,4,0,4,4,0,1
0,1.75,13.25,1.5,3,2,53,1,4,1,4,14,6,1
0,1,13.25,1.5,0,4,53,0,4,0,4,4,0,1
0,0,0,0,0,0,0,0,0,0,0,0,0,1
0,0,0,0,0,0,0,0,0,0,0,0,0,1
0,0,0,0,0,0,0,0,0,0,0,0,0,1
0,0,0,0,0,0,0,0,0,0,0,0,0,1
0,0,0,0,0,0,0,0,0,0,0,0,0,1
0,0,0,0,0,0,0,0,0,0,0,0,0,1
0,0,0,0,0,0,0,0,0,0,0,0,0,1
0,0,0,0,0,0,0,0,0,0,0,0,0,1
3,2,13,1.4,1,5,65,1,5,1,5,7,5,1
0,2,30.5,2.5,1,1,61,7,2,7,2,9,1,1
2,6.8,50.05,2,11,20,1001,9,20,9,20,58,220,0
447,1.4736842105,11.4210526316,2.0526315789,14,11,217,20,19,20,19,71,154,1
0,2.8888888889,15.2222222222,1.3333333333,3,5,137,4,9,4,9,25,15,1
10,2.0769230769,24.5384615385,1.6153846154,2,7,319,8,13,8,13,30,14,1
10,2.8571428571,61.8571428571,2,3,5,433,4,7,4,7,18,15,1
7,5.25,39.4166666667,1.4166666667,8,5,473,3,12,3,12,55,40,1
5,3,30,1,1,2,90,0,3,0,3,5,2,1
1,2.3333333333,11.6666666667,4,1,2,35,3,3,3,3,9,2,1
2,2.3333333333,64.3333333333,2.3333333333,2,1,193,0,3,0,3,7,2,1
56,1.9,26,1.1,4,4,260,7,10,7,10,39,16,1
6,3.5454545455,52.9090909091,2.6363636364,3,2,582,2,11,2,11,40,6,1
3,3,40,2,4,1,80,5,2,5,2,16,4,1
22,1,29.7777777778,1.5555555556,0,9,268,0,9,0,9,9,0,1
0,2.7142857143,19,1.4285714286,5,5,133,3,7,3,7,27,25,1
0,3.8571428571,36.7142857143,1.5714285714,5,3,257,3,7,3,7,36,15,1
19,4.935483871,72.6451612903,1.6129032258,56,1,2252,61,31,61,31,489,56,0
2,5.3846153846,78.5384615385,1.2307692308,27,9,1021,6,13,6,13,175,243,0
12,2,56.8888888889,1.1666666667,29,1,1024,27,18,27,18,210,29,0
5,4,103,1,2,1,103,0,1,0,1,3,2,1
1,4.25,42.75,1.0833333333,19,1,513,7,12,7,12,85,19,1
32,4.2068965517,40.6091954023,1.5632183908,39,1,3533,248,87,248,87,976,39,0
20,8.25,75.3392857143,1.3035714286,56,3,4219,62,56,62,56,720,168,0
7,7.6666666667,79.0833333333,1.75,24,1,949,31,12,31,12,134,24,0
1,3.4,54,1,19,1,270,3,5,3,5,56,19,1
0,4.7647058824,32.5882352941,2.6470588235,3,7,554,0,17,0,17,122,21,1
0,1.6666666667,9.8333333333,2,2,3,59,0,6,0,6,27,6,1
0,22.0909090909,87.5454545455,1.8181818182,2,2,963,9,11,9,11,58,4,1
0,5.5,34.875,3,5,6,279,3,8,3,8,19,30,1
0,5.2380952381,28.2619047619,2.3571428571,4,5,1187,0,42,0,42,305,20,1
3,9.5714285714,41.8571428571,1.1428571429,5,1,586,9,14,9,14,77,5,1
9,2.2213114754,12.3770491803,2.4344262295,5,54,1510,38,122,38,122,424,270,0
0,9.2727272727,55,3.8181818182,4,2,605,0,11,0,11,154,8,1
6,1,61,4,1,1,61,5,1,5,1,7,1,1
6,6.1153846154,39.8461538462,3.8461538462,5,8,1036,68,26,68,26,207,40,0
2,1,6,1,1,1,6,0,1,0,1,2,1,1
2,14,103,3.5,3,1,206,0,2,0,2,17,3,1
1,7.5,69.75,2.0833333333,14,1,837,9,12,9,12,116,14,0
0,4,32.5454545455,1.5454545455,7,1,358,3,11,3,11,104,7,1
5,4.1818181818,46.1818181818,1.3636363636,17,5,508,3,11,3,11,108,85,0
5,4.5769230769,45.5,1.4615384615,25,2,1183,41,26,41,26,279,50,0
7,1,31,1.3333333333,9,1,279,1,9,1,9,65,9,1
17,4.6785714286,57.0357142857,1.1428571429,43,1,1597,24,28,24,28,345,43,0
4,6.8888888889,72.1111111111,3.5555555556,29,4,649,0,9,0,9,103,116,0
11,9.2307692308,95.4230769231,2.8461538462,24,1,2481,2,26,2,26,379,24,0
17,4.90625,34.0625,2.625,13,10,1090,30,32,30,32,248,130,0
1,2,56,1,5,1,56,0,1,0,1,9,5,1
2,3.25,28,2.75,9,4,112,0,4,0,4,22,36,1
0,4.2,31.4,1.2,11,3,157,12,5,12,5,47,33,1
34,7.3333333333,19.6666666667,2.6666666667,2,2,59,9,3,9,3,19,4,1
0,6,18.75,1,2,3,150,49,8,49,8,74,6,1
0,15.9166666667,35.0833333333,1,2,3,421,61,12,61,12,123,6,0
0,13.2777777778,34,1,2,3,612,173,18,173,18,224,6,0
0,9.9285714286,27.2142857143,1,2,4,381,122,14,122,14,152,8,0
0,19.7333333333,47.2666666667,1,3,3,709,199,15,199,15,183,9,0
0,15.6666666667,36.2222222222,1,2,3,326,50,9,50,9,77,6,0
0,14.8823529412,36.8823529412,1,2,3,627,231,17,231,17,187,6,0
0,16.6923076923,38,1,2,3,494,228,13,228,13,123,6,0
0,5.4285714286,17,1,2,3,119,49,7,49,7,60,6,1
0,9.2857142857,24,1,2,3,336,108,14,108,14,158,6,0
0,14.3846153846,33.5384615385,1,2,3,436,218,13,218,13,119,6,0
0,16.3846153846,38.9230769231,1,2,3,506,234,13,234,13,124,6,0
0,5.1428571429,16.4285714286,1,2,3,115,56,7,56,7,57,6,1
0,10.5,26.7142857143,1,2,3,374,255,14,255,14,130,6,0
0,7.3846153846,18.6923076923,1,2,3,243,152,13,152,13,122,6,1
0,6,19,1,2,3,152,49,8,49,8,77,6,1
0,15.9166666667,35.9166666667,1,2,3,431,61,12,61,12,127,6,0
0,13.2777777778,34.4444444444,1,2,3,620,173,18,173,18,232,6,0
0,9.9285714286,27.6428571429,1,2,4,387,122,14,122,14,156,8,0
0,19.7333333333,47.9333333333,1,3,3,719,199,15,199,15,188,9,0
0,15.6666666667,36.8888888889,1,2,3,332,50,9,50,9,84,6,0
0,14.8823529412,37.1176470588,1,2,3,631,231,17,231,17,190,6,0
0,16.6923076923,38.6153846154,1,2,3,502,228,13,228,13,128,6,0
0,5.4285714286,17.2857142857,1,2,3,121,49,7,49,7,63,6,1
0,9.2857142857,24.1428571429,1,2,3,338,108,14,108,14,161,6,0
0,14.3846153846,34,1,2,3,442,218,13,218,13,123,6,0
0,10.5,27.1428571429,1,2,3,380,255,14,255,14,135,6,0
0,6.8461538462,18.2307692308,1,2,3,237,152,13,152,13,110,6,1
0,16.3846153846,39.2307692308,1,2,3,510,234,13,234,13,127,6,0
0,5.1428571429,16.7142857143,1,2,3,117,56,7,56,7,60,6,1
0,16.6511627907,38.488372093,1,3,3,1655,188,43,188,43,361,9,0
33,1.275862069,13.5862068966,3.4137931034,4,12,394,0,29,0,29,133,48,1
8,1,28,1,6,3,84,3,3,3,3,19,18,1
3,1,12.8333333333,1.6666666667,6,2,77,3,6,3,6,26,12,1
89,4.320754717,44.6226415094,1.7358490566,29,19,2365,14,53,14,53,445,551,0
9,1.2727272727,32.2727272727,1.3636363636,7,3,355,12,11,12,11,67,21,1
3,1.5555555556,43.8888888889,1.7777777778,15,1,395,8,9,8,9,102,15,1
6,4.4166666667,30.8333333333,1.8333333333,4,1,370,11,12,11,12,92,4,1
2,10,70.6666666667,2.3333333333,6,1,212,0,3,0,3,25,6,1
52,4.1224489796,31.4285714286,1.5306122449,18,3,1540,33,49,33,49,319,54,0
1,9,82.75,2,13,1,331,1,4,1,4,39,13,1
8,2.9,26.55,2.2,8,1,531,3,20,3,20,114,8,1
2,1.1428571429,41.2857142857,2,3,3,289,0,7,0,7,24,9,1
12,1.25,5.25,1.5,1,3,21,0,4,0,4,9,3,1
47,2.5555555556,37.6666666667,1.4444444444,33,5,339,9,9,9,9,106,165,0
4,1,86.5,1.5,28,1,173,3,2,3,2,63,28,1
22,1.9090909091,13.2727272727,1,5,2,146,5,11,5,11,44,10,1
27,5.4042553191,52.5531914894,1.6595744681,24,3,2470,16,47,16,47,554,72,0
12,3.4285714286,23.4285714286,1.4285714286,9,1,164,4,7,4,7,33,9,1
37,1.9473684211,19,1.7368421053,8,3,361,10,19,10,19,98,24,1
8,1,9.5555555556,1.6666666667,1,9,86,0,9,0,9,33,9,1
12,3.375,35.25,1.875,12,3,282,24,8,24,8,41,36,1
9,4.4444444444,50.6666666667,1.4444444444,10,2,456,18,9,18,9,116,20,0
17,2.7307692308,27.1923076923,1.5,23,5,707,21,26,21,26,191,115,0
1,1.6428571429,55.2857142857,1.7142857143,19,6,774,2,14,2,14,138,114,1
3,6,63.6363636364,2.0909090909,13,1,700,27,11,27,11,164,13,0
55,1.7096774194,14.935483871,2.4193548387,9,28,463,0,31,0,31,146,252,0
20,5.6981132075,61.8301886792,2.2264150943,24,5,3277,74,53,74,53,760,120,0
46,5.5454545455,56.2727272727,1.2727272727,8,1,619,14,11,14,11,99,8,0
22,5.0454545455,57.8939393939,1.6212121212,30,2,3821,20,66,20,66,892,60,0
39,1.2608695652,51.5217391304,1.2608695652,26,5,1185,11,23,11,23,338,130,0
3,1,55,1.3333333333,13,3,165,0,3,0,3,31,39,1
2,2,19.875,1.5,3,5,159,2,8,2,8,17,15,1
2,1,6,1,3,5,30,0,5,0,5,10,15,1
40,4.7857142857,46.1428571429,1.8571428571,5,6,646,15,14,15,14,65,30,1
30,3.5,15.5,2,0,2,31,2,2,2,2,4,0,1
5,2,47.5357142857,2.5357142857,19,1,1331,14,28,14,28,277,19,0
30,3.5,31.2391304348,2.1304347826,24,17,1437,28,46,28,46,308,408,0
0,1,9.5,1,1,3,38,3,4,3,4,10,3,1
18,5.875,16,1.625,9,8,128,9,8,9,8,27,72,1
2,9.5,85.6666666667,2.3333333333,18,1,514,5,6,5,6,111,18,0
53,3.9642857143,67.9642857143,1.5357142857,72,7,3806,44,56,44,56,642,504,0
14,8.9444444444,78.3888888889,3.5,25,4,1411,1,18,1,18,258,100,0
22,42.9285714286,181.2857142857,1.7857142857,65,6,2538,1,14,1,14,268,390,0
1,1,64,1,4,1,64,0,1,0,1,9,4,1
1,1,59,1,9,1,118,2,2,2,2,25,9,1
1,1,37,1,8,1,74,2,2,2,2,18,8,1
0,2.25,47.75,1.75,11,1,191,13,4,13,4,41,11,1
1,5.9411764706,45.2352941176,2.7058823529,13,1,769,17,17,17,17,155,13,0
1,8,37.6,1.8,2,2,188,9,5,9,5,26,4,1
2,8.027027027,44.0540540541,2.9189189189,15,1,1630,63,37,63,37,300,15,0
4,2.3636363636,33.8181818182,1.6363636364,11,3,372,0,11,0,11,75,33,1
12,2.2857142857,23,1.2857142857,8,2,161,5,7,5,7,41,16,1
4,4.1333333333,37.8,2.7333333333,8,2,567,15,15,15,15,173,16,1
0,3.8333333333,56.6666666667,2.6666666667,9,2,340,4,6,4,6,35,18,1
0,3,45.75,2.25,11,1,366,6,8,6,8,70,11,1
15,4.5529411765,33.7294117647,1.5058823529,54,70,2867,19,85,19,85,528,3780,0
2,1.4166666667,24.5,1.25,13,3,294,7,12,7,12,91,39,1
1,5.1176470588,39.5588235294,1.7352941176,15,3,1345,115,34,115,34,246,45,0
20,2.9903846154,26.3846153846,1.6875,37,22,5488,9,208,9,208,1034,814,0
1,5.6923076923,75.1538461538,4.5384615385,11,2,977,0,13,0,13,68,22,0
2,4.2222222222,65.6666666667,2.2222222222,14,1,591,16,9,16,9,103,14,1
1,1,99.8,1.8,10,5,499,0,5,0,5,48,50,1
66,3.6666666667,70.2878787879,3.7878787879,18,12,4639,18,66,18,66,506,216,0
24,1,17.75,3.125,6,8,142,0,8,0,8,26,48,1
1,3.3333333333,22.1666666667,2,5,2,133,0,6,0,6,25,10,1
6,1,13.3333333333,1.2,4,13,200,0,15,0,15,25,52,1
0,2.972972973,24.0540540541,1,12,36,890,0,37,0,37,96,432,0
0,1,8.9285714286,1,2,14,125,0,14,0,14,20,28,1
5,2.3636363636,18.305785124,1.1404958678,19,48,2215,2,121,2,121,403,912,0
20,3.6304347826,81.152173913,3.652173913,23,5,3733,11,46,11,46,303,115,0
10,1,60.0909090909,1.6363636364,12,10,661,0,11,0,11,57,120,0
24,3.5,26.75,3.25,3,2,107,0,4,0,4,11,6,1
0,2.2,27.68,1.16,22,6,692,0,25,0,25,138,132,1
2,2.8,50.2,2.8,10,1,251,8,5,8,5,59,10,1
139,3.125,25.3125,2.125,4,13,405,13,16,13,16,50,52,1
2,1.5,21.55,1.25,15,9,431,0,20,0,20,96,135,1
17,1.0930232558,16.488372093,1.0620155039,14,66,2127,1,129,1,129,325,924,0
69,5.875,43.125,2.125,10,2,345,0,8,0,8,28,20,0
13,13.04,78.7,2.34,23,1,3935,100,50,100,50,536,23,0
2,1.4444444444,31.3333333333,1.4444444444,18,1,282,2,9,2,9,72,18,1
5,1.468879668,16.9709543568,1.2365145228,7,96,4090,0,241,0,241,1101,672,0
0,1,4,1,0,6,24,0,6,0,6,6,0,1
0,1,1,4,0,2,2,0,2,0,2,2,0,1
1,17.2857142857,64.8571428571,2.7142857143,2,1,454,0,7,0,7,24,2,1
8,1,12.7882352941,1.0117647059,11,84,1087,3,85,3,85,188,924,0
8,1.6951219512,14.2317073171,1.0243902439,10,78,1167,3,82,3,82,178,780,0
1,6.4761904762,43.8571428571,1.9523809524,17,4,921,5,21,5,21,122,68,0
0,1.5909090909,13.1818181818,2.3636363636,8,4,290,0,22,0,22,58,32,1
0,22,158,6,1,1,158,0,1,0,1,3,1,1
1,1,24.9565217391,1.0434782609,9,22,574,6,23,6,23,86,198,1
1,1.2352941176,13.2352941176,1.0588235294,5,10,225,0,17,0,17,80,50,1
2,1.2666666667,27.1333333333,1.0666666667,28,13,407,2,15,2,15,80,364,0
37,1.4615384615,26.3076923077,1.9230769231,8,4,342,6,13,6,13,67,32,1
6,2.7727272727,18.0909090909,1.1515151515,15,17,1194,2,66,2,66,230,255,0
53,1,10,1.1764705882,12,13,170,0,17,0,17,45,156,1
6,1.5357142857,20.9285714286,1.2142857143,14,16,1172,0,56,0,56,163,224,0
14,3.0085470085,40.7863247863,1.6495726496,18,10,4772,36,117,36,117,744,180,0
12,3.6206896552,48.8275862069,2.1034482759,5,5,1416,0,29,0,29,180,25,1
10,1,41.75,2.25,2,3,167,0,4,0,4,8,6,1
14,1.32,13.68,1.08,6,22,342,0,25,0,25,65,132,1
20,2.4117647059,44.8823529412,1.2941176471,8,11,763,0,17,0,17,66,88,1
16,5.2777777778,37.0555555556,1.9444444444,11,5,667,21,18,21,18,73,55,0
1,12,116.6666666667,4.3333333333,1,1,350,18,3,18,3,17,1,1
0,2.4823529412,16.1647058824,1,17,85,1374,1,85,1,85,326,1445,0
0,1,7.15,1,6,40,286,0,40,0,40,104,240,1
5,1.8,15.4,1.4,2,2,77,0,5,0,5,12,4,1
6,3.6125,31.2375,1.7125,23,10,2499,10,80,10,80,401,230,0
2,4.7142857143,57.9523809524,2.4761904762,10,6,1217,22,21,22,21,169,60,0
0,8.1428571429,74,3.4285714286,8,1,518,0,7,0,7,43,8,1
0,10.5714285714,90.7142857143,1.5714285714,7,3,635,0,7,0,7,77,21,1
0,4,62.3333333333,2.6666666667,8,1,187,0,3,0,3,34,8,1
3,2.5,32.8214285714,1.9642857143,16,2,919,16,28,16,28,156,32,0
16,1.6756756757,31.8918918919,1.1081081081,21,27,1180,0,37,0,37,189,567,0
3,4.0731707317,72.3658536585,2.6341463415,32,2,2967,28,41,28,41,515,64,0
1,2.3333333333,96.8333333333,1,13,5,1162,16,12,16,12,184,65,0
29,8.5779816514,68.3669724771,2.4311926606,49,2,7452,37,109,37,109,1294,98,0
13,8.0804597701,73.7586206897,2.9770114943,57,6,6417,26,87,26,87,664,342,0
2,1.5882352941,16.5882352941,1.0588235294,16,14,282,1,17,1,17,72,224,1
59,1.2290076336,32.1603053435,1.3664122137,27,33,4213,10,131,10,131,620,891,0
10,7.125,57.25,3.4375,11,10,916,0,16,0,16,89,110,0
0,1,68,1,5,1,68,0,1,0,1,11,5,1
1,1.1111111111,23.4444444444,1.1111111111,6,5,211,6,9,6,9,37,30,1
1,2.0476190476,30.4285714286,1.5238095238,11,5,639,14,21,14,21,100,55,1
3,4.7058823529,46.2941176471,2.8235294118,16,4,787,15,17,15,17,132,64,1
4,4,25.375,1.625,6,1,203,12,8,12,8,60,6,1
0,1.2,21.3,1.2,6,6,213,2,10,2,10,39,36,1
3,1.1875,14.5,1.5625,6,11,232,0,16,0,16,62,66,1
2,5.2857142857,56.1428571429,2.5714285714,11,1,393,0,7,0,7,83,11,1
5,1.3076923077,25.6153846154,1.6153846154,7,8,333,3,13,3,13,126,56,1
0,4.8636363636,34,2.0454545455,14,1,748,13,22,13,22,135,14,1
1,2.4444444444,53,2,12,3,477,3,9,3,9,71,36,1
11,3.4324324324,33.2432432432,2.1621621622,27,14,1230,16,37,16,37,223,378,0
4,1,48.6,2.6,4,5,243,7,5,7,5,13,20,1
1,2.3,18.95,1.3,14,1,379,7,20,7,20,98,14,1
2,1.8571428571,11.7142857143,1.1428571429,6,1,164,1,14,1,14,40,6,1
8,3.6666666667,31.7708333333,1.1875,12,27,1525,3,48,3,48,139,324,0
1,1.4146341463,18.0975609756,1.1463414634,16,16,742,0,41,0,41,118,256,0
99,2.0277777778,30.4444444444,1.4814814815,34,35,3288,10,108,10,108,400,1190,0
0,1,4,1,1,1,4,0,1,0,1,2,1,1
2,1,68,2,7,1,68,0,1,0,1,17,7,1
1,1.4117647059,18.1176470588,1.1764705882,3,7,308,5,17,5,17,68,21,1
2,1,8.3333333333,1.0833333333,4,12,100,0,12,0,12,24,48,1
10,3.4444444444,29.9166666667,1.9722222222,33,14,2154,2,72,2,72,466,462,0
1,4,38.3333333333,2,8,1,115,8,3,8,3,31,8,1
18,4.72,55.64,2.48,27,1,1391,40,25,40,25,339,27,0
1,4.25,45.5,1.75,16,1,182,9,4,9,4,49,16,1
36,2.2857142857,19.2571428571,1.8857142857,16,6,674,24,35,24,35,235,96,0
157,3,22.7906976744,1.9418604651,15,61,1960,5,86,5,86,242,915,0
13,5.1428571429,49.1071428571,2,26,1,1375,37,28,37,28,386,26,0
27,6.5185185185,68.4259259259,1.7222222222,54,6,3695,23,54,23,54,717,324,0
9,3.8,29.1,2,14,2,582,52,20,52,20,162,28,0
3,3.6,30.4,2.2,11,1,152,3,5,3,5,43,11,1
98,2.1538461538,13.5384615385,3.3846153846,2,1,176,9,13,9,13,54,2,1
8,7.125,66.375,1.625,23,2,531,34,8,34,8,114,46,0
32,5.9047619048,44.5238095238,1.619047619,23,1,935,40,21,40,21,219,23,0
0,2,30,4,0,1,30,0,1,0,1,1,0,1
63,4.2545454545,25.8545454545,1.6181818182,27,4,1422,37,55,37,55,475,108,0
7,4.9166666667,42,1.5,13,3,504,11,12,11,12,94,39,1
133,2.9452054795,28.4520547945,3.9452054795,27,15,2077,40,73,40,73,421,405,0
56,7.8636363636,55.9090909091,2.1363636364,26,10,1230,11,22,11,22,147,260,0
62,2.1428571429,34.4285714286,1.6571428571,10,2,1205,34,35,34,35,269,20,0
36,1,6.8,2.2,2,5,34,0,5,0,5,10,10,1
172,0,0,0,0,0,0,51,0,51,0,0,0,1
87,2.1212121212,28.2727272727,1.5151515152,22,10,933,14,33,14,33,160,220,0
6,2.2857142857,60.8571428571,1.6428571429,52,3,852,0,14,0,14,151,156,1
20,1.3076923077,36.1538461538,4.1538461538,4,8,470,0,13,0,13,45,32,1
0,1,6.5,1,1,4,26,1,4,1,4,6,4,1
0,1,9.6875,1.3333333333,2,21,465,1,48,1,48,100,42,1
0,7.7142857143,39.8571428571,1.7142857143,1,4,279,1,7,1,7,14,4,1
0,2.5,14.3333333333,1.6666666667,1,4,86,1,6,1,6,11,4,1
0,5,32.8888888889,1.6666666667,2,12,592,1,18,1,18,41,24,1
0,2.5,15.6666666667,1.6666666667,1,4,94,1,6,1,6,13,4,1
1,2.6666666667,55,2.3333333333,1,1,165,8,3,8,3,17,1,1
0,2.6875,17.75,1.5,3,8,284,1,16,1,16,39,24,1
0,1,8.875,1.5,2,8,142,1,16,1,16,30,16,1
0,1,5.6666666667,1.6666666667,1,12,102,1,18,1,18,30,12,1
0,1,7,1,1,4,28,1,4,1,4,6,4,1
0,1,7,1,1,4,28,1,4,1,4,6,4,1
0,1,7,1,1,8,56,1,8,1,8,12,8,1
0,1,8,1,1,4,32,1,4,1,4,6,4,1
0,1,7,1,1,4,28,1,4,1,4,6,4,1
0,1,7,1,1,4,28,1,4,1,4,6,4,1
0,1,7,1,1,4,28,1,4,1,4,6,4,1
0,1,7,1,1,4,28,1,4,1,4,6,4,1
0,1,7,1,1,4,28,1,4,1,4,6,4,1
0,1,7,1,1,4,28,1,4,1,4,6,4,1
0,2,13,1,3,3,52,7,4,7,4,14,9,1
0,3.25,19.5,1,1,4,78,1,4,1,4,9,4,1
0,1,7,1,1,4,28,1,4,1,4,6,4,1
0,1,7,1,1,4,28,1,4,1,4,6,4,1
0,1,8,1,1,4,32,1,4,1,4,6,4,1
0,1,7,1,1,4,28,1,4,1,4,6,4,1
0,2,13,1,3,3,52,7,4,7,4,14,9,1
30,1.3333333333,13.7777777778,1.1111111111,4,3,124,4,9,4,9,30,12,1
0,11,62,1,1,1,62,0,1,0,1,2,1,1
70,1.1081081081,18.9189189189,1.8918918919,17,6,700,12,37,12,37,198,102,0
43,3.0649350649,19.6753246753,1.8701298701,7,33,1515,3,77,3,77,146,231,0
0,11,62,1,1,1,62,0,1,0,1,2,1,1
0,11,62,1,1,1,62,0,1,0,1,2,1,1
0,1,7,2,1,1,7,0,1,0,1,3,1,1
3,1,11.3333333333,2.3333333333,1,3,34,0,3,0,3,7,3,1
61,5.3846153846,41.3247863248,2.7948717949,54,39,4835,115,117,115,117,1003,2106,0
1,3.3333333333,26,1,3,1,78,6,3,6,3,35,3,1
5,2.5,19.5,1,4,1,39,2,2,2,2,12,4,1
19,5.25,60.75,2.25,6,1,243,8,4,8,4,32,6,1
4,5.4705882353,35.4117647059,2,1,2,602,15,17,15,17,100,2,1
55,1,16.6666666667,1.6666666667,4,1,50,3,3,3,3,13,4,1
13,3.2142857143,21.6428571429,1.5,9,1,303,9,14,9,14,94,9,1
3,8.8,74.6,3.2,9,1,373,5,5,5,5,39,9,1
80,5.1818181818,63.0909090909,1.9090909091,6,3,694,16,11,16,11,70,18,1
381,1.0454545455,18.6818181818,1.5909090909,3,11,411,9,22,9,22,78,33,1
19,1.0454545455,35.8636363636,1.5454545455,17,6,789,4,22,4,22,193,102,0
35,2.1025641026,20.5128205128,1.7179487179,15,1,800,37,39,37,39,245,15,0
1,4.0454545455,29.2272727273,2.4545454545,4,1,643,22,22,22,22,191,4,1
10,1.75,15.75,3,3,2,63,9,4,9,4,24,6,1
11,3.8888888889,38.6507936508,2.6031746032,26,7,2435,57,63,57,63,338,182,0
26,5.0416666667,35.6666666667,2.0416666667,9,8,856,27,24,27,24,116,72,1
6,1.4285714286,20.4285714286,1.4285714286,6,1,143,8,7,8,7,44,6,1
57,3.5,30.6071428571,1.25,23,2,857,15,28,15,28,236,46,0
8,16.6666666667,88.5833333333,3,11,3,1063,4,12,4,12,81,33,0
3,4.9090909091,41,1.8181818182,9,2,451,3,11,3,11,68,18,1
0,4.4603174603,44.4761904762,1.3015873016,26,5,2802,57,63,57,63,486,130,0
48,12.6428571429,110.5714285714,1.9285714286,18,2,1548,24,14,24,14,182,36,0
0,7.6666666667,61.1666666667,1.6666666667,14,2,367,5,6,5,6,56,28,0
2,9.2222222222,66.2222222222,3.3333333333,10,1,596,1,9,1,9,57,10,1
79,6.6666666667,54.6666666667,1,4,1,164,7,3,7,3,20,4,1
0,2.5714285714,14.1071428571,1.0357142857,5,11,395,5,28,5,28,85,55,1
0,5.75,60.75,1.25,8,2,243,0,4,0,4,55,16,1
0,7.84,58.24,1.16,15,4,1456,25,25,25,25,200,60,0
3,2.5625,16.5625,2.5,5,1,265,4,16,4,16,57,5,1
5,1.5,13.75,1.25,3,4,55,0,4,0,4,8,12,1
153,6.8636363636,47.4545454545,3.6363636364,11,8,1044,11,22,11,22,117,88,0
0,0,0,0,0,0,0,2,0,2,0,0,0,1
7,0,0,0,0,0,0,2,0,2,0,0,0,1
0,0,0,0,0,0,0,2,0,2,0,0,0,1
8,5.7647058824,40.8235294118,3.0588235294,11,15,694,51,17,51,17,165,165,0
9,4.797979798,41.2626262626,2.1111111111,20,5,4085,125,99,125,99,1124,100,0
3,2.6551724138,20.0689655172,2,7,1,582,19,29,19,29,242,7,1
5,3.2105263158,26.4210526316,2.2631578947,9,5,502,1,19,1,19,158,45,1
0,2.2380952381,18.9047619048,2.1904761905,9,1,397,19,21,19,21,209,9,1
0,1.6666666667,10,2.3333333333,6,1,120,0,12,0,12,64,6,1
1,3.125,31.4375,2.34375,11,2,1006,28,32,28,32,280,22,0
42,8.1428571429,90.7402597403,2.1948051948,24,12,13974,255,154,255,154,2897,288,0
0,6.8095238095,44.2380952381,2.4761904762,8,3,929,5,21,5,21,121,24,1
0,9.3181818182,77.2727272727,1.9545454545,20,3,1700,16,22,16,22,311,60,0
0,28,190,1.5,9,2,380,2,2,2,2,64,18,1
0,8.6,94.9,1.1,14,2,949,6,10,6,10,182,28,0
0,3,26.5,1.75,0,1,106,2,4,2,4,10,0,1
0,0,0,0,0,0,0,0,0,0,0,0,0,1
4,19.65,120.35,2,27,2,2407,0,20,0,20,288,54,0
2,14.3333333333,83.5,1.6666666667,12,3,501,5,6,5,6,67,36,0
4,7.0227272727,78.1590909091,2.3409090909,54,1,3439,59,44,59,44,637,54,0
0,15.25,115,2.625,32,8,920,0,8,0,8,156,256,0
2,6.641025641,101.5641025641,2.3333333333,14,21,3961,0,39,0,39,752,294,0
1,6.25,96.25,1.25,10,4,385,0,4,0,4,25,40,1
3,1.1428571429,38.8571428571,1.5714285714,11,4,272,0,7,0,7,42,44,1
1,2.5,30.625,1.75,8,2,245,0,8,0,8,75,16,1
2,40,388,1,11,1,388,0,1,0,1,42,11,1
2,3.375,38.75,2.5,3,5,310,2,8,2,8,22,15,1
9,9.3055555556,61.3055555556,2.3888888889,9,1,2207,67,36,67,36,401,9,0
6,1,39.9,1.6,16,4,399,0,10,0,10,63,64,1
0,6.4,39.9,1.6,17,10,399,0,10,0,10,63,170,0
2,1,254,1,11,1,254,0,1,0,1,22,11,1
3,1,1,1.7,0,10,10,0,10,0,10,10,0,1
12,0,0,0,0,0,0,33,0,33,0,0,0,1
11,5.7,34.05,1.15,20,1,681,11,20,11,20,171,20,0
6,1.0909090909,14.9090909091,1,10,1,164,4,11,4,11,47,10,1
1,12,85.6666666667,5.6666666667,3,2,257,0,3,0,3,11,6,1
1,1,1,1,0,1,1,0,1,0,1,1,0,1
8,1.2727272727,21.8181818182,2.2727272727,5,2,240,4,11,4,11,57,10,1
0,7.75,57.75,5.25,10,1,231,0,4,0,4,41,10,1
0,2.8,22.6,2.4666666667,8,12,339,1,15,1,15,63,96,1
0,7.1071428571,46.1071428571,1.1428571429,19,14,1291,3,28,3,28,227,266,0
2,2.0740740741,24.8888888889,1.8518518519,7,7,672,23,27,23,27,205,49,1
10,1,42.6666666667,2,3,2,128,0,3,0,3,11,6,1
55,1.25,22.9166666667,2.8333333333,7,10,275,0,12,0,12,52,70,1
19,1,33.1333333333,1.2,13,11,497,3,15,3,15,82,143,0
0,20,125,1.5,11,1,250,0,2,0,2,28,11,1
0,13.5,112.5,1.5,9,1,225,0,2,0,2,37,9,1
0,32,169,1.5,14,1,338,0,2,0,2,33,14,1
0,9.5,73.5,1.5,9,1,147,0,2,0,2,24,9,1
0,13,112,1.5,9,1,224,0,2,0,2,37,9,1
0,9.5,74,1.5,10,1,148,0,2,0,2,25,10,1
0,9.4,61.6,5.4,11,1,308,0,5,0,5,52,11,1
0,12.25,81.25,7.25,10,1,325,0,4,0,4,42,10,1
0,0,0,0,0,0,0,0,0,0,0,0,0,1
7,4,28.7142857143,1.7142857143,7,6,201,7,7,7,7,54,42,1
13,4.2,48.8,2.66,37,24,2440,164,50,164,50,480,888,0
9,4.72,52.66,3.5,39,26,2633,103,50,103,50,495,1014,0
2,4.5454545455,42.3636363636,3.3636363636,8,5,466,43,11,43,11,109,40,1
108,2,16,1.6666666667,3,3,48,4,3,4,3,10,9,1
26,5.1578947368,46.5789473684,2.8421052632,9,13,885,26,19,26,19,101,117,0
27,10,92.25,2.75,6,3,369,3,4,3,4,19,18,1
0,0,0,0,0,0,0,0,0,0,0,0,0,1
21,1.3333333333,18.6666666667,7,2,1,56,7,3,7,3,28,2,1
9,3,27.6111111111,1.1666666667,19,18,497,70,18,70,18,115,342,0
7,5.6842105263,51.1578947368,3.1052631579,16,9,972,123,19,123,19,158,144,0
0,0,0,0,0,0,0,0,0,0,0,0,0,1
0,0,0,0,0,0,0,0,0,0,0,0,0,1
0,0,0,0,0,0,0,0,0,0,0,0,0,1
0,2.6666666667,24.1111111111,1,13,18,434,0,18,0,18,112,234,1
3,5.0909090909,51.2727272727,1.7272727273,15,11,564,30,11,30,11,62,165,0
0,0,0,0,0,0,0,0,0,0,0,0,0,1
205,1,1,4,0,2,2,18,2,18,2,2,0,1
0,0,0,0,0,0,0,0,0,0,0,0,0,1
0,0,0,0,0,0,0,0,0,0,0,0,0,1
4,0,0,0,0,0,0,3,0,3,0,0,0,1
1,1,6.1428571429,1.1428571429,0,7,43,1,7,1,7,7,0,1
0,1,1.0248138958,1.0024813896,0,403,413,1,403,1,403,403,0,1
0,1,1.0239726027,1.0034246575,0,292,299,1,292,1,292,292,0,1
0,1,10,2,0,1,10,1,1,1,1,1,0,1
2,1,125,2,0,1,125,1,1,1,1,1,0,1
0,1,7,2,0,1,7,1,1,1,1,1,0,1
0,1,8.5,1.5,0,2,17,1,2,1,2,2,0,1
0,1,1.0355329949,1.0050761421,0,197,204,1,197,1,197,197,0,1
0,1,15.6666666667,1.3333333333,0,3,47,1,3,1,3,3,0,1
0,2.5,67,3.5,12,2,134,0,2,0,2,24,24,1
5,0,0,0,0,0,0,42,0,42,0,0,0,1
0,3.6666666667,52.6666666667,3.6666666667,15,3,158,0,3,0,3,32,45,1
0,1,6.6666666667,1.3333333333,0,3,20,1,3,1,3,3,0,1
0,1,10,2,0,1,10,1,1,1,1,1,0,1
0,1,10,2,0,1,10,1,1,1,1,1,0,1
0,1,12,2,0,1,12,1,1,1,1,1,0,1
0,1,14,2,0,1,14,1,1,1,1,1,0,1
0,1,12,2,0,1,12,1,1,1,1,1,0,1
0,1,13,2,0,1,13,1,1,1,1,1,0,1
0,1,9,2,0,1,9,1,1,1,1,1,0,1
0,1,29,2,0,1,29,1,1,1,1,1,0,1
0,6.25,67.25,2,10,4,269,0,4,0,4,31,40,1
0,1,3.6,1.2,0,5,18,1,5,1,5,5,0,1
0,1,8,2,0,1,8,1,1,1,1,1,0,1
0,1,1.0892857143,1.0089285714,0,112,122,1,112,1,112,112,0,1
0,1,4,1.5,0,2,8,1,2,1,2,2,0,1
0,1,2.4444444444,1.1111111111,0,9,22,1,9,1,9,9,0,1
0,39.5,340,12.5,32,2,680,0,2,0,2,62,64,1
0,1,14,2,0,1,14,1,1,1,1,1,0,1
0,1,11,2,1,1,11,1,1,1,1,2,1,1
0,1,9,2,0,1,9,1,1,1,1,1,0,1
0,1,10,2,1,1,10,1,1,1,1,2,1,1
0,1,88,2,0,1,88,1,1,1,1,1,0,1
0,1,5.5,1.5,0,2,11,1,2,1,2,2,0,1
0,1,28,2,0,1,28,1,1,1,1,1,0,1
0,1,3,1.3333333333,0,3,9,1,3,1,3,3,0,1
0,1,1.3,1.05,0,20,26,1,20,1,20,20,0,1
0,1,4.3333333333,1.3333333333,0,3,13,1,3,1,3,3,0,1
0,1,4,1.3333333333,0,3,12,1,3,1,3,3,0,1
0,1,2,1.1666666667,0,6,12,1,6,1,6,6,0,1
0,9.5,118.8333333333,10,21,6,713,0,6,0,6,68,126,0
0,1,10,2,0,1,10,1,1,1,1,1,0,1
2,3,36.3333333333,2.3333333333,7,1,109,4,3,4,3,31,7,1
0,7.2911392405,73.3670886076,1.7848101266,80,79,5796,0,79,0,79,1055,6320,0
4,4.1,41.6,2.4,26,4,416,4,10,4,10,104,104,0
3,5.4166666667,69.4166666667,1.5833333333,33,9,833,6,12,6,12,163,297,0
0,4.8260869565,34.3043478261,2.2173913043,23,23,789,0,23,0,23,111,529,0
6,0,0,0,0,0,0,3,0,3,0,0,0,1
0,3.958677686,31.4876033058,1.2975206612,28,121,3810,2,121,2,121,542,3388,0
0,0,0,0,0,0,0,0,0,0,0,0,0,1
11,1,22.6666666667,4.3333333333,3,1,68,13,3,13,3,38,3,1
1,5.9705882353,52.2450980392,2.2549019608,97,100,5329,7,102,7,102,1163,9700,0
3,0,0,0,0,0,0,31,0,31,0,0,0,1
3,0,0,0,0,0,0,17,0,17,0,0,0,1
22,3.4545454545,31,1.5454545455,9,3,682,15,22,15,22,179,27,0
7,3.5,29.5,1,3,2,59,10,2,10,2,6,6,1
9,1,64.25,3.25,5,3,257,8,4,8,4,18,15,1
24,1,146,5,5,1,146,8,1,8,1,11,5,1
0,17,130,3,5,1,130,0,1,0,1,7,5,1
6,7.3333333333,40,1.5,1,6,240,25,6,25,6,9,6,1
0,0,0,0,0,0,0,0,0,0,0,0,0,1
5,4.5555555556,31.7777777778,1.6296296296,16,27,858,11,27,11,27,78,432,0
0,2,14,3.3333333333,1,3,42,0,3,0,3,4,3,1
5,4.2272727273,22.7272727273,2.4393939394,17,47,1500,27,66,27,66,241,799,0
0,3.3023255814,28.7441860465,1.3255813953,46,43,1236,54,43,54,43,208,1978,0
89,0,0,0,0,0,0,548,0,548,0,0,0,1
4,0,0,0,0,0,0,16,0,16,0,0,0,1
136,0,0,0,0,0,0,722,0,722,0,0,0,1
164,2.5416666667,15.0416666667,1.9375,3,35,722,12,48,12,48,132,105,0
68,0,0,0,0,0,0,180,0,180,0,0,0,1
112,0,0,0,0,0,0,282,0,282,0,0,0,1
0,4.6585365854,71.3414634146,4.5365853659,26,41,2925,19,41,19,41,558,1066,0
0,3.6666666667,122.3333333333,3,20,3,367,7,3,7,3,50,60,1
5,0,0,0,0,0,0,5,0,5,0,0,0,1
0,8.4565217391,79.6086956522,3.1739130435,34,46,3662,3,46,3,46,509,1564,0
0,5.0714285714,47.7142857143,1.6428571429,19,14,668,0,14,0,14,113,266,0
0,5,34.375,2.875,8,8,275,1,8,1,8,57,64,1
2,3,28.3333333333,1.6666666667,1,3,85,6,3,6,3,8,3,1
10,7,51,3,2,1,51,5,1,5,1,4,2,1
5,1.3333333333,9.6666666667,1,3,3,29,3,3,3,3,12,9,1
0,7.6,60.6,2.6,12,5,303,0,5,0,5,59,60,1
5,1,1,2.4,0,5,5,15,5,15,5,5,0,1
0,0,0,0,0,0,0,0,0,0,0,0,0,1
0,4,54,4.5,2,2,108,0,2,0,2,4,4,1
20,4.3333333333,31.25,1.9166666667,12,12,375,13,12,13,12,73,144,0
11,3.9701492537,22.7462686567,1.8955223881,22,67,1524,0,67,0,67,137,1474,0
3,0,0,0,0,0,0,11,0,11,0,0,0,1
28,1,27.6666666667,1,1,1,83,7,3,7,3,16,1,1
0,0,0,0,0,0,0,0,0,0,0,0,0,1
0,0,0,0,0,0,0,0,0,0,0,0,0,1
0,0,0,0,0,0,0,0,0,0,0,0,0,1
2,4.75,35.5,1.25,9,3,142,9,4,9,4,30,27,1
0,1.8333333333,17,1,9,6,102,0,6,0,6,19,54,1
0,0,0,0,0,0,0,0,0,0,0,0,0,1
8,4.1666666667,20.6666666667,3.6666666667,4,6,124,11,6,11,6,17,24,1
13,0,0,0,0,0,0,105,0,105,0,0,0,1
2,2.8571428571,20.7142857143,1.4285714286,4,6,145,26,7,26,7,21,24,1
3,8,81,2,1,1,81,2,1,2,1,2,1,1
0,0,0,0,0,0,0,0,0,0,0,0,0,1
4,4.0384615385,13.0769230769,3.5,4,22,340,5,26,5,26,112,88,1
0,0,0,0,0,0,0,1,0,1,0,0,0,1
0,0,0,0,0,0,0,1,0,1,0,0,0,1
0,0,0,0,0,0,0,2,0,2,0,0,0,1
0,0,0,0,0,0,0,0,0,0,0,0,0,1
5,3.6315789474,32.2105263158,1.7368421053,19,15,612,15,19,15,19,134,285,0
2,4.5,45,2.1666666667,3,1,270,2,6,2,6,22,3,1
0,0,0,0,0,0,0,0,0,0,0,0,0,1
1,0,0,0,0,0,0,3,0,3,0,0,0,1
2,5.3,65.7,1.9,18,4,657,5,10,5,10,95,72,1
1,4.1,27.3,1.5,7,4,273,3,10,3,10,39,28,1
0,0,0,0,0,0,0,0,0,0,0,0,0,1
0,2.8333333333,26.1666666667,1.3333333333,4,6,157,0,6,0,6,16,24,1
3,9,89.6666666667,2,4,3,269,7,3,7,3,20,12,1
0,0,0,0,0,0,0,0,0,0,0,0,0,1
3,4,49,1,3,1,49,67,1,67,1,14,3,1
32,4.05,54,1.15,24,7,1080,54,20,54,20,291,168,0
0,8.5652173913,72.8695652174,1.9565217391,60,23,1676,5,23,5,23,252,1380,0
13,4.6666666667,35,2.3333333333,9,2,105,30,3,30,3,23,18,1
19,3.462962963,29.1851851852,1,30,36,1576,23,54,23,54,246,1080,0
6,5.9333333333,61,2.5333333333,23,46,3660,24,60,24,60,413,1058,0
1,2.3780241935,21.7943548387,1.0625,146,991,21620,2,992,2,992,3183,144686,0
0,2.3636363636,24.2272727273,1,9,22,533,1,22,1,22,50,198,1
0,1.5,8.5,1.25,3,4,34,0,4,0,4,7,12,1
1,0,0,0,0,0,0,8,0,8,0,0,0,1
9,1.9285714286,17.3214285714,1.0133928571,11,53,3880,21,224,21,224,928,583,0
2,4.75,29,1.75,4,2,116,80,4,80,4,22,8,1
49,4.0909090909,35.3636363636,2.0909090909,11,19,778,18,22,18,22,135,209,0
0,2.2666666667,24,1.6666666667,5,15,360,10,15,10,15,73,75,1
0,1.6666666667,17.6666666667,1.3333333333,1,3,53,0,3,0,3,4,3,1
158,1.5,15,1.75,2,8,120,1,8,1,8,18,16,1
0,0,0,0,0,0,0,1,0,1,0,0,0,1
0,0,0,0,0,0,0,1,0,1,0,0,0,1
18,3.5,34.4,1.6,14,5,688,26,20,26,20,150,70,0
119,2,7,1,1,1,14,72,2,72,2,9,1,1
0,2.8076923077,17.1153846154,1.6923076923,3,26,445,0,26,0,26,136,78,1
12,0,0,0,0,0,0,13,0,13,0,0,0,1
0,4.125,30.375,3.25,7,8,243,0,8,0,8,68,56,1
147,1.3829787234,18.6595744681,2.2553191489,7,30,877,14,47,14,47,148,210,0
44,3.4444444444,72,2.2222222222,13,3,648,2,9,2,9,94,39,1
0,20.4285714286,106,3.7142857143,12,3,742,0,7,0,7,39,36,1
8,3.5,58.5714285714,3.0714285714,13,7,820,1,14,1,14,128,91,0
0,5.6153846154,22.1538461538,1.5384615385,6,4,288,2,13,2,13,94,24,1
24,11,96.5,3.25,8,4,386,0,4,0,4,29,32,1
45,10.5333333333,125,3.4,21,1,1875,0,15,0,15,238,21,0
13,8.8666666667,83.3,3.1,20,16,2499,59,30,59,30,236,320,0
5,9.6666666667,42.6666666667,2,3,3,128,6,3,6,3,11,9,1
59,2.75,21.0681818182,1.6363636364,11,16,927,33,44,33,44,207,176,0
12,1,12.4285714286,1.7142857143,1,3,87,3,7,3,7,18,3,1
0,0,0,0,0,0,0,0,0,0,0,0,0,1
0,1,3.8208955224,1.4179104478,0,67,256,1,67,1,67,67,0,1
3,3.9,52.7,3.5,11,1,527,2,10,2,10,120,11,1
7,1,40.6666666667,1.3333333333,1,3,122,0,3,0,3,4,3,1
0,0,0,0,0,0,0,0,0,0,0,0,0,1
2,18.6666666667,120.9166666667,3.5,22,21,2902,6,24,6,24,177,462,0
0,0,0,0,0,0,0,0,0,0,0,0,0,1
0,3.2142857143,16.2857142857,2.2619047619,8,42,684,0,42,0,42,117,336,1
0,0,0,0,0,0,0,0,0,0,0,0,0,1
0,9.5517241379,58.1724137931,2.9310344828,18,29,1687,0,29,0,29,258,522,0
0,0,0,0,0,0,0,0,0,0,0,0,0,1
0,7.5454545455,60.0909090909,1.6363636364,13,11,661,0,11,0,11,57,143,0
0,0,0,0,0,0,0,0,0,0,0,0,0,1
3,2.4,19.6,1.4,5,5,98,2,5,2,5,23,25,1
7,6.3,42.8,2,4,10,856,13,20,13,20,99,40,1
0,3.625,28,2.5,9,8,224,0,8,0,8,37,72,1
0,0,0,0,0,0,0,0,0,0,0,0,0,1
3,2,19,1,2,1,19,37,1,37,1,4,2,1
9,0,0,0,0,0,0,13,0,13,0,0,0,1
0,0,0,0,0,0,0,0,0,0,0,0,0,1
4,1,112.875,3.875,10,16,1806,8,16,8,16,81,160,0
0,16.5652173913,104.347826087,4.2173913043,13,13,2400,11,23,11,23,140,169,0
8,8.35,52.7,3.15,10,9,1054,0,20,0,20,105,90,0
0,4,22,1,2,1,22,1,1,1,1,4,2,1
0,14.75,112.25,1.25,13,1,449,14,4,14,4,79,13,1
1,1,16,1,1,1,16,3,1,3,1,5,1,1
0,3.7777777778,21.4444444444,1.4444444444,5,4,193,2,9,2,9,49,20,1
12,8.1875,47.375,3.75,4,4,758,83,16,83,16,112,16,0
0,1,27,1,1,1,27,0,1,0,1,4,1,1
0,15.5,99,1,4,1,198,1,2,1,2,22,4,1
0,43,412,1,8,1,412,3,1,3,1,19,8,1
0,3,30.2,1.4,2,1,151,0,5,0,5,21,2,1
0,2.6666666667,18,1.3333333333,2,1,54,0,3,0,3,7,2,1
0,7,132.5,1.5,6,1,265,0,2,0,2,11,6,1
0,20,204,1,8,1,408,2,2,2,2,26,8,1
0,10.3333333333,75.3333333333,1,5,1,226,0,3,0,3,20,5,1
0,5.6666666667,69.6666666667,1.6666666667,6,2,209,12,3,12,3,12,12,1
0,1,103,1,2,1,103,0,1,0,1,4,2,1
0,1,73,1,2,1,73,0,1,0,1,5,2,1
0,1,76,1,2,1,76,0,1,0,1,4,2,1
0,1,18,1,1,1,18,0,1,0,1,4,1,1
0,1,135,1,2,1,135,0,1,0,1,4,2,1
0,9,419,1,8,1,419,0,1,0,1,24,8,1
0,10,111,1,5,1,111,3,1,3,1,19,5,1
0,32,238,1,8,1,238,0,1,0,1,11,8,1
0,8,127,1,6,1,127,0,1,0,1,20,6,1
0,17.5,104.5,1,3,1,209,1,2,1,2,24,3,1
1,32,236,1,4,1,236,8,1,8,1,10,4,1
0,18.5,115,1,5,1,230,0,2,0,2,10,5,1
549,1,13,1,1,1,13,1,1,1,1,3,1,1
0,61,783,1,4,1,783,4,1,4,1,9,4,1
0,12,126,1,6,1,126,0,1,0,1,8,6,1
0,52,453,1,6,1,453,0,1,0,1,13,6,1
0,1.875,22.125,1.25,2,2,177,13,8,13,8,18,4,1
0,1.76,42.12,1.84,4,21,1053,23,25,23,25,49,84,0
22,1,35,1,2,1,35,6,1,6,1,10,2,1
1,5,97,1,3,1,97,4,1,4,1,8,3,1
0,22,223,1,6,1,223,4,1,4,1,9,6,1
0,8.75,54.25,1,6,2,217,0,4,0,4,14,12,1
0,9,99,1,5,2,198,12,2,12,2,9,10,1
0,10,157,1,5,1,157,4,1,4,1,10,5,1
0,7,44.5,1,3,2,89,12,2,12,2,6,6,1
0,4.5,35.5,1,3,2,71,12,2,12,2,6,6,1
0,5.5,65,1,4,2,130,12,2,12,2,7,8,1
0,37,349,1,5,1,349,0,1,0,1,14,5,1
1,43,412,1,7,1,412,3,1,3,1,20,7,1
0,14,133,1,6,2,266,12,2,12,2,11,12,1
0,11,91,1,7,2,182,12,2,12,2,13,14,1
0,18,119,1,4,2,357,12,3,12,3,12,8,1
0,29,301,1,7,1,301,0,1,0,1,11,7,1
0,33,210,1,4,1,210,0,1,0,1,6,4,1
0,25,146,1,3,1,146,0,1,0,1,6,3,1
0,1,57.5,1,3,2,115,12,2,12,2,7,6,1
0,19,121,1,3,1,121,0,1,0,1,5,3,1
0,23,240,1,7,1,240,0,1,0,1,10,7,1
0,20,119,1,4,1,119,0,1,0,1,7,4,1
0,33,206,1,5,1,206,0,1,0,1,8,5,1
0,23,146,1,3,1,146,0,1,0,1,5,3,1
1,2.6818181818,57.1363636364,1.9090909091,8,21,1257,16,22,16,22,48,168,0
0,1,5,1,0,1,5,0,1,0,1,1,0,1
0,3.3333333333,24.6666666667,1,3,2,74,12,3,12,3,9,6,1
0,1,5,1,0,1,5,0,1,0,1,1,0,1
0,1,5,1,0,1,5,0,1,0,1,1,0,1
0,1,5,1,0,1,5,0,1,0,1,1,0,1
0,2.75,34.5,2.25,3,2,138,0,4,0,4,15,6,1
0,0,0,0,0,0,0,6,0,6,0,0,0,1
1,0,0,0,0,0,0,10,0,10,0,0,0,1
0,0,0,0,0,0,0,4,0,4,0,0,0,1
4,7.8,66.2,1.8,8,3,331,0,5,0,5,29,24,1
5,7.5454545455,47.1704545455,1.7840909091,28,31,4151,13,88,13,88,647,868,0
6,4.84375,28.6458333333,2.4791666667,16,33,2750,5,96,5,96,619,528,0
0,4.8,44.85,2.55,7,3,897,0,20,0,20,214,21,1
6,2.1333333333,28.2666666667,2.2666666667,9,9,848,0,30,0,30,156,81,0
0,17,95.8571428571,6.5714285714,5,3,671,0,7,0,7,54,15,1
3,5.7692307692,110.2307692308,2.3076923077,12,7,1433,0,13,0,13,224,84,0
0,15.5263157895,95.7368421053,2.3157894737,14,5,1819,0,19,0,19,293,70,0
0,5.4444444444,47.3333333333,1.5555555556,4,9,426,0,9,0,9,26,36,1
3,5,23.5,2.6666666667,4,6,141,8,6,8,6,49,24,1
75,1.013986014,30.7412587413,2.1678321678,29,89,4396,35,143,35,143,843,2581,0
11,5.9473684211,59.2105263158,2.2631578947,16,15,3375,144,57,144,57,482,240,0
35,1.0833333333,13.4166666667,1.75,1,1,161,4,12,4,12,52,1,1
0,1.5,42,1.5,1,2,84,3,2,3,2,5,2,1
6,1.5,5.5,1.3333333333,0,6,33,0,6,0,6,6,0,1
0,9,64,2,2,1,64,0,1,0,1,6,2,1
0,3.9705882353,44.7205882353,1.7647058824,45,8,3041,58,68,58,68,650,360,0
0,2.5,25.75,1.25,5,2,103,0,4,0,4,16,10,1
0,1,1,3.3043478261,0,23,23,0,23,0,23,23,0,1
1,5.7222222222,59.6111111111,2.3055555556,40,10,2146,16,36,16,36,432,400,0
1,8.8857142857,79.4285714286,2.5,49,3,5560,11,70,11,70,1271,147,0
4,2.7538461538,19.2,1.1230769231,7,6,1248,2,65,2,65,446,42,1
4,1,36.1428571429,1,19,7,253,4,7,4,7,67,133,1
2,1.4666666667,22.0666666667,1.4,10,1,331,18,15,18,15,93,10,1
6,2.9814814815,48.3518518519,1.8333333333,50,25,2611,345,54,345,54,514,1250,0
1,5.25,50.625,1.5,17,5,405,6,8,6,8,105,85,0
11,5.2857142857,37.1428571429,3.2857142857,9,4,260,3,7,3,7,38,36,1
1,5.5,77.4,2,27,1,774,0,10,0,10,149,27,1
6,1.5,13.35,1,13,10,267,7,20,7,20,78,130,1
3,2.2,11.2,1.2,6,2,56,8,5,8,5,25,12,1
1,1.8571428571,18.1428571429,1.9285714286,17,5,254,7,14,7,14,63,85,1
5,6.4444444444,50.3333333333,1.6666666667,19,1,453,19,9,19,9,113,19,0
3,1.5714285714,10.5,2,5,1,147,9,14,9,14,59,5,1
2,4,54.4444444444,2.2222222222,22,1,490,2,9,2,9,130,22,1
2,2.8,22.6,1.6,8,2,113,8,5,8,5,34,16,1
6,3.78125,28.71875,2.34375,24,1,919,32,32,32,32,214,24,0
8,1.6666666667,14.8333333333,1,3,3,89,0,6,0,6,16,9,1
0,0,0,0,0,0,0,0,0,0,0,0,0,1
0,6.6785714286,71.6785714286,2.6785714286,28,4,2007,33,28,33,28,261,112,0
7,1,4,2,0,1,4,3,1,3,1,1,0,1
7,1,55.6666666667,1.3333333333,5,1,167,0,3,0,3,16,5,1
5,1,10,1,0,1,40,3,4,3,4,12,0,1
29,4.8571428571,67.8571428571,2,5,1,475,0,7,0,7,33,5,1
0,5,38.6666666667,1.8333333333,9,3,232,0,6,0,6,37,27,1
2,1,10,1,1,1,10,0,1,0,1,2,1,1
0,2,14,2,1,1,14,0,1,0,1,2,1,1
14,14,66,3,1,1,66,4,1,4,1,5,1,1
2,1,46,3,0,1,46,0,1,0,1,1,0,1
3,1,81,2,1,1,81,0,1,0,1,2,1,1
15,1,16,2,0,1,16,1,1,1,1,2,0,1
1,1,94,2,1,1,94,0,1,0,1,2,1,1
0,1,1,4,0,2,2,0,2,0,2,2,0,1
59,4,15,3,1,1,15,0,1,0,1,3,1,1
5,1,13.5,1,0,2,27,0,2,0,2,2,0,1
65,1.6071428571,15.8214285714,1.6428571429,8,9,443,0,28,0,28,73,72,1
2,1,45,1,1,1,45,0,1,0,1,5,1,1
2,1,92,2,0,1,92,0,1,0,1,1,0,1
0,2,15,1,1,1,15,0,1,0,1,3,1,1
90,1,13.6666666667,1.5,1,6,82,0,6,0,6,10,6,1
4,1.25,27.5,3.5,0,3,110,0,4,0,4,5,0,1
13,1.3333333333,35.3333333333,4.6666666667,1,2,106,0,3,0,3,7,2,1
2,1,19,1,1,1,19,0,1,0,1,2,1,1
16,1,4,1,1,1,4,0,1,0,1,2,1,1
0,1.5,31,1,3,1,62,0,2,0,2,6,3,1
22,1,4,1,0,1,4,0,1,0,1,1,0,1
0,9.9523809524,39.5238095238,3.619047619,2,1,830,10,21,10,21,88,2,1
14,16,123,3,1,1,123,0,1,0,1,2,1,1
4,1,4,1,1,1,4,0,1,0,1,2,1,1
52,2,12,1,0,1,12,2,1,2,1,3,0,1
4,1,28,3,0,1,28,0,1,0,1,1,0,1
50,1,27,3,0,1,27,0,1,0,1,1,0,1
5,1.3333333333,40,4.3333333333,2,1,120,0,3,0,3,8,2,1
8,1,24.3333333333,4.6666666667,3,3,73,0,3,0,3,6,9,1
0,1,38,1,1,1,38,0,1,0,1,2,1,1
1,1,68.5,1,2,1,137,0,2,0,2,5,2,1
8,1,37,1,2,1,37,5,1,5,1,5,2,1
0,6,50,2,1,1,50,3,1,3,1,5,1,1
0,5,53,1.5,4,2,106,0,2,0,2,18,8,1
0,4.5,48,1.5,4,2,96,0,2,0,2,20,8,1
0,3,55.3333333333,1.3333333333,4,2,166,0,3,0,3,20,8,1
0,4.3333333333,45,2,5,2,135,0,3,0,3,21,10,1
0,4.1666666667,35.5,2.6666666667,5,4,213,0,6,0,6,39,20,1
0,4.5714285714,34.5714285714,2.7142857143,5,4,242,0,7,0,7,49,20,1
0,2.3333333333,22,2.3333333333,2,1,66,0,3,0,3,16,2,1
0,5.5625,42.4375,1.5625,9,3,679,25,16,25,16,143,27,1
17,2.6666666667,14.3333333333,1,0,1,43,0,3,0,3,5,0,1
7,4.3947368421,54.1315789474,1.7894736842,19,3,2057,48,38,48,38,259,57,0
0,2.3333333333,22.6666666667,2.3333333333,2,1,68,0,3,0,3,17,2,1
0,3.25,21.0714285714,1.1071428571,14,22,590,10,28,10,28,128,308,0
0,1,3.5,2,0,2,7,0,2,0,2,2,0,1
3,1,6.8571428571,1.4285714286,0,4,48,0,7,0,7,10,0,1
14,3.84,49.04,2.4,7,4,1226,31,25,31,25,169,28,0
16,7.9090909091,70.5454545455,1.9090909091,16,2,776,42,11,42,11,113,32,0
33,3.2222222222,10.7777777778,1.4444444444,2,9,97,0,9,0,9,15,18,1
1,1,48,2,2,1,48,0,1,0,1,4,2,1
4,14.6,81.4,4.4,3,1,407,11,5,11,5,29,3,1
1,0,0,0,0,0,0,9,0,9,0,0,0,1
3,8.2692307692,45.4615384615,2.0961538462,14,4,2364,96,52,96,52,466,56,0
0,21,93,1,2,1,186,2,2,2,2,6,2,1
0,7,34,2,1,1,34,0,1,0,1,2,1,1
0,14,208,2,3,1,208,0,1,0,1,16,3,1
0,2.6666666667,17.3333333333,2,2,1,52,0,3,0,3,7,2,1
0,1.1304347826,5.3043478261,1.0434782609,3,13,122,3,23,3,23,46,39,1
0,1.1666666667,10.1666666667,1.5,3,6,61,1,6,1,6,11,18,1
0,1.0833333333,6.6666666667,1,3,12,80,1,12,1,12,17,36,1
