0,6,33.5,2,4,2,67,0,2,0,2,8,8,1
0,3,16,1,4,1,16,2,1,2,1,8,4,1
0,0,0,0,0,0,0,0,0,0,0,0,0,1
0,3,17,1.8,8,5,85,4,5,4,5,17,40,1
0,0,0,0,0,0,0,3,0,3,0,0,0,1
0,2.3333333333,13.6666666667,2.1111111111,8,9,123,5,9,5,9,22,72,1
0,3,16.4285714286,1.8571428571,8,6,115,4,7,4,7,20,48,1
0,8,65,2,10,1,65,0,1,0,1,17,10,1
0,2,9.3333333333,2,8,3,28,3,3,3,3,15,24,1
0,0,0,0,0,0,0,2,0,2,0,0,0,1
0,0,0,0,0,0,0,0,0,0,0,0,0,1
55,0,0,0,0,0,0,46,0,46,0,0,0,1
277,4.1300813008,19.3739837398,2.1138211382,32,7,2383,40,123,40,123,819,224,0
12,2.1,11.4,1.1,3,6,114,1,10,1,10,37,18,1
1,0,0,0,0,0,0,2,0,2,0,0,0,1
2,4,29,2,5,2,58,0,2,0,2,14,10,1
0,0,0,0,0,0,0,2,0,2,0,0,0,1
0,0,0,0,0,0,0,2,0,2,0,0,0,1
7,10.8101265823,45.7341772152,2.1518987342,34,4,3613,4,79,4,79,623,136,0
0,2.2,8.6,2,2,5,43,0,5,0,5,8,10,1
3,3.6296296296,16.6574074074,2.5277777778,56,100,1799,10,108,10,108,531,5600,0
3,1.7,6.3,1.8,8,10,63,6,10,6,10,27,80,1
9,3.8275862069,17.7155172414,2.1896551724,27,72,2055,9,116,9,116,493,1944,0
0,0,0,0,0,0,0,3,0,3,0,0,0,1
4,3.2592592593,11.6296296296,2.4814814815,7,26,314,13,27,13,27,57,182,1
117,4.6224489796,19.806122449,2.1734693878,31,68,1941,21,98,21,98,441,2108,0
1,0,0,0,0,0,0,2,0,2,0,0,0,1
4,2.0833333333,10.75,1.5,7,12,129,2,12,2,12,32,84,1
0,0,0,0,0,0,0,1,0,1,0,0,0,1
28,10.55,65.25,2.4,46,19,3915,14,60,14,60,534,874,0
5,2.7575757576,13.3636363636,1.8181818182,20,24,441,8,33,8,33,137,480,0
1,0,0,0,0,0,0,3,0,3,0,0,0,1
1,0,0,0,0,0,0,1,0,1,0,0,0,1
113,1,3,1,0,4,12,11,4,11,4,4,0,1
5,0,0,0,0,0,0,18,0,18,0,0,0,1
2,0,0,0,0,0,0,2,0,2,0,0,0,1
88,1,2.3333333333,1,0,3,7,4,3,4,3,3,0,1
11,8.2424242424,35.8080808081,2.2626262626,47,6,3545,7,99,7,99,774,282,0
1,0,0,0,0,0,0,2,0,2,0,0,0,1
11,3.1020408163,18.2653061224,1.5918367347,20,32,895,11,49,11,49,204,640,0
4,0,0,0,0,0,0,2,0,2,0,0,0,1
0,0,0,0,0,0,0,1,0,1,0,0,0,1
0,0,0,0,0,0,0,1,0,1,0,0,0,1
0,0,0,0,0,0,0,4,0,4,0,0,0,1
0,0,0,0,0,0,0,0,0,0,0,0,0,1
0,0,0,0,0,0,0,0,0,0,0,0,0,1
0,0,0,0,0,0,0,0,0,0,0,0,0,1
1,0,0,0,0,0,0,1,0,1,0,0,0,1
1,0,0,0,0,0,0,1,0,1,0,0,0,1
0,0,0,0,0,0,0,0,0,0,0,0,0,1
1,0,0,0,0,0,0,1,0,1,0,0,0,1
0,0,0,0,0,0,0,11,0,11,0,0,0,1
4,2.2236842105,12.2368421053,2.0131578947,31,46,930,21,76,21,76,362,1426,0
3,0,0,0,0,0,0,5,0,5,0,0,0,1
2,0,0,0,0,0,0,7,0,7,0,0,0,1
1,0,0,0,0,0,0,3,0,3,0,0,0,1
1,0,0,0,0,0,0,2,0,2,0,0,0,1
1,0,0,0,0,0,0,2,0,2,0,0,0,1
1,0,0,0,0,0,0,2,0,2,0,0,0,1
2,0,0,0,0,0,0,3,0,3,0,0,0,1
127,4.213740458,20.2900763359,1.9312977099,32,45,2658,32,131,32,131,760,1440,0
1,0,0,0,0,0,0,3,0,3,0,0,0,1
85,15.9032258065,72.6129032258,1.935483871,9,4,2251,13,31,13,31,204,36,0
0,1,1,3.15625,0,32,32,0,32,0,32,32,0,1
2,3,13.5789473684,2,13,14,258,8,19,8,19,96,182,1
0,0,0,0,0,0,0,0,0,0,0,0,0,1
94,1,5,1,0,1,5,10,1,10,1,1,0,1
16,3.1739130435,16.6956521739,1.9565217391,17,22,384,4,23,4,23,78,374,0
9,7.1428571429,36.8571428571,1.6428571429,13,8,516,4,14,4,14,68,104,0
45,5.3833333333,31.2166666667,1.9,28,27,1873,22,60,22,60,328,756,0
1,0,0,0,0,0,0,1,0,1,0,0,0,1
10,4.5357142857,26.8928571429,1.8928571429,23,18,753,8,28,8,28,191,414,0
2,0,0,0,0,0,0,3,0,3,0,0,0,1
11,0,0,0,0,0,0,17,0,17,0,0,0,1
5,2.431372549,13.431372549,1.862745098,25,49,685,9,51,9,51,179,1225,0
1,0,0,0,0,0,0,12,0,12,0,0,0,1
3,3.4090909091,20.6818181818,1.5909090909,21,14,455,4,22,4,22,123,294,0
1,0,0,0,0,0,0,4,0,4,0,0,0,1
0,1,6,1,0,1,6,439,1,439,1,1,0,1
8,3,20.4666666667,1.8666666667,14,6,307,6,15,6,15,115,84,1
6,0,0,0,0,0,0,2,0,2,0,0,0,1
6,0,0,0,0,0,0,2,0,2,0,0,0,1
4,0,0,0,0,0,0,2,0,2,0,0,0,1
0,0,0,0,0,0,0,6,0,6,0,0,0,1
7,0,0,0,0,0,0,6,0,6,0,0,0,1
62,5.453125,24.359375,1.75,37,25,1559,18,64,18,64,376,925,0
2,0,0,0,0,0,0,2,0,2,0,0,0,1
0,0,0,0,0,0,0,3,0,3,0,0,0,1
0,1,6,1,0,2,12,0,2,0,2,2,0,1
4,2.2352941176,9.6470588235,1.5294117647,10,17,164,4,17,4,17,65,170,1
67,4.7352941176,22.5882352941,1.9705882353,28,49,2304,12,102,12,102,461,1372,0
1,0,0,0,0,0,0,2,0,2,0,0,0,1
0,1,3,1,0,2,6,0,2,0,2,2,0,1
2,0,0,0,0,0,0,1,0,1,0,0,0,1
133,6.0961538462,37.6923076923,2.0865384615,29,25,3920,23,104,23,104,577,725,0
4,6.3055555556,33.6388888889,2.25,25,13,1211,4,36,4,36,241,325,0
132,4.2380952381,19.7142857143,2.1428571429,27,45,2070,11,105,11,105,544,1215,0
1,0,0,0,0,0,0,3,0,3,0,0,0,1
1,0,0,0,0,0,0,8,0,8,0,0,0,1
0,1,4,1,1,2,8,29,2,29,2,3,2,1
11,2.2608695652,11.6086956522,1.5652173913,17,18,267,5,23,5,23,81,306,0
6,0,0,0,0,0,0,4,0,4,0,0,0,1
2,0,0,0,0,0,0,3,0,3,0,0,0,1
140,6.4210526316,26.9473684211,2.7894736842,18,6,512,6,19,6,19,118,108,0
36,3.9583333333,17.625,1.2916666667,23,15,423,5,24,5,24,110,345,0
2,0,0,0,0,0,0,3,0,3,0,0,0,1
3,0,0,0,0,0,0,9,0,9,0,0,0,1
3,3.7,14.4,1.7,10,9,144,2,10,2,10,37,90,1
107,2.6,11.4,1.4,6,7,114,4,10,4,10,35,42,1
3,0,0,0,0,0,0,6,0,6,0,0,0,1
127,3.8289473684,17.3026315789,1.5263157895,52,50,1315,17,76,17,76,400,2600,0
28,0,0,0,0,0,0,2,0,2,0,0,0,1
0,0,0,0,0,0,0,2,0,2,0,0,0,1
3,0,0,0,0,0,0,3,0,3,0,0,0,1
27,0,0,0,0,0,0,11,0,11,0,0,0,1
6,0,0,0,0,0,0,34,0,34,0,0,0,1
3,0,0,0,0,0,0,10,0,10,0,0,0,1
2,0,0,0,0,0,0,3,0,3,0,0,0,1
3,0,0,0,0,0,0,2,0,2,0,0,0,1
3,0,0,0,0,0,0,2,0,2,0,0,0,1
1,0,0,0,0,0,0,5,0,5,0,0,0,1
0,0,0,0,0,0,0,9,0,9,0,0,0,1
3,0,0,0,0,0,0,2,0,2,0,0,0,1
23,1,3,1,0,5,15,3,5,3,5,5,0,1
1,0,0,0,0,0,0,5,0,5,0,0,0,1
0,0,0,0,0,0,0,3,0,3,0,0,0,1
0,0,0,0,0,0,0,0,0,0,0,0,0,1
0,0,0,0,0,0,0,0,0,0,0,0,0,1
22,4.4545454545,25.4545454545,5,12,3,280,9,11,9,11,102,36,1
2,0,0,0,0,0,0,7,0,7,0,0,0,1
0,0,0,0,0,0,0,0,0,0,0,0,0,1
0,3.76,21.32,2.56,17,4,533,2,25,2,25,190,68,1
0,1,1,1,0,2,2,0,2,0,2,2,0,1
0,0,0,0,0,0,0,3,0,3,0,0,0,1
2,0,0,0,0,0,0,2,0,2,0,0,0,1
7,2,13.0909090909,1.1818181818,6,6,144,1,11,1,11,32,36,1
0,0,0,0,0,0,0,0,0,0,0,0,0,1
0,0,0,0,0,0,0,1,0,1,0,0,0,1
0,0,0,0,0,0,0,1,0,1,0,0,0,1
4,1,2.3333333333,1,0,6,14,5,6,5,6,6,0,1
0,1,1,1,0,1,1,3,1,3,1,1,0,1
0,1,1,1,0,1,1,0,1,0,1,1,0,1
59,1,4,1,1,7,28,15,7,15,7,8,7,1
0,0,0,0,0,0,0,0,0,0,0,0,0,1
0,0,0,0,0,0,0,6,0,6,0,0,0,1
0,0,0,0,0,0,0,3,0,3,0,0,0,1
1,0,0,0,0,0,0,5,0,5,0,0,0,1
0,0,0,0,0,0,0,1,0,1,0,0,0,1
2,0,0,0,0,0,0,4,0,4,0,0,0,1
0,0,0,0,0,0,0,1,0,1,0,0,0,1
0,4.5357142857,27.0714285714,2.2678571429,35,20,1516,7,56,7,56,324,700,0
2,0,0,0,0,0,0,21,0,21,0,0,0,1
0,1,4,1,0,1,4,0,1,0,1,1,0,1
23,1,3.5,1,0,4,14,2,4,2,4,4,0,1
0,0,0,0,0,0,0,0,0,0,0,0,0,1
16,1.5,5.125,1.875,1,7,41,0,8,0,8,12,7,1
0,1,4,1,0,2,8,1,2,1,2,2,0,1
0,0,0,0,0,0,0,0,0,0,0,0,0,1
21,2.65625,14.21875,1.125,18,17,455,3,32,3,32,185,306,0
8,0,0,0,0,0,0,12,0,12,0,0,0,1
21,0,0,0,0,0,0,25,0,25,0,0,0,1
0,2.3333333333,6.3333333333,2,2,3,19,1,3,1,3,6,6,1
9,9,58,2.8571428571,8,3,406,8,7,8,7,40,24,0
2,11.0717299578,27.8270042194,3.1392405063,25,189,6595,203,237,203,237,1362,4725,0
3,0,0,0,0,0,0,7,0,7,0,0,0,1
0,0,0,0,0,0,0,4,0,4,0,0,0,1
0,0,0,0,0,0,0,1,0,1,0,0,0,1
0,0,0,0,0,0,0,1,0,1,0,0,0,1
0,0,0,0,0,0,0,1,0,1,0,0,0,1
0,0,0,0,0,0,0,1,0,1,0,0,0,1
2,0,0,0,0,0,0,47,0,47,0,0,0,1
0,0,0,0,0,0,0,18,0,18,0,0,0,1
0,0,0,0,0,0,0,5,0,5,0,0,0,1
0,0,0,0,0,0,0,7,0,7,0,0,0,1
0,0,0,0,0,0,0,1,0,1,0,0,0,1
0,0,0,0,0,0,0,1,0,1,0,0,0,1
0,0,0,0,0,0,0,2,0,2,0,0,0,1
0,0,0,0,0,0,0,3,0,3,0,0,0,1
0,0,0,0,0,0,0,4,0,4,0,0,0,1
0,0,0,0,0,0,0,3,0,3,0,0,0,1
0,0,0,0,0,0,0,3,0,3,0,0,0,1
0,0,0,0,0,0,0,2,0,2,0,0,0,1
0,0,0,0,0,0,0,2,0,2,0,0,0,1
0,0,0,0,0,0,0,4,0,4,0,0,0,1
0,0,0,0,0,0,0,2,0,2,0,0,0,1
0,0,0,0,0,0,0,1,0,1,0,0,0,1
0,0,0,0,0,0,0,3,0,3,0,0,0,1
0,0,0,0,0,0,0,1,0,1,0,0,0,1
0,0,0,0,0,0,0,1,0,1,0,0,0,1
0,0,0,0,0,0,0,1,0,1,0,0,0,1
2,0,0,0,0,0,0,56,0,56,0,0,0,1
0,0,0,0,0,0,0,25,0,25,0,0,0,1
0,0,0,0,0,0,0,2,0,2,0,0,0,1
0,0,0,0,0,0,0,3,0,3,0,0,0,1
0,0,0,0,0,0,0,2,0,2,0,0,0,1
0,0,0,0,0,0,0,2,0,2,0,0,0,1
0,0,0,0,0,0,0,3,0,3,0,0,0,1
0,0,0,0,0,0,0,2,0,2,0,0,0,1
0,0,0,0,0,0,0,1,0,1,0,0,0,1
0,0,0,0,0,0,0,2,0,2,0,0,0,1
0,0,0,0,0,0,0,2,0,2,0,0,0,1
0,0,0,0,0,0,0,3,0,3,0,0,0,1
0,0,0,0,0,0,0,2,0,2,0,0,0,1
0,0,0,0,0,0,0,1,0,1,0,0,0,1
0,0,0,0,0,0,0,1,0,1,0,0,0,1
0,0,0,0,0,0,0,3,0,3,0,0,0,1
0,0,0,0,0,0,0,5,0,5,0,0,0,1
0,0,0,0,0,0,0,1,0,1,0,0,0,1
0,0,0,0,0,0,0,1,0,1,0,0,0,1
0,0,0,0,0,0,0,1,0,1,0,0,0,1
0,0,0,0,0,0,0,1,0,1,0,0,0,1
0,0,0,0,0,0,0,3,0,3,0,0,0,1
0,0,0,0,0,0,0,3,0,3,0,0,0,1
0,0,0,0,0,0,0,2,0,2,0,0,0,1
0,0,0,0,0,0,0,2,0,2,0,0,0,1
0,0,0,0,0,0,0,2,0,2,0,0,0,1
0,0,0,0,0,0,0,2,0,2,0,0,0,1
1,0,0,0,0,0,0,10,0,10,0,0,0,1
0,0,0,0,0,0,0,3,0,3,0,0,0,1
0,0,0,0,0,0,0,3,0,3,0,0,0,1
0,0,0,0,0,0,0,1,0,1,0,0,0,1
0,0,0,0,0,0,0,1,0,1,0,0,0,1
3,0,0,0,0,0,0,3,0,3,0,0,0,1
3,0,0,0,0,0,0,8,0,8,0,0,0,1
0,0,0,0,0,0,0,1,0,1,0,0,0,1
0,0,0,0,0,0,0,3,0,3,0,0,0,1
1,0,0,0,0,0,0,8,0,8,0,0,0,1
0,0,0,0,0,0,0,2,0,2,0,0,0,1
2,0,0,0,0,0,0,2,0,2,0,0,0,1
2,0,0,0,0,0,0,2,0,2,0,0,0,1
0,0,0,0,0,0,0,2,0,2,0,0,0,1
53,5.0659340659,26.4615384615,1.956043956,62,25,2408,41,91,41,91,667,1550,0
5,0,0,0,0,0,0,1,0,1,0,0,0,1
6,1,3,1,0,7,21,3,7,3,7,7,0,1
8,1.9333333333,13.8666666667,1.6,9,8,208,4,15,4,15,53,72,1
4,0,0,0,0,0,0,2,0,2,0,0,0,1
0,0,0,0,0,0,0,4,0,4,0,0,0,1
2,4.9523809524,21.619047619,1.8571428571,16,16,908,13,42,13,42,273,256,0
15,3.5909090909,16.2272727273,1.8818181818,20,39,1785,17,110,17,110,520,780,0
1,0,0,0,0,0,0,2,0,2,0,0,0,1
1,0,0,0,0,0,0,8,0,8,0,0,0,1
23,5.0454545455,20.3636363636,2.2727272727,12,12,448,14,22,14,22,106,144,0
2,0,0,0,0,0,0,3,0,3,0,0,0,1
1,19,71.5,1.75,7,4,286,0,4,0,4,29,28,1
5,0,0,0,0,0,0,5,0,5,0,0,0,1
18,3.6666666667,25.5,1.5,18,10,306,8,12,8,12,80,180,1
2,0,0,0,0,0,0,2,0,2,0,0,0,1
2,0,0,0,0,0,0,4,0,4,0,0,0,1
35,7.9782608696,30.0434782609,2.4130434783,26,13,1382,23,46,23,46,373,338,0
2,0,0,0,0,0,0,21,0,21,0,0,0,1
24,2.8222222222,13.5888888889,2.0444444444,49,54,1223,19,90,19,90,390,2646,0
0,1,3,1,0,2,6,1,2,1,2,2,0,1
28,4.16,23.16,2.16,25,10,579,7,25,7,25,140,250,0
2,0,0,0,0,0,0,4,0,4,0,0,0,1
86,3.6041666667,17.0416666667,1.75,25,32,818,9,48,9,48,219,800,0
1,0,0,0,0,0,0,1,0,1,0,0,0,1
0,0,0,0,0,0,0,0,0,0,0,0,0,1
0,0,0,0,0,0,0,0,0,0,0,0,0,1
1,0,0,0,0,0,0,3,0,3,0,0,0,1
386,6.7492957746,32.6591549296,2.5521126761,50,78,11594,76,355,76,355,2010,3900,0
1,0,0,0,0,0,0,9,0,9,0,0,0,1
0,0,0,0,0,0,0,5,0,5,0,0,0,1
0,0,0,0,0,0,0,4,0,4,0,0,0,1
0,0,0,0,0,0,0,6,0,6,0,0,0,1
0,0,0,0,0,0,0,4,0,4,0,0,0,1
4,0,0,0,0,0,0,9,0,9,0,0,0,1
45,1,5,1,0,2,10,7,2,7,2,2,0,1
31,3,14.7894736842,1.8157894737,11,14,562,8,38,8,38,145,154,0
2,0,0,0,0,0,0,5,0,5,0,0,0,1
0,1,1,1,0,1,1,0,1,0,1,1,0,1
3,1,1,0,0,11,11,0,11,0,11,11,0,1
0,1,1,0.8181818182,0,11,11,14,11,0,11,11,0,1
0,1,1,0.2,0,5,5,2,5,0,5,5,0,1
0,1,1,1,0,5,5,15,5,0,5,5,0,1
0,1,1,1.125,0,8,8,13,8,0,8,8,0,1
1,7,53,1.5,4,1,106,1,2,1,2,8,4,1
0,3,11.7142857143,3.2857142857,8,10,164,2,14,2,14,57,80,1
0,4.4736842105,18.3157894737,2.3684210526,12,11,348,6,19,6,19,78,132,1
0,0,0,0,0,0,0,2,0,2,0,0,0,1
1,0,0,0,0,0,0,3,0,3,0,0,0,1
0,2.8125,16.8333333333,2.0833333333,11,17,808,2,48,2,48,378,187,0
0,3.5479452055,17.1643835616,1.8767123288,22,47,1253,14,73,14,73,412,1034,0
1,0,0,0,0,0,0,3,0,3,0,0,0,1
1,0,0,0,0,0,0,8,0,8,0,0,0,1
1,0,0,0,0,0,0,5,0,5,0,0,0,1
1,0,0,0,0,0,0,2,0,2,0,0,0,1
0,1.3333333333,6.6666666667,2.6666666667,3,3,20,2,3,2,3,7,9,1
0,4.0508474576,19,2.1694915254,18,30,1121,13,59,13,59,224,540,0
0,0,0,0,0,0,0,3,0,3,0,0,0,1
2,0,0,0,0,0,0,2,0,2,0,0,0,1
1,0,0,0,0,0,0,8,0,8,0,0,0,1
0,0,0,0,0,0,0,9,0,9,0,0,0,1
0,0,0,0,0,0,0,6,0,6,0,0,0,1
1,5.6,34.3818181818,2.2818181818,44,50,3782,47,110,47,110,979,2200,0
1,0,0,0,0,0,0,2,0,2,0,0,0,1
1,1.1,4.75,2.05,7,20,95,5,20,5,20,39,140,1
0,0,0,0,0,0,0,2,0,2,0,0,0,1
0,0,0,0,0,0,0,3,0,3,0,0,0,1
0,0,0,0,0,0,0,2,0,2,0,0,0,1
0,0,0,0,0,0,0,1,0,1,0,0,0,1
1,0,0,0,0,0,0,4,0,4,0,0,0,1
0,0,0,0,0,0,0,2,0,2,0,0,0,1
0,0,0,0,0,0,0,8,0,8,0,0,0,1
2,4.6666666667,39.1111111111,2.8888888889,29,5,352,1,9,1,9,72,145,1
0,5.3235294118,30,2.2352941176,29,21,1020,7,34,7,34,238,609,0
1,0,0,0,0,0,0,9,0,9,0,0,0,1
2,0,0,0,0,0,0,3,0,3,0,0,0,1
94,2.265625,13.171875,2.5,19,49,843,16,64,16,64,265,931,0
0,0,0,0,0,0,0,2,0,2,0,0,0,1
0,0,0,0,0,0,0,2,0,2,0,0,0,1
0,0,0,0,0,0,0,2,0,2,0,0,0,1
0,0,0,0,0,0,0,2,0,2,0,0,0,1
0,0,0,0,0,0,0,2,0,2,0,0,0,1
0,0,0,0,0,0,0,2,0,2,0,0,0,1
0,0,0,0,0,0,0,2,0,2,0,0,0,1
0,0,0,0,0,0,0,2,0,2,0,0,0,1
0,0,0,0,0,0,0,2,0,2,0,0,0,1
5,3.68,43.36,2.96,35,17,1084,19,25,19,25,209,595,0
0,0,0,0,0,0,0,7,0,7,0,0,0,1
3,0,0,0,0,0,0,8,0,8,0,0,0,1
1,0,0,0,0,0,0,10,0,10,0,0,0,1
0,0,0,0,0,0,0,16,0,16,0,0,0,1
3,0,0,0,0,0,0,6,0,6,0,0,0,1
1,0,0,0,0,0,0,7,0,7,0,0,0,1
4,0,0,0,0,0,0,17,0,17,0,0,0,1
2,0,0,0,0,0,0,14,0,14,0,0,0,1
0,0,0,0,0,0,0,9,0,9,0,0,0,1
0,0,0,0,0,0,0,3,0,3,0,0,0,1
0,0,0,0,0,0,0,0,0,0,0,0,0,1
0,0,0,0,0,0,0,5,0,5,0,0,0,1
0,0,0,0,0,0,0,4,0,4,0,0,0,1
0,2.75,18.375,1.75,4,2,147,5,8,5,8,24,8,1
0,6.2368421053,35.6052631579,2,12,12,1353,3,38,3,38,165,144,0
1,0,0,0,0,0,0,10,0,10,0,0,0,1
1,0,0,0,0,0,0,4,0,4,0,0,0,1
1,0,0,0,0,0,0,7,0,7,0,0,0,1
1,0,0,0,0,0,0,4,0,4,0,0,0,1
0,0,0,0,0,0,0,15,0,15,0,0,0,1
1,0,0,0,0,0,0,6,0,6,0,0,0,1
0,0,0,0,0,0,0,0,0,0,0,0,0,1
0,8.5,39.8333333333,2.5,7,5,239,0,6,0,6,27,35,1
0,0,0,0,0,0,0,0,0,0,0,0,0,1
1,10.1666666667,74.6666666667,2.9166666667,12,5,896,0,12,0,12,74,60,1
0,0,0,0,0,0,0,2,0,2,0,0,0,1
2,0,0,0,0,0,0,2,0,2,0,0,0,1
0,6.5,36.5,2.75,6,4,146,0,4,0,4,21,24,1
0,1,34,2.5,5,1,68,0,2,0,2,12,5,1
0,1,32.5,2.5,5,1,65,0,2,0,2,11,5,1
0,1,32.5,2.5,5,1,65,0,2,0,2,11,5,1
0,1,33,2.5,5,1,66,0,2,0,2,11,5,1
0,1.5,33,2.5,5,1,66,0,2,0,2,10,5,1
0,2,35,2.5,5,1,70,0,2,0,2,10,5,1
0,1,35.5,2.5,5,1,71,0,2,0,2,12,5,1
0,1,37,2.5,5,1,74,0,2,0,2,12,5,1
0,1,29.5,2.5,5,1,59,0,2,0,2,10,5,1
0,1,29.5,2.5,5,1,59,0,2,0,2,10,5,1
0,1,25.6666666667,2.3333333333,5,1,77,0,3,0,3,21,5,1
1,0,0,0,0,0,0,3,0,3,0,0,0,1
0,1,25.6666666667,2.3333333333,6,1,77,0,3,0,3,22,6,1
1,0,0,0,0,0,0,3,0,3,0,0,0,1
0,1,25.3333333333,2.3333333333,6,1,76,0,3,0,3,24,6,1
1,0,0,0,0,0,0,4,0,4,0,0,0,1
0,1,27,2.3333333333,6,1,81,0,3,0,3,26,6,1
1,0,0,0,0,0,0,5,0,5,0,0,0,1
0,1,23,2.3333333333,5,1,69,0,3,0,3,17,5,1
1,0,0,0,0,0,0,1,0,1,0,0,0,1
1,1,24,2.3333333333,6,1,72,0,3,0,3,22,6,1
2,0,0,0,0,0,0,3,0,3,0,0,0,1
0,1,24,2.3333333333,7,2,72,0,3,0,3,22,14,1
0,1,31,3,6,1,93,0,3,0,3,25,6,1
1,0,0,0,0,0,0,4,0,4,0,0,0,1
0,1,23.6666666667,2.3333333333,5,1,71,0,3,0,3,19,5,1
1,0,0,0,0,0,0,2,0,2,0,0,0,1
0,1,25,2.3333333333,5,1,75,0,3,0,3,21,5,1
1,0,0,0,0,0,0,3,0,3,0,0,0,1
0,1,23.6666666667,2.3333333333,5,1,71,0,3,0,3,19,5,1
1,0,0,0,0,0,0,2,0,2,0,0,0,1
0,1,23.6666666667,2.3333333333,5,1,71,0,3,0,3,19,5,1
1,0,0,0,0,0,0,2,0,2,0,0,0,1
0,1,25.6666666667,2.3333333333,5,1,77,0,3,0,3,23,5,1
1,0,0,0,0,0,0,4,0,4,0,0,0,1
0,1,23.6666666667,2.3333333333,5,1,71,0,3,0,3,19,5,1
1,0,0,0,0,0,0,2,0,2,0,0,0,1
1,1,29.3333333333,2.3333333333,5,1,88,0,3,0,3,25,5,1
2,0,0,0,0,0,0,5,0,5,0,0,0,1
0,1,26.3333333333,2.3333333333,6,2,79,0,3,0,3,21,12,1
0,1,33,3,6,1,99,0,3,0,3,32,6,1
1,0,0,0,0,0,0,8,0,8,0,0,0,1
0,1,30.3333333333,2.3333333333,6,2,91,0,3,0,3,27,12,1
2,0,0,0,0,0,0,6,0,6,0,0,0,1
1,1,26,2.3333333333,5,1,78,0,3,0,3,23,5,1
1,1,31.3333333333,2.3333333333,5,1,94,0,3,0,3,29,5,1
2,0,0,0,0,0,0,7,0,7,0,0,0,1
0,1,25.6666666667,2.3333333333,6,2,77,0,3,0,3,23,12,1
0,1,23.3333333333,2.3333333333,6,1,70,0,3,0,3,20,6,1
1,0,0,0,0,0,0,2,0,2,0,0,0,1
1,1,23.6666666667,2.3333333333,6,1,71,0,3,0,3,20,6,1
2,0,0,0,0,0,0,2,0,2,0,0,0,1
0,1,24,2.3333333333,7,2,72,0,3,0,3,20,14,1
0,1,24.3333333333,2.3333333333,7,2,73,0,3,0,3,22,14,1
12,0,0,0,0,0,0,7,0,7,0,0,0,1
0,1,24.3333333333,2.3333333333,7,2,73,0,3,0,3,22,14,1
0,1,24.3333333333,2.3333333333,7,2,73,0,3,0,3,22,14,1
0,1,26.75,2,7,3,107,0,4,0,4,38,21,1
0,1,29,2.3333333333,7,2,87,0,3,0,3,31,14,1
0,1,25.6666666667,2.3333333333,7,2,77,0,3,0,3,22,14,1
0,1,24.3333333333,2.3333333333,6,2,73,0,3,0,3,21,12,1
0,1,24.3333333333,2.3333333333,6,2,73,0,3,0,3,21,12,1
0,1,24.3333333333,2.3333333333,7,2,73,0,3,0,3,22,14,1
0,1,24.3333333333,2.3333333333,6,2,73,0,3,0,3,21,12,1
0,1,24.3333333333,2.3333333333,6,2,73,0,3,0,3,21,12,1
11,1,24.3333333333,2.3333333333,6,1,73,0,3,0,3,22,6,1
1,1,15.6666666667,2.3333333333,5,1,47,0,3,0,3,16,5,1
0,0,0,0,0,0,0,2,0,2,0,0,0,1
0,1,16,2.5,4,1,32,0,2,0,2,9,4,1
0,1,24.5,2.5,7,1,49,0,2,0,2,16,7,1
0,1,15,2.5,4,1,30,0,2,0,2,9,4,1
0,1,29.6666666667,4.3333333333,4,1,89,0,3,0,3,14,4,1
0,1,25,2.5,7,1,50,0,2,0,2,16,7,1
0,1,20.3333333333,2.3333333333,3,2,61,0,3,0,3,10,6,1
0,1,20.3333333333,2.3333333333,3,2,61,0,3,0,3,10,6,1
0,1,24,3,4,2,72,0,3,0,3,11,8,1
0,1,19.25,3.25,4,3,77,0,4,0,4,12,12,1
0,1,20.3333333333,2.3333333333,3,2,61,0,3,0,3,10,6,1
5,1,24,3,3,1,72,0,3,0,3,11,3,1
0,1,20.6666666667,2.3333333333,4,1,62,0,3,0,3,14,4,1
0,1,25.2,3.4,4,1,126,1,5,1,5,23,4,1
0,1,15.5,2.5,3,1,31,0,2,0,2,8,3,1
0,1,15.5,2.5,3,1,31,0,2,0,2,8,3,1
0,1,15.5,2.5,3,1,31,0,2,0,2,8,3,1
0,1,15.5,2.5,3,1,31,0,2,0,2,8,3,1
0,1,16,2.5,3,1,32,0,2,0,2,8,3,1
0,1,17.5,2.5,4,1,35,0,2,0,2,9,4,1
0,1,16,2.5,3,1,32,0,2,0,2,8,3,1
0,1,12,2.5,4,1,24,0,2,0,2,8,4,1
0,1,16,1,3,1,16,0,1,0,1,4,3,1
0,1,19.5,1.5,4,1,39,0,2,0,2,9,4,1
0,1,19.5,1.5,4,1,39,0,2,0,2,9,4,1
0,1,22.5,2,5,1,45,0,2,0,2,10,5,1
0,0,0,0,0,0,0,0,0,0,0,0,0,1
0,1,24,2.5,5,1,48,0,2,0,2,12,5,1
0,1.5,19.5,1,4,1,39,0,2,0,2,10,4,1
0,0,0,0,0,0,0,2,0,2,0,0,0,1
0,1.5,22.5,1,3,1,45,0,2,0,2,8,3,1
0,1,19.6666666667,2.3333333333,3,1,59,0,3,0,3,13,3,1
0,1.5,20.5,1,4,1,41,0,2,0,2,9,4,1
0,1.5,44,2,6,1,88,0,2,0,2,9,6,1
0,1,90,18.6666666667,6,1,270,0,3,0,3,127,6,1
1,0,0,0,0,0,0,50,0,50,0,0,0,1
0,2,28.5,7,4,1,57,0,2,0,2,8,4,1
0,1.6666666667,12,3,6,2,36,0,3,0,3,15,12,1
0,2,25.5,1,3,2,51,0,2,0,2,6,6,1
0,2,25.5,1,3,2,51,0,2,0,2,6,6,1
0,1,20.5,2,2,1,41,0,2,0,2,7,2,1
2,1,40.6666666667,2.6666666667,8,1,122,0,3,0,3,33,8,1
2,0,0,0,0,0,0,3,0,3,0,0,0,1
2,0,0,0,0,0,0,3,0,3,0,0,0,1
4,0,0,0,0,0,0,5,0,5,0,0,0,1
0,1,43.6666666667,3,9,2,131,0,3,0,3,33,18,1
0,1,34.3333333333,2.6666666667,9,2,103,0,3,0,3,30,18,1
9,0,0,0,0,0,0,2,0,2,0,0,0,1
9,0,0,0,0,0,0,3,0,3,0,0,0,1
4,0,0,0,0,0,0,2,0,2,0,0,0,1
8,1,28.6666666667,2.3333333333,6,1,86,0,3,0,3,23,6,1
0,1,29,2.3333333333,8,2,87,0,3,0,3,24,16,1
0,1,29,2.3333333333,8,2,87,0,3,0,3,24,16,1
0,1,29.3333333333,2.3333333333,8,2,88,0,3,0,3,24,16,1
0,1,34,2.6666666667,9,2,102,0,3,0,3,28,18,1
0,1,29,2.3333333333,8,2,87,0,3,0,3,24,16,1
0,1,34,2.6666666667,9,2,102,0,3,0,3,28,18,1
0,1,34,2.6666666667,9,2,102,0,3,0,3,28,18,1
0,1,24,2.3333333333,7,1,72,0,3,0,3,22,7,1
1,0,0,0,0,0,0,3,0,3,0,0,0,1
0,3,25,2.5,3,1,50,0,2,0,2,7,3,1
0,1.5,44,3,7,1,88,0,2,0,2,26,7,1
1,0,0,0,0,0,0,2,0,2,0,0,0,1
1,0,0,0,0,0,0,2,0,2,0,0,0,1
1,0,0,0,0,0,0,2,0,2,0,0,0,1
0,1.5,13,1,3,1,26,0,2,0,2,7,3,1
0,1,17,2.5,3,1,34,0,2,0,2,8,3,1
0,1,16.5,2.5,3,1,33,0,2,0,2,7,3,1
0,1.5,13,1,3,1,26,0,2,0,2,7,3,1
0,1,13.5,1.5,3,1,27,0,2,0,2,7,3,1
0,1,19.5,2.5,3,1,39,0,2,0,2,7,3,1
0,1,16.5,2.5,3,1,33,0,2,0,2,7,3,1
0,1.5,12.5,1,3,1,25,0,2,0,2,7,3,1
0,2,16,1,3,1,32,0,2,0,2,7,3,1
0,1,16.5,2,3,1,33,0,2,0,2,7,3,1
0,1.5,13.5,1,2,1,27,0,2,0,2,6,2,1
0,1,14.5,1.5,2,1,29,0,2,0,2,7,2,1
0,1.5,14,1,2,1,28,0,2,0,2,6,2,1
0,1,14.5,1.5,2,1,29,0,2,0,2,7,2,1
0,1,37,3,6,1,111,0,3,0,3,45,6,1
1,0,0,0,0,0,0,14,0,14,0,0,0,1
0,1,37.6666666667,3,6,1,113,0,3,0,3,47,6,1
1,0,0,0,0,0,0,15,0,15,0,0,0,1
1,1,32.6666666667,3,6,1,98,0,3,0,3,34,6,1
2,0,0,0,0,0,0,9,0,9,0,0,0,1
0,1,32.6666666667,3,7,2,98,0,3,0,3,35,14,1
0,1,16.5,1,3,1,33,0,2,0,2,7,3,1
0,1,16.5,1,3,1,33,0,2,0,2,7,3,1
0,1,16.5,1,3,2,33,0,2,0,2,6,6,1
0,1,25,1,5,1,50,0,2,0,2,17,5,1
2,0,0,0,0,0,0,3,0,3,0,0,0,1
0,1,25,1,5,1,50,0,2,0,2,17,5,1
0,1,25.5,1,5,1,51,0,2,0,2,15,5,1
2,0,0,0,0,0,0,2,0,2,0,0,0,1
0,1,25.5,1,5,1,51,0,2,0,2,15,5,1
0,1,22.5,1,4,1,45,0,2,0,2,12,4,1
1,0,0,0,0,0,0,1,0,1,0,0,0,1
0,1,23.5,1,4,1,47,0,2,0,2,16,4,1
1,0,0,0,0,0,0,3,0,3,0,0,0,1
0,1,25.5,1.5,4,1,51,0,2,0,2,14,4,1
1,0,0,0,0,0,0,2,0,2,0,0,0,1
0,1,24.5,1,5,1,49,0,2,0,2,16,5,1
1,0,0,0,0,0,0,2,0,2,0,0,0,1
0,1,29,1,5,1,58,0,2,0,2,18,5,1
1,0,0,0,0,0,0,3,0,3,0,0,0,1
0,1,32,1,5,1,64,0,2,0,2,19,5,1
1,0,0,0,0,0,0,4,0,4,0,0,0,1
0,1,26,1,5,1,52,0,2,0,2,15,5,1
1,0,0,0,0,0,0,2,0,2,0,0,0,1
0,1,16.6666666667,2,7,2,50,0,3,0,3,16,14,1
0,0,0,0,0,0,0,0,0,0,0,0,0,1
0,1.6666666667,32.6666666667,3,6,2,98,0,3,0,3,13,12,1
0,1.5,21.5,2,2,1,43,0,2,0,2,6,2,1
2,1,7.6666666667,2.3333333333,2,2,23,0,3,0,3,7,4,1
0,1,7.3333333333,2.3333333333,3,3,22,0,3,0,3,7,9,1
193,2.8823529412,39.7647058824,2.7058823529,14,12,676,13,17,13,17,60,168,0
13,2.5294117647,28.9411764706,3.0588235294,7,15,492,13,17,13,17,51,105,0
0,9.5,76.5,3,5,1,153,0,2,0,2,15,5,1
1,9.1666666667,48.8333333333,2.6666666667,7,2,293,0,6,0,6,36,14,1
0,8.75,48,3.25,8,4,192,0,4,0,4,31,32,1
0,9.4,67.7,3.4,8,9,677,0,10,0,10,77,72,1
0,4.5555555556,34.5555555556,3.2222222222,13,7,311,0,9,0,9,48,91,1
2,4.8333333333,38.5,4,10,4,231,0,6,0,6,42,40,1
2,4.8666666667,34.4,2.9333333333,10,6,516,1,15,1,15,74,60,1
0,4.7777777778,41.1111111111,2.7777777778,10,7,370,0,9,0,9,53,70,1
1,7.6666666667,48.5555555556,3.1111111111,11,5,437,0,9,0,9,54,55,1
1,7.6363636364,41.6363636364,2.6363636364,9,2,458,0,11,0,11,54,18,1
0,1,1,1,0,1,1,0,1,0,1,1,0,1
0,0,0,0,0,0,0,3,0,3,0,0,0,1
1,7.3333333333,44.7777777778,3,10,5,403,0,9,0,9,51,50,1
1,15.4,94.4,4.2,8,3,472,0,5,0,5,37,24,1
0,4.8333333333,40.8333333333,4,11,6,245,0,6,0,6,42,66,1
0,12.6666666667,70.7777777778,2.8888888889,13,3,637,0,9,0,9,61,39,1
0,14.375,76.125,3,11,5,609,0,8,0,8,50,55,1
1,19,107.6666666667,3.1666666667,13,9,1292,0,12,0,12,93,117,0
1,8.8,47.2,3.6,6,3,236,0,5,0,5,27,18,1
1,8.4,60.8,3.4,11,4,608,0,10,0,10,74,44,1
99,0,0,0,0,0,0,4,0,4,0,0,0,1
28,0,0,0,0,0,0,6,0,6,0,0,0,1
2,0,0,0,0,0,0,5,0,5,0,0,0,1
0,1.6,30,3.1,24,10,300,13,10,13,10,89,240,1
7,1,28,1,0,1,28,0,1,0,1,1,0,1
19,0,0,0,0,0,0,3,0,3,0,0,0,1
0,1,14.5,0.5,0,2,29,0,2,0,2,2,0,1
0,1,28,1,0,1,28,0,1,0,1,1,0,1
0,4,13,1.3333333333,11,3,39,0,3,0,3,26,33,1
0,0,0,0,0,0,0,0,0,0,0,0,0,1
0,0,0,0,0,0,0,0,0,0,0,0,0,1
0,0,0,0,0,0,0,0,0,0,0,0,0,1
0,0,0,0,0,0,0,0,0,0,0,0,0,1
0,0,0,0,0,0,0,0,0,0,0,0,0,1
0,0,0,0,0,0,0,0,0,0,0,0,0,1
0,0,0,0,0,0,0,0,0,0,0,0,0,1
0,0,0,0,0,0,0,0,0,0,0,0,0,1
0,0,0,0,0,0,0,0,0,0,0,0,0,1
0,0,0,0,0,0,0,0,0,0,0,0,0,1
0,0,0,0,0,0,0,0,0,0,0,0,0,1
0,0,0,0,0,0,0,0,0,0,0,0,0,1
0,0,0,0,0,0,0,0,0,0,0,0,0,1
0,0,0,0,0,0,0,0,0,0,0,0,0,1
0,0,0,0,0,0,0,0,0,0,0,0,0,1
0,0,0,0,0,0,0,0,0,0,0,0,0,1
0,0,0,0,0,0,0,0,0,0,0,0,0,1
0,0,0,0,0,0,0,0,0,0,0,0,0,1
0,0,0,0,0,0,0,0,0,0,0,0,0,1
0,0,0,0,0,0,0,0,0,0,0,0,0,1
0,0,0,0,0,0,0,0,0,0,0,0,0,1
0,2.5,68,3,1,2,136,0,2,0,2,3,2,1
0,5.5,68,3,5,1,136,0,2,0,2,15,5,1
4,4.5,37,4.75,6,1,148,0,4,0,4,31,6,1
0,1,1,4,0,13,13,0,13,0,13,13,0,1
0,1,1,4,0,13,13,0,13,0,13,13,0,1
0,1,1,3,0,11,11,1,11,1,11,11,0,1
0,1,123,1,1,1,123,0,1,0,1,2,1,1
0,0,0,0,0,0,0,0,0,0,0,0,0,1
0,0,0,0,0,0,0,0,0,0,0,0,0,1
0,0,0,0,0,0,0,0,0,0,0,0,0,1
91,3.3333333333,24.3333333333,1.3333333333,2,1,73,2,3,2,3,13,2,1
0,0,0,0,0,0,0,2,0,2,0,0,0,1
5,2.7777777778,54.1111111111,1.8888888889,19,4,487,1,9,1,9,99,76,1
0,2.5,15.2,1.3,12,9,304,7,20,7,20,85,108,1
0,0,0,0,0,0,0,2,0,2,0,0,0,1
1,0,0,0,0,0,0,2,0,2,0,0,0,1
1,0,0,0,0,0,0,2,0,2,0,0,0,1
0,4.8139534884,28.2790697674,1.9186046512,24,27,2432,12,86,12,86,529,648,0
0,3.6944444444,20.8277777778,2.1166666667,31,42,3749,45,180,45,180,745,1302,0
0,0,0,0,0,0,0,2,0,2,0,0,0,1
0,4.75,23.3333333333,1.9166666667,14,5,280,7,12,7,12,81,70,1
2,0,0,0,0,0,0,2,0,2,0,0,0,1
0,4.1205673759,26.2695035461,1.9574468085,39,39,3704,34,141,34,141,892,1521,0
1,0,0,0,0,0,0,3,0,3,0,0,0,1
0,0,0,0,0,0,0,1,0,1,0,0,0,1
1,0,0,0,0,0,0,5,0,5,0,0,0,1
0,0,0,0,0,0,0,2,0,2,0,0,0,1
1,0,0,0,0,0,0,4,0,4,0,0,0,1
1,0,0,0,0,0,0,2,0,2,0,0,0,1
1,0,0,0,0,0,0,2,0,2,0,0,0,1
0,1,1,2.9126984127,0,126,126,0,126,0,126,126,0,1
1,4.0952380952,24.8571428571,3.9047619048,6,11,522,0,21,0,21,91,66,1
0,1,4,1,1,1,4,0,1,0,1,2,1,1
5,0,0,0,0,0,0,12,0,12,0,0,0,1
3,1,8.0833333333,1.4583333333,5,20,194,1,24,1,24,91,100,1
1,7.5,61.5,3.5,6,2,123,0,2,0,2,20,12,1
1,2,23,2.75,2,1,92,0,4,0,4,16,2,1
2,4.5,60,2.5,4,1,120,0,2,0,2,9,4,1
1,1.5,8.5,3,5,4,34,0,4,0,4,14,20,1
1,4.3333333333,53,3.6666666667,6,3,159,0,3,0,3,19,18,1
2,4.696969697,38.7878787879,3.1212121212,15,4,1280,2,33,2,33,218,60,0
1,0,0,0,0,0,0,4,0,4,0,0,0,1
1,2.0909090909,16.5454545455,2.2727272727,5,11,182,5,11,5,11,42,55,1
9,3.5400516796,18.684754522,3.2041343669,23,137,7231,16,387,16,387,2035,3151,0
4,0,0,0,0,0,0,9,0,9,0,0,0,1
3,0,0,0,0,0,0,6,0,6,0,0,0,1
3,0,0,0,0,0,0,9,0,9,0,0,0,1
3,1,19,2.75,6,2,76,0,4,0,4,22,12,1
5,0,0,0,0,0,0,4,0,4,0,0,0,1
2,1,81,3,8,2,162,0,2,0,2,22,16,1
2,3.5714285714,30,2.8571428571,5,4,210,0,7,0,7,23,20,1
0,1.4444444444,7.3333333333,2.7777777778,1,9,66,0,9,0,9,13,9,1
0,1,10,3.2,1,4,50,0,5,0,5,11,4,1
0,0,0,0,0,0,0,0,0,0,0,0,0,1
1,5.1414141414,29.7878787879,2.2323232323,33,25,2949,16,99,16,99,616,825,0
1,0,0,0,0,0,0,5,0,5,0,0,0,1
1,0,0,0,0,0,0,5,0,5,0,0,0,1
1,0,0,0,0,0,0,3,0,3,0,0,0,1
1,0,0,0,0,0,0,5,0,5,0,0,0,1
1,0,0,0,0,0,0,12,0,12,0,0,0,1
1,0,0,0,0,0,0,11,0,11,0,0,0,1
6,18,109,2,8,1,109,3,1,3,1,20,8,1
0,3.8421052632,19.5789473684,2.3157894737,20,17,372,8,19,8,19,114,340,0
1,0,0,0,0,0,0,5,0,5,0,0,0,1
1,0,0,0,0,0,0,2,0,2,0,0,0,1
0,2.7777777778,12.8148148148,2.7407407407,15,18,346,8,27,8,27,116,270,0
0,2,10.3333333333,1.6666666667,5,2,31,2,3,2,3,12,10,1
0,2.3181818182,13.8181818182,2,15,11,304,6,22,6,22,76,165,1
1,0,0,0,0,0,0,2,0,2,0,0,0,1
0,0,0,0,0,0,0,2,0,2,0,0,0,1
0,5.6666666667,22.619047619,4.7619047619,9,12,475,2,21,2,21,91,108,1
6,7.0555555556,50.5,5.2777777778,24,16,909,43,18,43,18,141,384,0
0,0,0,0,0,0,0,3,0,3,0,0,0,1
4,3.9684210526,17.9368421053,1.9473684211,21,47,1704,17,95,17,95,436,987,0
0,0,0,0,0,0,0,18,0,18,0,0,0,1
0,0,0,0,0,0,0,4,0,4,0,0,0,1
2,2.6923076923,13.6538461538,2.0961538462,18,41,710,12,52,12,52,161,738,0
0,0,0,0,0,0,0,1,0,1,0,0,0,1
4,4.3777777778,18.9111111111,2.0666666667,22,23,851,12,45,12,45,180,506,0
5,2.4782608696,12.3695652174,2.2173913043,13,33,569,7,46,7,46,151,429,0
2,3.7692307692,19.9230769231,1.9487179487,19,27,777,18,39,18,39,150,513,0
0,5.4787234043,22.6595744681,2.0744680851,28,66,2130,41,94,41,94,398,1848,0
0,0,0,0,0,0,0,5,0,5,0,0,0,1
1,0,0,0,0,0,0,2,0,2,0,0,0,1
1,0,0,0,0,0,0,5,0,5,0,0,0,1
0,10.2,38.1,2.45,20,16,1524,6,40,6,40,217,320,0
0,0,0,0,0,0,0,7,0,7,0,0,0,1
0,0,0,0,0,0,0,10,0,10,0,0,0,1
0,3.8571428571,28.5714285714,1.5714285714,10,5,200,3,7,3,7,31,50,1
0,3.0588235294,16.8823529412,2.1176470588,28,7,574,12,34,12,34,195,196,0
1,0,0,0,0,0,0,6,0,6,0,0,0,1
1,0,0,0,0,0,0,8,0,8,0,0,0,1
1,0,0,0,0,0,0,4,0,4,0,0,0,1
1,0,0,0,0,0,0,6,0,6,0,0,0,1
0,0,0,0,0,0,0,3,0,3,0,0,0,1
0,4.8974358974,21.7948717949,2.5641025641,16,19,850,9,39,9,39,184,304,0
0,0,0,0,0,0,0,2,0,2,0,0,0,1
1,0,0,0,0,0,0,4,0,4,0,0,0,1
0,4.6,29.2,1,2,3,146,4,5,4,5,19,6,1
1,8.5,47,1.5,8,2,94,3,2,3,2,14,16,1
1,5.1666666667,25.25,1.9166666667,14,10,303,3,12,3,12,49,140,1
0,0,0,0,0,0,0,5,0,5,0,0,0,1
0,6.1358695652,28.6847826087,1.9456521739,42,34,5278,28,184,28,184,1076,1428,0
0,0,0,0,0,0,0,2,0,2,0,0,0,1
1,0,0,0,0,0,0,2,0,2,0,0,0,1
1,0,0,0,0,0,0,4,0,4,0,0,0,1
1,0,0,0,0,0,0,15,0,15,0,0,0,1
1,0,0,0,0,0,0,21,0,21,0,0,0,1
0,0,0,0,0,0,0,1,0,1,0,0,0,1
0,0,0,0,0,0,0,1,0,1,0,0,0,1
0,9.3846153846,41.9230769231,3.4615384615,17,6,545,3,13,3,13,54,102,0
0,4.9166666667,24.6666666667,1.8333333333,14,6,296,3,12,3,12,67,84,1
0,0,0,0,0,0,0,2,0,2,0,0,0,1
0,7.3333333333,33.3333333333,1.8333333333,7,2,200,2,6,2,6,29,14,1
0,0,0,0,0,0,0,0,0,0,0,0,0,1
0,0,0,0,0,0,0,0,0,0,0,0,0,1
0,1,1,1.9166666667,0,12,12,0,12,0,12,12,0,1
0,1.2727272727,9.2727272727,1.9090909091,2,13,204,0,22,0,22,40,26,1
0,1.8181818182,12.7727272727,1.9545454545,1,5,281,0,22,0,22,58,5,1
0,1,1,2.3333333333,0,3,3,0,3,0,3,3,0,1
0,2.6,15.2,2.2,3,2,76,0,5,0,5,13,6,1
0,0,0,0,0,0,0,8,0,8,0,0,0,1
0,2.2608695652,11.7826086957,2.1304347826,11,15,271,5,23,5,23,72,165,1
1,0,0,0,0,0,0,2,0,2,0,0,0,1
3,1.625,29.125,1.875,10,6,233,3,8,3,8,31,60,1
1,0,0,0,0,0,0,5,0,5,0,0,0,1
0,0,0,0,0,0,0,6,0,6,0,0,0,1
2,4.5909090909,31.6818181818,2.3181818182,36,14,1394,5,44,5,44,323,504,0
2,0,0,0,0,0,0,29,0,29,0,0,0,1
3,9.65,47.65,1.65,25,7,953,5,20,5,20,151,175,0
2,0,0,0,0,0,0,14,0,14,0,0,0,1
2,4.5,23.25,2.25,12,1,93,1,4,1,4,30,12,1
10,4.75,24.0833333333,2,22,8,289,18,12,18,12,83,176,1
1,0,0,0,0,0,0,2,0,2,0,0,0,1
3,1,4.6666666667,1.6666666667,2,3,14,1,3,1,3,8,6,1
0,0,0,0,0,0,0,0,0,0,0,0,0,1
1,2.9,16,2.1,13,9,160,3,10,3,10,40,117,1
0,0,0,0,0,0,0,2,0,2,0,0,0,1
0,0,0,0,0,0,0,0,0,0,0,0,0,1
3,3.1818181818,35.8181818182,1.5454545455,13,8,394,1,11,1,11,44,104,1
1,0,0,0,0,0,0,5,0,5,0,0,0,1
2,13,37,2,3,2,74,0,2,0,2,12,6,1
0,8.025974026,39.4415584416,2.2207792208,24,27,3037,15,77,15,77,392,648,0
0,0,0,0,0,0,0,10,0,10,0,0,0,1
0,0,0,0,0,0,0,2,0,2,0,0,0,1
0,7.3793103448,37.9827586207,2.3620689655,35,28,2203,20,58,20,58,350,980,0
0,0,0,0,0,0,0,3,0,3,0,0,0,1
1,0,0,0,0,0,0,2,0,2,0,0,0,1
1,0,0,0,0,0,0,2,0,2,0,0,0,1
1,0,0,0,0,0,0,6,0,6,0,0,0,1
1,0,0,0,0,0,0,5,0,5,0,0,0,1
0,0,0,0,0,0,0,2,0,2,0,0,0,1
0,2.9405940594,14.4257425743,2.396039604,23,47,1457,10,101,10,101,502,1081,0
2,0,0,0,0,0,0,5,0,5,0,0,0,1
1,0,0,0,0,0,0,3,0,3,0,0,0,1
1,0,0,0,0,0,0,5,0,5,0,0,0,1
0,0,0,0,0,0,0,2,0,2,0,0,0,1
0,0,0,0,0,0,0,2,0,2,0,0,0,1
0,0,0,0,0,0,0,2,0,2,0,0,0,1
0,0,0,0,0,0,0,2,0,2,0,0,0,1
0,0,0,0,0,0,0,2,0,2,0,0,0,1
0,0,0,0,0,0,0,2,0,2,0,0,0,1
0,0,0,0,0,0,0,2,0,2,0,0,0,1
1,5.1866666667,28.8266666667,2.48,24,23,2162,20,75,20,75,556,552,0
1,0,0,0,0,0,0,8,0,8,0,0,0,1
1,0,0,0,0,0,0,3,0,3,0,0,0,1
0,0,0,0,0,0,0,2,0,2,0,0,0,1
1,0,0,0,0,0,0,1,0,1,0,0,0,1
0,3.1923076923,19.5384615385,1.7692307692,36,59,1524,15,78,15,78,441,2124,0
1,0,0,0,0,0,0,3,0,3,0,0,0,1
0,0,0,0,0,0,0,13,0,13,0,0,0,1
0,0,0,0,0,0,0,1,0,1,0,0,0,1
0,2,27,1.5,5,1,54,0,2,0,2,14,5,1
0,1,3.6666666667,1,0,3,11,3,3,3,3,6,0,1
0,3.24,15.54,2.28,33,31,777,11,50,11,50,233,1023,0
0,0,0,0,0,0,0,3,0,3,0,0,0,1
0,0,0,0,0,0,0,4,0,4,0,0,0,1
0,0,0,0,0,0,0,2,0,2,0,0,0,1
0,0,0,0,0,0,0,6,0,6,0,0,0,1
1,0,0,0,0,0,0,5,0,5,0,0,0,1
0,4.3875,25.525,1.95,30,19,2042,26,80,26,80,495,570,0
1,0,0,0,0,0,0,12,0,12,0,0,0,1
0,0,0,0,0,0,0,2,0,2,0,0,0,1
0,0,0,0,0,0,0,2,0,2,0,0,0,1
1,0,0,0,0,0,0,4,0,4,0,0,0,1
0,0,0,0,0,0,0,2,0,2,0,0,0,1
0,0,0,0,0,0,0,3,0,3,0,0,0,1
0,1.8571428571,10.5714285714,2.1428571429,7,7,74,2,7,2,7,23,49,1
1,3.5777777778,21.7111111111,2,21,36,977,7,45,7,45,205,756,0
1,0,0,0,0,0,0,6,0,6,0,0,0,1
3,1,1,1,0,1,1,8,1,8,1,1,0,1
0,0,0,0,0,0,0,4,0,4,0,0,0,1
0,4.2,19.0363636364,2.3272727273,31,65,2094,13,110,13,110,566,2015,0
2,0,0,0,0,0,0,7,0,7,0,0,0,1
1,0,0,0,0,0,0,5,0,5,0,0,0,1
1,0,0,0,0,0,0,3,0,3,0,0,0,1
1,0,0,0,0,0,0,3,0,3,0,0,0,1
0,2.6428571429,13.7857142857,1.9285714286,12,8,193,2,14,2,14,76,96,1
1,0,0,0,0,0,0,3,0,3,0,0,0,1
2,0,0,0,0,0,0,3,0,3,0,0,0,1
0,10.8484848485,39.4242424242,1.9393939394,18,1,1301,9,33,9,33,287,18,0
0,5.0588235294,33.0588235294,2.2058823529,13,22,1124,11,34,11,34,193,286,0
0,4.4166666667,29.9166666667,1,2,12,359,0,12,0,12,25,24,1
0,8,46.3333333333,1,2,3,139,3,3,3,3,9,6,1
0,4.0512820513,19.5897435897,1.5897435897,4,30,764,7,39,7,39,74,120,0
1,0,0,0,0,0,0,6,0,6,0,0,0,1
0,0,0,0,0,0,0,2,0,2,0,0,0,1
0,8.7272727273,59.8181818182,1,2,11,658,0,11,0,11,23,22,1
0,6.3333333333,50.5,1,1,6,303,15,6,15,6,27,6,1
0,3,24.25,1,1,4,97,0,4,0,4,8,4,1
0,0,0,0,0,0,0,0,0,0,0,0,0,1
0,4.6666666667,22,1.3333333333,9,2,66,3,3,3,3,15,18,1
0,0,0,0,0,0,0,3,0,3,0,0,0,1
0,0,0,0,0,0,0,3,0,3,0,0,0,1
0,0,0,0,0,0,0,3,0,3,0,0,0,1
0,0,0,0,0,0,0,3,0,3,0,0,0,1
1,0,0,0,0,0,0,3,0,3,0,0,0,1
0,0,0,0,0,0,0,2,0,2,0,0,0,1
0,0,0,0,0,0,0,0,0,0,0,0,0,1
0,0,0,0,0,0,0,11,0,11,0,0,0,1
1,0,0,0,0,0,0,3,0,3,0,0,0,1
0,0,0,0,0,0,0,9,0,9,0,0,0,1
0,0,0,0,0,0,0,3,0,3,0,0,0,1
0,0,0,0,0,0,0,22,0,22,0,0,0,1
0,0,0,0,0,0,0,6,0,6,0,0,0,1
0,0,0,0,0,0,0,8,0,8,0,0,0,1
0,6.26,28.12,2.4,23,23,1406,19,50,19,50,281,529,0
0,0,0,0,0,0,0,7,0,7,0,0,0,1
0,0,0,0,0,0,0,7,0,7,0,0,0,1
0,0,0,0,0,0,0,5,0,5,0,0,0,1
2,0,0,0,0,0,0,9,0,9,0,0,0,1
0,0,0,0,0,0,0,1,0,1,0,0,0,1
0,0,0,0,0,0,0,0,0,0,0,0,0,1
0,0,0,0,0,0,0,0,0,0,0,0,0,1
0,0,0,0,0,0,0,0,0,0,0,0,0,1
0,0,0,0,0,0,0,0,0,0,0,0,0,1
0,0,0,0,0,0,0,0,0,0,0,0,0,1
0,0,0,0,0,0,0,1,0,1,0,0,0,1
0,0,0,0,0,0,0,1,0,1,0,0,0,1
0,2.431372549,17.2549019608,1.7058823529,10,28,880,13,51,13,51,188,280,0
0,2,286.3333333333,4.6666666667,5,3,859,2,3,2,3,12,15,1
0,0,0,0,0,0,0,0,0,0,0,0,0,1
0,0,0,0,0,0,0,0,0,0,0,0,0,1
0,0,0,0,0,0,0,31,0,31,0,0,0,1
53,1,14.5671641791,1.9104477612,8,67,976,0,67,0,67,101,536,0
2,0,0,0,0,0,0,5,0,5,0,0,0,1
1,0,0,0,0,0,0,3,0,3,0,0,0,1
3,1,1,1,0,2,2,3,2,3,2,2,0,1
0,0,0,0,0,0,0,2,0,2,0,0,0,1
0,0,0,0,0,0,0,3,0,3,0,0,0,1
1,0,0,0,0,0,0,3,0,3,0,0,0,1
0,0,0,0,0,0,0,0,0,0,0,0,0,1
0,0,0,0,0,0,0,0,0,0,0,0,0,1
0,0,0,0,0,0,0,30,0,30,0,0,0,1
1,0,0,0,0,0,0,3,0,3,0,0,0,1
0,0,0,0,0,0,0,0,0,0,0,0,0,1
0,0,0,0,0,0,0,3,0,3,0,0,0,1
0,0,0,0,0,0,0,0,0,0,0,0,0,1
0,0,0,0,0,0,0,6,0,6,0,0,0,1
0,0,0,0,0,0,0,0,0,0,0,0,0,1
0,0,0,0,0,0,0,0,0,0,0,0,0,1
0,7.984962406,38.8270676692,2.5112781955,32,61,5164,12,133,12,133,667,1952,0
0,0,0,0,0,0,0,1,0,1,0,0,0,1
0,0,0,0,0,0,0,5,0,5,0,0,0,1
1,0,0,0,0,0,0,2,0,2,0,0,0,1
1,0,0,0,0,0,0,7,0,7,0,0,0,1
1,0,0,0,0,0,0,2,0,2,0,0,0,1
1,0,0,0,0,0,0,6,0,6,0,0,0,1
2,0,0,0,0,0,0,7,0,7,0,0,0,1
1,0,0,0,0,0,0,11,0,11,0,0,0,1
1,0,0,0,0,0,0,7,0,7,0,0,0,1
0,0,0,0,0,0,0,3,0,3,0,0,0,1
1,0,0,0,0,0,0,6,0,6,0,0,0,1
1,0,0,0,0,0,0,4,0,4,0,0,0,1
1,0,0,0,0,0,0,3,0,3,0,0,0,1
0,0,0,0,0,0,0,3,0,3,0,0,0,1
1,0,0,0,0,0,0,6,0,6,0,0,0,1
1,0,0,0,0,0,0,17,0,17,0,0,0,1
2,0,0,0,0,0,0,6,0,6,0,0,0,1
2,1,1,1,0,1,1,86,1,86,1,1,0,1
0,4.6458333333,20.6666666667,4.8541666667,6,3,992,67,48,67,48,234,18,0
0,1,1,1,0,1,1,6,1,6,1,1,0,1
0,4.5238095238,17.3095238095,3.3095238095,11,32,727,19,42,19,42,136,352,0
1,1,1,1,0,1,1,2,1,2,1,1,0,1
1,0,0,0,0,0,0,5,0,5,0,0,0,1
0,0,0,0,0,0,0,2,0,2,0,0,0,1
1,0,0,0,0,0,0,4,0,4,0,0,0,1
1,1,1,1.25,0,4,4,14,4,14,4,4,0,1
0,0,0,0,0,0,0,2,0,2,0,0,0,1
0,0,0,0,0,0,0,0,0,0,0,0,0,1
48,3.64,25.6,1.76,21,9,640,11,25,11,25,183,189,0
1,0,0,0,0,0,0,5,0,5,0,0,0,1
0,0,0,0,0,0,0,5,0,5,0,0,0,1
1,0,0,0,0,0,0,7,0,7,0,0,0,1
0,7,38.1538461538,3,12,7,496,2,13,2,13,66,84,0
0,1.6,36.6,1.4,8,3,183,6,5,6,5,21,24,1
0,2.125,15,1.375,6,2,120,3,8,3,8,28,12,1
39,2.7638888889,15.625,1.75,32,26,1125,14,72,14,72,342,832,0
1,0,0,0,0,0,0,3,0,3,0,0,0,1
1,0,0,0,0,0,0,3,0,3,0,0,0,1
0,10.375,53.625,3.625,6,4,429,6,8,6,8,38,24,1
0,0,0,0,0,0,0,3,0,3,0,0,0,1
1,0,0,0,0,0,0,6,0,6,0,0,0,1
2,1.6666666667,9.6666666667,1,2,1,29,0,3,0,3,7,2,1
0,14,63.5,7,5,2,127,1,2,1,2,8,10,1
1,0,0,0,0,0,0,4,0,4,0,0,0,1
0,0,0,0,0,0,0,3,0,3,0,0,0,1
0,6.6470588235,39.3529411765,1.5294117647,11,1,669,6,17,6,17,99,11,0
0,3.7142857143,17.7142857143,2,10,3,124,6,7,6,7,37,30,1
0,0,0,0,0,0,0,0,0,0,0,0,0,1
0,3.6298701299,17.7467532468,2.1168831169,43,129,2733,42,154,42,154,920,5547,0
1,0,0,0,0,0,0,5,0,5,0,0,0,1
1,0,0,0,0,0,0,2,0,2,0,0,0,1
1,0,0,0,0,0,0,4,0,4,0,0,0,1
1,0,0,0,0,0,0,3,0,3,0,0,0,1
1,0,0,0,0,0,0,3,0,3,0,0,0,1
1,0,0,0,0,0,0,3,0,3,0,0,0,1
1,0,0,0,0,0,0,3,0,3,0,0,0,1
1,0,0,0,0,0,0,5,0,5,0,0,0,1
1,0,0,0,0,0,0,2,0,2,0,0,0,1
1,0,0,0,0,0,0,2,0,2,0,0,0,1
1,0,0,0,0,0,0,4,0,4,0,0,0,1
1,0,0,0,0,0,0,5,0,5,0,0,0,1
1,0,0,0,0,0,0,5,0,5,0,0,0,1
1,0,0,0,0,0,0,6,0,6,0,0,0,1
1,0,0,0,0,0,0,3,0,3,0,0,0,1
1,0,0,0,0,0,0,2,0,2,0,0,0,1
1,0,0,0,0,0,0,2,0,2,0,0,0,1
1,0,0,0,0,0,0,3,0,3,0,0,0,1
1,0,0,0,0,0,0,2,0,2,0,0,0,1
1,0,0,0,0,0,0,5,0,5,0,0,0,1
2,12.75,82,1.875,29,1,656,9,8,9,8,115,29,0
0,4.15625,20.546875,2.046875,18,36,1315,13,64,13,64,294,648,0
0,2.1,15.25,1.9,11,10,305,5,20,5,20,71,110,1
1,0,0,0,0,0,0,4,0,4,0,0,0,1
1,0,0,0,0,0,0,1,0,1,0,0,0,1
0,4.6666666667,26.6111111111,2.25,26,25,958,7,36,7,36,181,650,0
1,0,0,0,0,0,0,7,0,7,0,0,0,1
0,3.3,14.35,2.25,14,6,287,5,20,5,20,88,84,1
1,0,0,0,0,0,0,3,0,3,0,0,0,1
1,0,0,0,0,0,0,3,0,3,0,0,0,1
1,0,0,0,0,0,0,2,0,2,0,0,0,1
1,0,0,0,0,0,0,2,0,2,0,0,0,1
0,3.1785714286,19.3571428571,3,16,23,542,5,28,5,28,136,368,0
1,0,0,0,0,0,0,2,0,2,0,0,0,1
1,0,0,0,0,0,0,2,0,2,0,0,0,1
1,0,0,0,0,0,0,3,0,3,0,0,0,1
0,3.8837209302,21.6744186047,2,17,8,932,9,43,9,43,210,136,0
0,0,0,0,0,0,0,6,0,6,0,0,0,1
0,0,0,0,0,0,0,1,0,1,0,0,0,1
3,3.3554216867,15.2530120482,1.2710843373,20,65,2532,9,166,9,166,705,1300,0
1,0,0,0,0,0,0,3,0,3,0,0,0,1
20,4.3493150685,21.2808219178,2.8424657534,40,73,3107,23,146,23,146,661,2920,0
1,0,0,0,0,0,0,10,0,10,0,0,0,1
1,0,0,0,0,0,0,5,0,5,0,0,0,1
1,0,0,0,0,0,0,2,0,2,0,0,0,1
0,2.4444444444,11.3333333333,2.7777777778,7,6,102,6,9,6,9,34,42,1
1,0,0,0,0,0,0,10,0,10,0,0,0,1
1,0,0,0,0,0,0,5,0,5,0,0,0,1
0,5,47,2,8,1,47,0,1,0,1,11,8,1
0,2.1,9.8166666667,2.0166666667,18,37,589,9,60,9,60,181,666,0
0,4.6666666667,40.8333333333,2.3333333333,8,5,245,6,6,6,6,37,40,1
1,1.25,23,2,1,3,92,2,4,2,4,14,3,1
2,0,0,0,0,0,0,3,0,3,0,0,0,1
0,8,57.1428571429,2.8571428571,13,4,400,2,7,2,7,48,52,1
1,0,0,0,0,0,0,3,0,3,0,0,0,1
0,2.35,14.7,1.9,11,10,294,5,20,5,20,72,110,1
1,0,0,0,0,0,0,4,0,4,0,0,0,1
1,0,0,0,0,0,0,1,0,1,0,0,0,1
0,2.3333333333,17.4166666667,1.8333333333,11,10,418,7,24,7,24,103,110,1
1,0,0,0,0,0,0,6,0,6,0,0,0,1
48,3.6956521739,27.6086956522,1.7826086957,22,9,635,11,23,11,23,120,198,0
0,0,0,0,0,0,0,2,0,2,0,0,0,1
2,4.6481481481,37.6203703704,2.4907407407,29,64,4063,10,108,10,108,480,1856,0
0,0,0,0,0,0,0,2,0,2,0,0,0,1
1,0,0,0,0,0,0,6,0,6,0,0,0,1
2,0,0,0,0,0,0,3,0,3,0,0,0,1
0,2,7.5,6.5,3,2,15,2,2,2,2,6,6,1
0,0,0,0,0,0,0,0,0,0,0,0,0,1
1,0,0,0,0,0,0,11,0,11,0,0,0,1
1,0,0,0,0,0,0,8,0,8,0,0,0,1
0,0,0,0,0,0,0,4,0,4,0,0,0,1
0,0,0,0,0,0,0,18,0,18,0,0,0,1
0,0,0,0,0,0,0,2,0,2,0,0,0,1
0,0,0,0,0,0,0,0,0,0,0,0,0,1
0,5,37,1.5,9,2,74,2,2,2,2,19,18,1
0,3.75,29.75,1.875,12,5,238,4,8,4,8,42,60,1
0,3.5333333333,14.4,2.8,11,8,216,4,15,4,15,81,88,1
0,0,0,0,0,0,0,2,0,2,0,0,0,1
0,28,197,1,5,1,197,0,1,0,1,9,5,1
0,3.696969697,22.8787878788,2.1212121212,19,15,755,6,33,6,33,134,285,0
1,9,159,1,1,1,159,1,1,1,1,3,1,1
0,0,0,0,0,0,0,0,0,0,0,0,0,1
0,5,24.8536585366,3,16,15,1019,6,41,6,41,246,240,0
1,0,0,0,0,0,0,6,0,6,0,0,0,1
1,0,0,0,0,0,0,5,0,5,0,0,0,1
0,0,0,0,0,0,0,3,0,3,0,0,0,1
1,4,10.5,1,1,2,21,17,2,17,2,8,2,1
1,0,0,0,0,0,0,3,0,3,0,0,0,1
0,0,0,0,0,0,0,12,0,12,0,0,0,1
0,0,0,0,0,0,0,2,0,2,0,0,0,1
0,3,11.3333333333,1.9166666667,10,10,136,11,12,11,12,51,100,1
0,0,0,0,0,0,0,1,0,1,0,0,0,1
0,2.8461538462,11.2307692308,1.9230769231,11,11,146,7,13,7,13,55,121,1
0,2.7272727273,11.1818181818,2.2727272727,13,11,123,8,11,8,11,49,143,1
0,0,0,0,0,0,0,2,0,2,0,0,0,1
0,0,0,0,0,0,0,2,0,2,0,0,0,1
0,5.8,27.825,2.425,28,14,1113,7,40,7,40,252,392,0
2,0,0,0,0,0,0,2,0,2,0,0,0,1
0,0,0,0,0,0,0,3,0,3,0,0,0,1
3,5,26.25,3,2,2,105,0,4,0,4,8,4,1
2,2.3333333333,17,3.3333333333,3,2,51,0,3,0,3,8,6,1
5,2.8888888889,15,2,2,5,135,1,9,1,9,18,10,1
7,6.9032258065,45.3225806452,2.064516129,16,14,1405,4,31,4,31,139,224,0
1,0,0,0,0,0,0,5,0,5,0,0,0,1
1,0,0,0,0,0,0,6,0,6,0,0,0,1
0,0,0,0,0,0,0,6,0,6,0,0,0,1
0,0,0,0,0,0,0,2,0,2,0,0,0,1
0,0,0,0,0,0,0,2,0,2,0,0,0,1
1,0,0,0,0,0,0,3,0,3,0,0,0,1
3,0,0,0,0,0,0,60,0,60,0,0,0,1
2,2,15,1,3,1,15,0,1,0,1,4,3,1
0,1,1,1,0,7,7,0,7,0,7,7,0,1
1,0,0,0,0,0,0,22,0,22,0,0,0,1
1,4.696969697,22.6363636364,2.2727272727,16,24,747,1,33,1,33,121,384,0
0,0,0,0,0,0,0,16,0,16,0,0,0,1
5,4.05,21.25,1.6,5,9,425,0,20,0,20,52,45,1
4,6.5294117647,34.0588235294,1.5882352941,11,6,579,0,17,0,17,69,66,1
4,5.6153846154,32.5384615385,3.3076923077,9,4,423,0,13,0,13,57,36,1
0,15.4,93.6,2.6,10,5,468,0,5,0,5,26,50,1
2,21,129.5,1.5,4,2,259,0,2,0,2,18,8,1
0,0,0,0,0,0,0,2,0,2,0,0,0,1
8,11.6,54,1.85,13,12,1080,0,20,0,20,71,156,0
3,0,0,0,0,0,0,34,0,34,0,0,0,1
2,18.5,150,3.5,5,2,300,1,2,1,2,11,10,1
3,4.2307692308,17.1538461538,1.3076923077,12,8,223,1,13,1,13,48,96,1
1,3.935483871,25.9032258065,1.8387096774,7,11,803,13,31,13,31,106,77,1
1,6,36,4,2,1,36,0,1,0,1,4,2,1
0,0,0,0,0,0,0,0,0,0,0,0,0,1
0,0,0,0,0,0,0,0,0,0,0,0,0,1
0,1,1,1,0,42,42,0,42,0,42,42,0,1
5,0,0,0,0,0,0,14,0,14,0,0,0,1
0,0,0,0,0,0,0,13,0,13,0,0,0,1
7,2.1764705882,8.6470588235,1.3529411765,3,17,147,1,17,1,17,21,51,1
0,6.3214285714,31.3571428571,2.5357142857,23,15,878,8,28,8,28,186,345,0
0,0,0,0,0,0,0,6,0,6,0,0,0,1
1,0,0,0,0,0,0,2,0,2,0,0,0,1
1,0,0,0,0,0,0,2,0,2,0,0,0,1
3,2.625,13.875,1.8125,7,14,222,1,16,1,16,60,98,1
1,0,0,0,0,0,0,4,0,4,0,0,0,1
11,8.2142857143,35,2.7857142857,20,9,490,3,14,3,14,99,180,0
1,0,0,0,0,0,0,1,0,1,0,0,0,1
1,0,0,0,0,0,0,2,0,2,0,0,0,1
1,0,0,0,0,0,0,5,0,5,0,0,0,1
1,0,0,0,0,0,0,3,0,3,0,0,0,1
1,0,0,0,0,0,0,5,0,5,0,0,0,1
1,0,0,0,0,0,0,5,0,5,0,0,0,1
1,0,0,0,0,0,0,1,0,1,0,0,0,1
1,0,0,0,0,0,0,2,0,2,0,0,0,1
44,1.9936708861,10.3291139241,2.6708860759,23,91,1632,28,158,28,158,462,2093,0
0,0,0,0,0,0,0,1,0,1,0,0,0,1
1,0,0,0,0,0,0,2,0,2,0,0,0,1
1,0,0,0,0,0,0,2,0,2,0,0,0,1
1,0,0,0,0,0,0,2,0,2,0,0,0,1
1,0,0,0,0,0,0,2,0,2,0,0,0,1
1,0,0,0,0,0,0,2,0,2,0,0,0,1
1,0,0,0,0,0,0,2,0,2,0,0,0,1
1,0,0,0,0,0,0,6,0,6,0,0,0,1
1,0,0,0,0,0,0,2,0,2,0,0,0,1
1,0,0,0,0,0,0,2,0,2,0,0,0,1
1,0,0,0,0,0,0,2,0,2,0,0,0,1
0,0,0,0,0,0,0,4,0,4,0,0,0,1
0,0,0,0,0,0,0,3,0,3,0,0,0,1
0,0,0,0,0,0,0,1,0,1,0,0,0,1
14,1.6666666667,10.3333333333,2,5,5,62,0,6,0,6,16,25,1
1,0,0,0,0,0,0,4,0,4,0,0,0,1
1,0,0,0,0,0,0,4,0,4,0,0,0,1
1,0,0,0,0,0,0,4,0,4,0,0,0,1
0,0,0,0,0,0,0,0,0,0,0,0,0,1
0,1,1,1,0,1,1,3,1,3,1,1,0,1
0,1.4166666667,6.5,1,1,12,78,0,12,0,12,24,12,1
0,1,1,1,0,1,1,0,1,0,1,1,0,1
1,1,1,1,0,1,1,4,1,4,1,1,0,1
6,1,1,1,0,1,1,3,1,3,1,1,0,1
0,1,1,1,0,1,1,0,1,0,1,1,0,1
0,3.5,31.25,4.25,2,1,125,0,4,0,4,18,2,1
0,0,0,0,0,0,0,3,0,3,0,0,0,1
3,1,1,1,0,1,1,4,1,4,1,1,0,1
0,1,1,1,0,1,1,2,1,2,1,1,0,1
0,0,0,0,0,0,0,0,0,0,0,0,0,1
14,3.5,18.5,2.1,5,10,185,2,10,2,10,24,50,1
0,0,0,0,0,0,0,0,0,0,0,0,0,1
0,0,0,0,0,0,0,0,0,0,0,0,0,1
0,0,0,0,0,0,0,0,0,0,0,0,0,1
0,6.1666666667,35.5416666667,3.25,14,4,853,6,24,6,24,149,56,0
1,0,0,0,0,0,0,3,0,3,0,0,0,1
1,0,0,0,0,0,0,2,0,2,0,0,0,1
1,0,0,0,0,0,0,1,0,1,0,0,0,1
1,0,0,0,0,0,0,2,0,2,0,0,0,1
1,0,0,0,0,0,0,2,0,2,0,0,0,1
0,0,0,0,0,0,0,0,0,0,0,0,0,1
1,0,0,0,0,0,0,2,0,2,0,0,0,1
86,5.1139896373,27.6113989637,2.1606217617,49,48,5329,18,193,18,193,1215,2352,0
1,0,0,0,0,0,0,3,0,3,0,0,0,1
1,0,0,0,0,0,0,3,0,3,0,0,0,1
1,1.6363636364,8.2272727273,1.1818181818,4,1,181,0,22,0,22,118,4,1
1,0,0,0,0,0,0,6,0,6,0,0,0,1
1,0,0,0,0,0,0,4,0,4,0,0,0,1
1,0,0,0,0,0,0,11,0,11,0,0,0,1
0,0,0,0,0,0,0,5,0,5,0,0,0,1
1,0,0,0,0,0,0,2,0,2,0,0,0,1
1,424,468.6666666667,1,1,3,1406,4,3,4,3,6,3,1
0,6.25,24,1.5,9,2,96,0,4,0,4,33,18,1
0,11,49,1.5,10,1,98,1,2,1,2,26,10,1
0,4,22,1.5,8,2,44,0,2,0,2,13,16,1
0,4.3333333333,16,1.6666666667,3,1,48,2,3,2,3,13,3,1
4,8,53.3333333333,3,7,2,160,3,3,3,3,14,14,1
1,3.6,22.9,3.5,15,4,229,0,10,0,10,68,60,1
1,0,0,0,0,0,0,3,0,3,0,0,0,1
1,0,0,0,0,0,0,2,0,2,0,0,0,1
2,0,0,0,0,0,0,3,0,3,0,0,0,1
0,0,0,0,0,0,0,0,0,0,0,0,0,1
1,0,0,0,0,0,0,2,0,2,0,0,0,1
1,0,0,0,0,0,0,2,0,2,0,0,0,1
1,0,0,0,0,0,0,6,0,6,0,0,0,1
1,0,0,0,0,0,0,3,0,3,0,0,0,1
1,0,0,0,0,0,0,3,0,3,0,0,0,1
1,0,0,0,0,0,0,6,0,6,0,0,0,1
0,0,0,0,0,0,0,2,0,2,0,0,0,1
0,2.875,15.625,1.875,14,7,125,3,8,3,8,40,98,1
0,2.5,15.6666666667,2.1666666667,7,2,94,0,6,0,6,50,14,1
5,9.358974359,39,2.0256410256,21,5,1521,1,39,1,39,300,105,0
3,0,0,0,0,0,0,32,0,32,0,0,0,1
0,0,0,0,0,0,0,0,0,0,0,0,0,1
0,3.3414634146,17.4390243902,1.5853658537,16,20,715,12,41,12,41,168,320,0
1,0,0,0,0,0,0,1,0,1,0,0,0,1
2,1,70.25,5.25,13,1,281,0,4,0,4,44,13,1
3,0,0,0,0,0,0,8,0,8,0,0,0,1
2,0,0,0,0,0,0,17,0,17,0,0,0,1
2,0,0,0,0,0,0,11,0,11,0,0,0,1
1,0,0,0,0,0,0,3,0,3,0,0,0,1
2,0,0,0,0,0,0,2,0,2,0,0,0,1
0,10,57.8,4.4,14,4,289,0,5,0,5,46,56,1
21,5.6226415094,39.4339622642,1.7735849057,26,1,2090,41,53,41,53,324,26,0
1,0,0,0,0,0,0,2,0,2,0,0,0,1
0,0,0,0,0,0,0,2,0,2,0,0,0,1
1,0,0,0,0,0,0,2,0,2,0,0,0,1
2,1.2037037037,57.1111111111,1,45,54,3084,1,54,1,54,307,2430,0
0,1,4,4,0,1,4,0,1,0,1,1,0,1
1,74,79,1,0,1,79,0,1,0,1,1,0,1
0,1,5,1.5,0,2,10,2,2,2,2,3,0,1
2,3.125,29.4375,2.5,15,6,471,3,16,3,16,143,90,0
1,3,16,1.75,0,1,64,1,4,1,4,10,0,1
0,5,24,1,1,1,24,0,1,0,1,2,1,1
3,5.8125,31.75,1.1875,9,2,508,6,16,6,16,67,18,1
0,5.59375,33.71875,1.625,14,1,1079,14,32,14,32,167,14,0
1,0,0,0,0,0,0,3,0,3,0,0,0,1
1,0,0,0,0,0,0,2,0,2,0,0,0,1
1,0,0,0,0,0,0,3,0,3,0,0,0,1
1,0,0,0,0,0,0,3,0,3,0,0,0,1
0,1,16,2,0,1,16,0,1,0,1,1,0,1
0,2.0434782609,10.0869565217,2.4347826087,15,22,232,2,23,2,23,91,330,1
0,0,0,0,0,0,0,0,0,0,0,0,0,1
0,1,6,3,0,1,6,0,1,0,1,1,0,1
0,1,9,4,1,1,9,0,1,0,1,2,1,1
1,3.2162162162,16.4324324324,3.0945945946,17,41,1216,8,74,8,74,256,697,0
1,0,0,0,0,0,0,1,0,1,0,0,0,1
0,2,11.1111111111,2.7777777778,11,9,100,2,9,2,9,28,99,1
0,17,150,2,0,1,150,0,1,0,1,1,0,1
0,17,150,2,0,1,150,0,1,0,1,1,0,1
0,17,150,2,0,1,150,0,1,0,1,1,0,1
3,9,53.3333333333,2.3333333333,5,1,160,1,3,1,3,12,5,1
0,8.5,43,1.5,5,2,86,0,2,0,2,7,10,1
0,8,35,1,6,2,70,0,2,0,2,8,12,1
0,9,53.6666666667,2.3333333333,6,3,161,1,3,1,3,12,18,1
16,7.6153846154,33.8076923077,2.8461538462,29,4,879,5,26,5,26,207,116,0
0,0,0,0,0,0,0,5,0,5,0,0,0,1
1,0,0,0,0,0,0,2,0,2,0,0,0,1
1,0,0,0,0,0,0,2,0,2,0,0,0,1
1,0,0,0,0,0,0,3,0,3,0,0,0,1
0,0,0,0,0,0,0,2,0,2,0,0,0,1
0,2.5,16.75,0.875,5,2,134,8,8,8,8,44,10,1
18,5.6176470588,27.1176470588,1.7352941176,18,1,922,1,34,1,34,267,18,0
1,0,0,0,0,0,0,7,0,7,0,0,0,1
1,0,0,0,0,0,0,9,0,9,0,0,0,1
1,0,0,0,0,0,0,2,0,2,0,0,0,1
1,0,0,0,0,0,0,20,0,20,0,0,0,1
1,0,0,0,0,0,0,11,0,11,0,0,0,1
1,0,0,0,0,0,0,8,0,8,0,0,0,1
1,0,0,0,0,0,0,2,0,2,0,0,0,1
1,0,0,0,0,0,0,4,0,4,0,0,0,1
1,0,0,0,0,0,0,6,0,6,0,0,0,1
2,5,12,2,0,1,12,0,1,0,1,1,0,1
5,5.25,38,1.5,9,1,152,1,4,1,4,20,9,1
1,0,0,0,0,0,0,2,0,2,0,0,0,1
0,1,6,2,4,2,12,1,2,1,2,6,8,1
0,7,47,3,8,1,47,1,1,1,1,9,8,1
0,13,81,3,5,1,81,1,1,1,1,7,5,1
8,12,89,3,8,1,89,6,1,6,1,12,8,1
0,0,0,0,0,0,0,3,0,3,0,0,0,1
0,0,0,0,0,0,0,1,0,1,0,0,0,1
0,7.6666666667,80,2,7,1,240,1,3,1,3,16,7,1
182,4.6785714286,25.8214285714,2.0357142857,24,5,723,0,28,0,28,175,120,0
5,11.6666666667,63.5238095238,4.1904761905,19,2,1334,1,21,1,21,219,38,0
1,0,0,0,0,0,0,8,0,8,0,0,0,1
1,0,0,0,0,0,0,3,0,3,0,0,0,1
1,0,0,0,0,0,0,11,0,11,0,0,0,1
0,0,0,0,0,0,0,3,0,3,0,0,0,1
0,14,95,2,12,1,95,0,1,0,1,21,12,1
1,8.3333333333,39.6666666667,2.6666666667,9,1,119,0,3,0,3,28,9,1
131,10.75,58,3.8571428571,23,4,1624,0,28,0,28,200,92,0
0,0,0,0,0,0,0,2,0,2,0,0,0,1
0,0,0,0,0,0,0,2,0,2,0,0,0,1
1,1,4,1,0,1,4,0,1,0,1,1,0,1
2,1,4,1,0,1,4,1,1,1,1,2,0,1
0,6,24,2,2,1,24,0,1,0,1,3,2,1
1,9,40.5,2,3,1,81,4,2,4,2,14,3,1
2,1,4,1,0,1,4,0,1,0,1,1,0,1
3,1,7,1,3,1,7,0,1,0,1,4,3,1
0,1,1,3,0,1,1,1,1,1,1,1,0,1
0,0,0,0,0,0,0,1,0,1,0,0,0,1
1,0,0,0,0,0,0,9,0,9,0,0,0,1
31,4.5,31,4,6,1,62,0,2,0,2,12,6,1
1,25.5,95,3,4,1,190,1,2,1,2,12,4,1
0,0,0,0,0,0,0,1,0,1,0,0,0,1
1,30,119.6,3.2,11,1,598,0,5,0,5,50,11,1
0,0,0,0,0,0,0,4,0,4,0,0,0,1
0,0,0,0,0,0,0,3,0,3,0,0,0,1
0,0,0,0,0,0,0,1,0,1,0,0,0,1
3,4.6,30.4,2,9,2,152,1,5,1,5,28,18,1
0,2,7,1,2,1,7,0,1,0,1,3,2,1
9,3,9,1,1,1,9,0,1,0,1,2,1,1
9,3.2307692308,16.6923076923,1.2307692308,9,6,217,8,13,8,13,51,54,1
1,0,0,0,0,0,0,4,0,4,0,0,0,1
22,1.375,6.25,1.25,2,8,50,0,8,0,8,12,16,1
0,2.5714285714,13.3333333333,1.2380952381,14,16,280,0,21,0,21,56,224,1
1,0,0,0,0,0,0,3,0,3,0,0,0,1
0,0,0,0,0,0,0,2,0,2,0,0,0,1
0,2.25,15.5,1.25,5,7,124,1,8,1,8,24,35,1
1,0,0,0,0,0,0,3,0,3,0,0,0,1
2,2.625,17.875,1.3125,7,15,286,0,16,0,16,37,105,1
1,0,0,0,0,0,0,3,0,3,0,0,0,1
0,2,13.6666666667,2,1,3,41,0,3,0,3,4,3,1
