0,2.2857142857,18.8571428571,3.1428571429,14,1,132,2,7,2,7,44,14,1
1,2.75,53,2,0,1,212,0,4,0,4,7,0,1
1,5.8571428571,60.5714285714,2.2857142857,1,1,424,0,7,0,7,19,1,1
1,4.25,49,2,1,1,196,0,4,0,4,8,1,1
1,0,0,0,0,0,0,4,0,4,0,0,0,1
1,1,4,2,0,1,4,0,1,0,1,1,0,1
0,1,11.6428571429,5.1428571429,2,1,163,0,14,0,14,30,2,1
0,4.8333333333,47,1.3333333333,0,1,564,5,12,5,12,41,0,1
0,5,45.2857142857,2.2857142857,4,1,317,5,7,5,7,31,4,1
1,0,0,0,0,0,0,2,0,2,0,0,0,1
0,1.3,4.8,0.9,0,5,48,6,10,0,8,21,0,1
0,1.6666666667,23.6666666667,0,1,1,71,0,3,0,3,7,1,1
4,2.4,13,0.8,0,2,65,2,5,0,4,10,0,1
0,3.5,22.25,6,0,2,89,1,4,0,3,7,0,1
0,2.75,14.25,2,0,2,57,1,4,0,3,7,0,1
1,3.9333333333,30.0666666667,1.6,17,2,451,8,15,0,11,89,34,1
1,0,0,0,0,0,0,2,0,2,0,0,0,1
0,2.5,13.75,1.5,0,2,55,1,4,0,3,7,0,1
0,2.75,19,2.5,0,2,76,1,4,0,3,8,0,1
1,4.1666666667,22.5,1.1666666667,4,6,135,1,6,0,4,13,24,1
0,12.0625,64.5625,1.3125,11,7,1033,0,16,0,14,112,77,1
0,4,22.25,1.5,0,2,89,1,4,0,3,7,0,1
0,1.72,8.64,1.08,0,3,216,0,25,0,23,47,0,1
1,2.4,12.4,0.4,2,1,62,2,5,0,5,13,2,1
0,3,17.75,2.5,1,2,71,1,4,0,3,9,2,1
0,2.5,13.75,2,0,2,55,1,4,0,3,7,0,1
1,3.4,21.4,1.2,3,2,107,1,5,0,3,15,6,1
2,1.8,8.6,0.4,0,1,43,3,5,0,5,15,0,1
0,2,10,0.5,1,1,20,1,2,0,2,6,1,1
1,2,6.5,0.5,0,1,13,1,2,1,2,4,0,1
0,4.5,38,2,0,1,76,3,2,0,2,8,0,1
2,1.5,5.5,0.5,0,1,22,3,4,0,4,12,0,1
1,2.5714285714,14.8571428571,0.1428571429,0,2,104,5,7,4,7,18,0,1
0,4.0666666667,25.4666666667,1.1666666667,15,3,764,11,30,1,27,153,45,1
0,1,3.5,2,0,2,7,0,2,0,2,2,0,1
0,4.4,24.8,3,1,2,124,1,5,0,3,15,2,1
0,3,20.75,1.5,2,2,83,1,4,0,3,13,4,1
1,2.6666666667,14.3333333333,0.6666666667,0,2,43,1,3,0,3,5,0,1
0,1,6,2,0,1,6,0,1,0,1,1,0,1
0,4.5555555556,24.3492063492,6.4920634921,5,63,1534,0,63,0,63,130,315,0
0,3.8,20.25,4.75,2,20,405,0,20,0,20,40,40,1
0,1.4,7.6,2,0,5,38,0,5,0,5,5,0,1
2,2.6,17,1.2,2,2,85,1,5,0,3,14,4,1
0,3.25,18.5,3,0,2,74,1,4,0,3,7,0,1
1,1.3333333333,6.8888888889,1.1111111111,3,2,62,2,9,0,8,24,6,1
14,1.1428571429,4.1428571429,0.4285714286,0,2,29,1,7,0,6,13,0,1
1,3.8571428571,25.5238095238,2.619047619,13,1,536,3,21,0,9,81,13,1
0,2.75,15.75,2,0,2,63,1,4,0,3,7,0,1
0,2.5,11.5,1.5,0,2,46,1,4,0,4,7,0,1
4,6,28.4,1,2,3,142,3,5,2,5,15,6,1
0,4.75,21.75,0.75,4,3,87,1,4,0,4,12,12,1
1,5.6666666667,30.6666666667,0.6666666667,4,1,92,2,3,0,3,11,4,1
0,2.4,13.2,1.8,0,2,66,2,5,0,4,10,0,1
3,1.6666666667,7.8333333333,0.8333333333,1,2,47,1,6,0,5,13,2,1
7,2,8.125,1.25,0,6,65,1,8,0,5,10,0,1
1,2.3214285714,23.6785714286,5.3035714286,24,55,1326,2,56,0,55,363,1320,0
0,0,0,0,0,0,0,2,0,2,0,0,0,1
2,3.5416666667,28.2916666667,2.75,18,16,679,1,24,0,23,167,288,0
1,1.8333333333,11,1,2,2,66,4,6,1,6,20,4,1
0,0,0,0,0,0,0,0,0,0,0,0,0,1
0,1,1,8,0,1,1,0,1,0,1,1,0,1
1,1,1,4,0,1,1,0,1,0,1,1,0,1
2,1,1,2,0,1,1,0,1,0,1,1,0,1
1,0,0,0,0,0,0,0,0,0,0,0,0,1
3,1,1,1,0,1,1,0,1,0,1,1,0,1
0,1,1,1,0,1,1,0,1,0,1,1,0,1
2,1,1,1,0,1,1,0,1,0,0,1,0,1
2,1,1,1,0,1,1,0,1,0,1,1,0,1
1,1,1,1,0,1,1,0,1,0,1,1,0,1
2,1,1,1,0,1,1,0,1,0,0,1,0,1
0,1,1,3,0,1,1,0,1,0,1,1,0,1
0,1,1,1,0,1,1,0,1,0,1,1,0,1
1,1,1,1,0,1,1,0,1,0,1,1,0,1
0,1,1,2,0,1,1,0,1,0,1,1,0,1
0,1,1,2,0,1,1,0,1,0,1,1,0,1
0,1,1,4,0,1,1,0,1,0,1,1,0,1
1,1,1,4,0,1,1,0,1,0,1,1,0,1
0,1,1,3,0,1,1,0,1,0,1,1,0,1
3,1,1,1,0,1,1,0,1,0,1,1,0,1
2,1,1,2,0,1,1,0,1,0,1,1,0,1
1,0,0,0,0,0,0,0,0,0,0,0,0,1
1,1,1,1,0,1,1,0,1,0,1,1,0,1
1,1,1,2,0,1,1,0,1,0,1,1,0,1
0,1,1,1,0,1,1,0,1,0,1,1,0,1
2,1,1,1.8888888889,0,9,9,3,9,3,9,9,0,1
0,1.5,7.5,2,1,1,15,1,2,0,1,5,1,1
0,1.3333333333,6.3333333333,1.6666666667,1,2,19,1,3,0,0,6,2,1
1,1,5.3043478261,0.9565217391,0,3,122,22,23,0,23,63,0,1
0,1,4.8333333333,0.8333333333,1,1,29,6,6,0,6,18,1,1
1,1,4.7142857143,0.8571428571,0,1,33,7,7,0,7,19,0,1
0,0,0,0,0,0,0,0,0,0,0,0,0,1
2,1,4.875,0.875,0,2,39,7,8,0,7,20,0,1
0,0,0,0,0,0,0,0,0,0,0,0,0,1
1,0,0,0,0,0,0,5,0,5,0,0,0,1
1,0,0,0,0,0,0,5,0,5,0,0,0,1
1,1,5.1875,0.9375,0,3,83,15,16,0,16,41,0,1
0,1,5.8235294118,0.9411764706,0,4,99,15,17,0,16,42,0,1
0,0,0,0,0,0,0,2,0,2,0,0,0,1
0,0,0,0,0,0,0,3,0,3,0,0,0,1
0,0,0,0,0,0,0,6,0,6,0,0,0,1
0,1,4.3333333333,0.6666666667,0,1,13,2,3,0,3,7,0,1
1,1,4.75,0.5,0,1,19,9,4,7,4,11,0,1
2,1,4.6666666667,0.6666666667,0,2,28,4,6,0,6,12,0,1
3,1,4.8571428571,0.7142857143,0,3,34,4,7,0,5,13,0,1
0,2.3333333333,8.8333333333,0.6666666667,1,2,53,5,6,4,5,17,2,1
5,1,1,5.046875,0,64,64,0,64,0,63,64,0,1
4,1,1,2.9,0,20,20,2,20,2,20,20,0,1
1,1,1,1,0,1,1,0,1,0,1,1,0,1
0,1,4,1,0,1,4,1,1,0,0,1,0,1
3,1.5,7.75,0.75,0,1,31,3,4,0,3,10,0,1
3,1.5,7.75,0.75,0,1,31,3,4,0,3,10,0,1
0,2.75,16.75,0.25,1,1,67,1,4,0,2,9,1,1
0,1,4.3333333333,0.6666666667,0,1,13,3,3,0,3,7,0,1
0,1,4.25,0.75,0,2,17,3,4,0,3,8,0,1
0,1,5.2222222222,0.8888888889,0,2,47,9,9,0,9,23,0,1
2,1,4,1,0,1,4,1,1,0,0,1,0,1
2,1,4,1,0,2,8,1,2,0,0,2,0,1
1,1.04,2.8,4.3333333333,2,67,210,2,75,0,72,89,134,1
1,2,6.3333333333,1,3,3,19,3,3,3,3,9,9,1
2,1.5703703704,13.5777777778,4.2888888889,8,11,1833,3,135,0,133,328,88,0
0,1.5,6.1,1.8,4,2,61,3,10,0,9,35,8,1
0,0,0,0,0,0,0,0,0,0,0,0,0,1
0,1,4,1,1,1,8,1,2,0,2,5,1,1
0,1,4.5,1,0,1,9,1,2,0,1,4,0,1
0,1,1.52,2.32,0,22,38,1,25,0,23,29,0,1
0,1,5,0.875,0,2,40,8,8,0,8,20,0,1
0,1,5.5,0.875,0,3,44,6,8,0,7,17,0,1
0,1,4.3333333333,0.6666666667,0,1,13,3,3,0,3,7,0,1
1,1,4.6666666667,0.6666666667,0,1,28,4,6,0,6,18,0,1
0,1,4.7142857143,0.7142857143,0,2,33,4,7,0,6,19,0,1
0,1,4.5,0.75,0,1,18,4,4,0,4,10,0,1
0,1,4.8,0.6,1,1,24,4,5,1,5,16,1,1
0,0,0,0,0,0,0,0,0,0,0,0,0,1
0,2.625,8.125,1,0,1,65,6,8,6,8,32,0,1
0,1,4.75,0.75,0,1,57,9,12,0,12,32,0,1
0,0,0,0,0,0,0,7,0,7,0,0,0,1
2,1,5.0769230769,0.7692307692,0,2,66,9,13,0,11,33,0,1
0,0,0,0,0,0,0,7,0,7,0,0,0,1
1,1.0833333333,5.375,0.9166666667,0,2,129,23,24,0,24,67,0,1
2,1,5.4545454545,0.9545454545,0,2,120,19,22,0,19,60,0,1
0,1.2857142857,5.7142857143,0.8571428571,0,1,40,7,7,0,7,19,0,1
1,1.25,6.125,0.875,0,2,49,7,8,0,6,20,0,1
1,1.625,6.625,0.25,0,1,53,6,8,0,8,21,0,1
2,1.625,6.625,0.25,0,1,53,6,8,0,8,21,0,1
1,1.8181818182,6.8181818182,1.1818181818,0,1,75,2,11,0,8,24,0,1
2,2.0833333333,8.25,1.1666666667,0,1,99,2,12,1,9,26,0,1
0,0,0,0,0,0,0,0,0,0,0,0,0,1
0,3,9.5,1,0,2,19,5,2,4,2,7,0,1
0,0,0,0,0,0,0,12,0,12,0,0,0,1
3,2,5.875,0.625,0,4,47,9,8,7,7,13,0,1
0,1.4,5,0.4,0,1,25,2,5,0,5,10,0,1
0,1.4,5.6,0.4,0,1,28,2,5,0,5,10,0,1
7,1.9090909091,6.2727272727,0.7272727273,0,3,69,9,11,7,9,20,0,1
0,1.3333333333,4.8333333333,0.3333333333,1,1,29,2,6,0,6,13,1,1
0,1.3333333333,5.3333333333,0.3333333333,1,1,32,2,6,0,6,13,1,1
0,9,23,1,2,2,46,0,2,0,2,11,4,1
1,2.7,12.8,0.8,1,2,128,3,10,0,9,29,2,1
0,2.4166666667,11.5833333333,0.75,1,3,139,3,12,0,11,35,3,1
0,1,4.8461538462,0.6153846154,0,1,189,24,39,0,38,101,0,1
0,1.4363636364,7.1454545455,0.7272727273,0,1,393,33,55,0,51,156,0,1
0,14,33,1,0,1,33,0,1,0,1,1,0,1
0,0,0,0,0,0,0,0,0,0,0,0,0,1
1,1,3.4285714286,0.4285714286,0,1,24,0,7,0,5,15,0,1
0,1,4,0.5714285714,0,1,28,1,7,0,7,20,0,1
1,1,1,8,0,1,1,0,1,0,1,1,0,1
0,1,1,8,0,1,1,0,1,0,1,1,0,1
0,1.125,5,2.5,0,1,40,1,8,0,4,16,0,1
0,1.4285714286,9,1,0,1,63,4,7,0,6,19,0,1
2,1,1,1,0,1,1,0,1,0,0,1,0,1
2,1,1,1,0,1,1,0,1,0,0,1,0,1
0,0,0,0,0,0,0,228,0,228,0,0,0,1
1,1.6,7.5142857143,0.9428571429,1,6,263,27,35,0,28,94,6,1
3,1,1,0.5,0,2,2,0,2,0,2,2,0,1
0,0,0,0,0,0,0,6,0,6,0,0,0,1
1,1.1,5.4,1,1,1,54,7,10,0,8,33,1,1
0,0,0,0,0,0,0,2,0,2,0,0,0,1
0,1,1,7,0,1,1,0,1,0,1,1,0,1
0,1,4,1,0,1,4,0,1,0,1,1,0,1
0,1,4,1,0,1,4,0,1,0,1,1,0,1
1,1,1,1,0,1,1,0,1,0,1,1,0,1
1,0,0,0,0,0,0,40,0,40,0,0,0,1
0,1.5882352941,7.2941176471,0.9411764706,0,4,124,13,17,0,14,41,0,1
1,0,0,0,0,0,0,9,0,9,0,0,0,1
0,0,0,0,0,0,0,4,0,4,0,0,0,1
5,1,1,0.5,0,2,2,0,2,0,2,2,0,1
0,2.3333333333,22.6666666667,0.6666666667,1,3,68,0,3,0,2,4,3,1
2,1,1,1,0,1,1,0,1,0,1,1,0,1
4,1,1,1.6,0,5,5,0,5,0,5,5,0,1
3,1,1,2,0,1,1,4,1,4,1,1,0,1
2,1,1,2.3333333333,0,3,3,0,3,0,3,3,0,1
2,1,5.5555555556,1.4444444444,1,1,50,17,9,12,7,39,1,1
0,1.5,8,1.5,0,1,16,1,2,0,2,4,0,1
2,0,0,0,0,0,0,8,0,8,0,0,0,1
0,0,0,0,0,0,0,4,0,4,0,0,0,1
1,0,0,0,0,0,0,14,0,14,0,0,0,1
3,1.7619047619,12.0952380952,3.0476190476,3,5,254,4,21,2,20,58,15,1
0,0,0,0,0,0,0,0,0,0,0,0,0,1
0,1,4,0.75,2,1,16,1,4,0,3,13,2,1
0,1.25,5,0.5,2,1,20,1,4,0,3,13,2,1
0,9,47,1,1,1,94,1,2,0,2,5,1,1
7,1,1,4.4920634921,0,126,126,0,126,0,125,126,0,1
1,0,0,0,0,0,0,4,0,4,0,0,0,1
0,1,9.5669291339,4.4566929134,1,1,1215,2,127,0,127,504,1,1
0,1,4.3333333333,0,1,1,13,1,3,0,3,7,1,1
1,1.3333333333,5,0.6666666667,0,1,15,2,3,0,2,7,0,1
0,1,4.3333333333,0,1,1,13,1,3,0,3,7,1,1
1,1.3333333333,4.6666666667,0.6666666667,0,1,14,2,3,0,2,7,0,1
0,1.9016393443,47.7704918033,0.5081967213,15,39,2914,1,61,1,50,495,585,0
0,1,4,1,1,1,4,1,1,0,1,2,1,1
0,1.8620689655,48.4482758621,0.5,14,55,2810,1,58,1,48,270,770,0
0,1,4,1,1,1,4,1,1,0,1,2,1,1
1,1.5,10,1.5,0,2,20,0,2,0,2,2,0,1
0,1,3,0.5,0,2,6,1,2,0,2,2,0,1
0,4.5,16.5,1,0,1,33,0,2,0,1,3,0,1
0,6,57,0,0,1,57,0,1,0,1,1,0,1
0,4.5,16.5,1,0,1,33,0,2,0,1,3,0,1
0,6,57,0,0,1,57,0,1,0,1,1,0,1
0,1,11,0.125,4,8,88,0,8,0,8,31,32,1
8,2.8333333333,18.6666666667,0.75,3,1,224,19,12,0,0,66,3,1
0,1,4.1111111111,1.8888888889,1,9,37,0,9,0,9,11,9,1
0,1,4,1,0,1,4,0,1,0,1,1,0,1
2,1.1111111111,6.7777777778,0.6111111111,6,3,122,5,18,0,11,73,18,1
0,4,26,1,2,1,26,0,1,0,1,4,2,1
1,1,9,3,2,1,18,4,2,0,0,15,2,1
0,1,3,1,0,1,3,0,1,0,1,1,0,1
2,1.5,4.5,1,0,1,9,1,2,0,2,4,0,1
7,2.75,18.1666666667,0.75,3,1,218,17,12,0,0,66,3,1
0,1,4.1111111111,1.8888888889,0,9,37,0,9,0,9,9,0,1
0,1,4,1,0,1,4,0,1,0,1,1,0,1
0,1,4.3333333333,0.6666666667,0,1,13,1,3,0,3,6,0,1
0,1,3.5,0.5,0,2,7,0,2,0,2,2,0,1
0,1,4,0.6666666667,0,1,12,1,3,0,3,6,0,1
2,1.125,6.625,0.5625,5,3,106,5,16,0,9,68,15,1
0,4,30,1,3,1,30,0,1,0,1,6,3,1
1,1,9,3,2,1,18,4,2,0,0,15,2,1
0,1,3,1,0,1,3,0,1,0,1,1,0,1
4,2.125,13.4166666667,1.9166666667,2,2,322,1,24,0,20,72,4,1
1,1,6,1.6666666667,1,1,18,14,3,0,0,12,1,1
4,2.125,14.0833333333,1.9166666667,3,2,338,1,24,0,20,81,6,1
1,1,6,1.6666666667,1,1,18,14,3,0,0,12,1,1
0,1.4,15.6,0.2,5,5,78,0,5,0,5,22,25,1
0,2.1176470588,16.7294117647,3.2235294118,10,7,1422,1,85,1,85,260,70,1
3,0,0,0,0,0,0,2,0,2,0,0,0,1
1,0,0,0,0,0,0,2,0,2,0,0,0,1
0,2.4885496183,29.8244274809,3.465648855,18,10,3907,11,131,11,131,664,180,0
0,1.2894736842,12.4962406015,2.4060150376,32,79,3324,22,266,22,266,1024,2528,0
1,0,0,0,0,0,0,4,0,4,0,0,0,1
1,0,0,0,0,0,0,2,0,2,0,0,0,1
1,0,0,0,0,0,0,2,0,2,0,0,0,1
3,0,0,0,0,0,0,8,0,8,0,0,0,1
1,0,0,0,0,0,0,2,0,2,0,0,0,1
1,0,0,0,0,0,0,2,0,2,0,0,0,1
1,0,0,0,0,0,0,4,0,4,0,0,0,1
0,5.375,41.3125,2.75,12,3,661,2,16,2,16,107,36,1
42,1.8166666667,13.8666666667,1.95,16,22,832,11,60,11,60,228,352,0
0,1,1,2.25,0,4,4,1,4,1,4,4,0,1
0,4,53,3,1,1,53,0,1,0,1,2,1,1
0,5,53,4,1,1,53,0,1,0,1,2,1,1
0,7.375,81.5,8,9,8,652,0,8,0,8,42,72,1
0,2.8,41.8666666667,4.8666666667,18,15,628,0,15,0,15,108,270,0
4,0,0,0,0,0,0,10,0,10,0,0,0,1
27,1,26,4.5714285714,14,10,364,0,14,0,14,73,140,0
22,0,0,0,0,0,0,4,0,4,0,0,0,1
0,7.4444444444,59.8888888889,4.6666666667,21,9,539,0,9,0,9,86,189,0
2,0,0,0,0,0,0,4,0,4,0,0,0,1
0,0,0,0,0,0,0,0,0,0,0,0,0,1
0,0,0,0,0,0,0,2,0,2,0,0,0,1
0,2,38.5,9.25,6,4,154,0,4,0,4,40,24,1
7,0,0,0,0,0,0,3,0,3,0,0,0,1
0,0,0,0,0,0,0,0,0,0,0,0,0,1
0,4.5,54.5,5.5,8,2,109,0,2,0,2,14,16,1
0,1.6,21.9333333333,3.7333333333,6,30,658,0,30,0,30,130,180,1
2,0,0,0,0,0,0,13,0,13,0,0,0,1
0,6,35.5,2.5,1,2,71,0,2,0,2,3,2,1
0,4.5,29.5,2,2,2,59,0,2,0,2,4,4,1
7,1,26.6,4.8,8,5,133,0,5,0,5,34,40,1
0,4.3333333333,26.5,2.5,6,6,159,0,6,0,6,14,36,1
0,1.7,11.2,2.3,3,10,112,0,10,0,10,29,30,1
0,2.75,19,2.25,3,4,76,0,4,0,4,11,12,1
0,1.8695652174,12.6956521739,4.0434782609,5,23,292,0,23,0,23,60,115,1
0,5,47.5,3.5,4,2,95,0,2,0,2,6,8,1
0,4.4444444444,33.8333333333,4,10,18,609,0,18,0,18,86,180,0
0,3,17.3333333333,2,1,3,52,0,3,0,3,6,3,1
0,3.1111111111,32,2.5555555556,8,9,288,0,9,0,9,38,72,1
0,4.8571428571,38.2857142857,3.1428571429,9,7,268,0,7,0,7,37,63,1
0,1,88,2,1,3,264,0,3,0,3,12,3,1
15,1,43,7.4285714286,12,6,301,0,7,0,7,45,72,1
9,1,61.6,5.4,18,5,308,0,5,0,5,50,90,1
0,2.2777777778,17.7222222222,2.6111111111,6,18,319,0,18,0,18,85,108,1
18,0,0,0,0,0,0,5,0,5,0,0,0,1
0,1.5882352941,13.1960784314,2.6666666667,13,51,673,0,51,0,51,151,663,0
0,2.3846153846,20.0769230769,2.5384615385,4,13,261,0,13,0,13,34,52,1
2,0,0,0,0,0,0,3,0,3,0,0,0,1
0,3.2105263158,24.5789473684,3.0526315789,13,19,467,0,19,0,19,82,247,1
0,1.6,19.4,2.3,2,10,194,0,10,0,10,16,20,1
0,2.8,11,2.4,3,5,55,0,5,0,5,14,15,1
2,0,0,0,0,0,0,2,0,2,0,0,0,1
0,7.6,31.6,2,1,5,158,0,5,0,5,6,5,1
0,4.2058823529,42.8676470588,7.6176470588,58,68,2915,0,68,0,68,583,3944,0
4,0,0,0,0,0,0,4,0,4,0,0,0,1
3,0,0,0,0,0,0,11,0,11,0,0,0,1
1,2.3214285714,23.75,2.9285714286,19,27,665,0,28,0,28,122,513,1
0,0,0,0,0,0,0,4,0,4,0,0,0,1
8,0,0,0,0,0,0,2,0,2,0,0,0,1
15,0,0,0,0,0,0,3,0,3,0,0,0,1
11,0,0,0,0,0,0,2,0,2,0,0,0,1
7,0,0,0,0,0,0,2,0,2,0,0,0,1
8,0,0,0,0,0,0,2,0,2,0,0,0,1
7,0,0,0,0,0,0,6,0,6,0,0,0,1
2,0,0,0,0,0,0,2,0,2,0,0,0,1
0,1,10.6666666667,2.1666666667,7,6,64,0,6,0,6,38,42,1
0,1,4,1,0,2,8,0,2,0,2,2,0,1
8,0,0,0,0,0,0,3,0,3,0,0,0,1
0,2.8235294118,19.7647058824,2.5882352941,6,17,336,0,17,0,17,63,102,1
39,0,0,0,0,0,0,2,0,2,0,0,0,1
79,1,40.3701657459,7.9723756906,112,68,7307,0,181,0,181,1202,7616,0
2,0,0,0,0,0,0,2,0,2,0,0,0,1
0,0,0,0,0,0,0,3,0,3,0,0,0,1
15,0,0,0,0,0,0,10,0,10,0,0,0,1
4,0,0,0,0,0,0,8,0,8,0,0,0,1
2,0,0,0,0,0,0,7,0,7,0,0,0,1
4,0,0,0,0,0,0,4,0,4,0,0,0,1
82,0,0,0,0,0,0,23,0,23,0,0,0,1
3,0,0,0,0,0,0,33,0,33,0,0,0,1
7,0,0,0,0,0,0,3,0,3,0,0,0,1
2,0,0,0,0,0,0,27,0,27,0,0,0,1
4,0,0,0,0,0,0,11,0,11,0,0,0,1
0,3.25,31.4583333333,4.0833333333,23,24,755,0,24,0,24,95,552,0
3,0,0,0,0,0,0,3,0,3,0,0,0,1
2,0,0,0,0,0,0,2,0,2,0,0,0,1
0,2,14.2,3.2,3,5,71,0,5,0,5,10,15,1
0,2.9642857143,45.5714285714,4.0357142857,14,28,1276,0,28,0,28,121,392,0
0,1,6,2,1,1,6,1,1,1,1,3,1,1
0,0,0,0,0,0,0,0,0,0,0,0,0,1
0,2.3666666667,28.7666666667,4.3,31,30,863,0,30,0,30,251,930,0
8,0,0,0,0,0,0,3,0,3,0,0,0,1
18,0,0,0,0,0,0,7,0,7,0,0,0,1
58,0,0,0,0,0,0,16,0,16,0,0,0,1
19,0,0,0,0,0,0,4,0,4,0,0,0,1
0,3.1777777778,35.6222222222,4.7111111111,36,45,1603,0,45,0,45,272,1620,0
6,0,0,0,0,0,0,6,0,6,0,0,0,1
1,0,0,0,0,0,0,6,0,6,0,0,0,1
2,0,0,0,0,0,0,5,0,5,0,0,0,1
5,0,0,0,0,0,0,3,0,3,0,0,0,1
3,0,0,0,0,0,0,3,0,3,0,0,0,1
4,0,0,0,0,0,0,6,0,6,0,0,0,1
0,5.2820512821,36.3076923077,2.6666666667,4,39,1416,0,39,0,39,100,156,0
0,2,10.5,1,3,2,21,0,2,0,2,5,6,1
0,2.6666666667,16.8095238095,2.5238095238,4,21,353,0,21,0,21,66,84,1
33,1,1,3.013986014,0,143,143,29,143,29,143,143,0,1
62,1,9.6759259259,3.6481481481,30,91,1045,0,108,0,108,345,2730,0
14,0,0,0,0,0,0,8,0,8,0,0,0,1
4,0,0,0,0,0,0,4,0,4,0,0,0,1
17,0,0,0,0,0,0,3,0,3,0,0,0,1
0,2.7777777778,23.1111111111,3.7777777778,9,9,208,0,9,0,9,22,81,1
0,2.8785714286,25.8142857143,3.9142857143,31,140,3614,0,140,0,140,625,4340,0
12,0,0,0,0,0,0,4,0,4,0,0,0,1
1,0,0,0,0,0,0,2,0,2,0,0,0,1
0,4.6666666667,38.3333333333,3.6666666667,2,3,115,0,3,0,3,7,6,1
0,1,4.25,1.75,1,4,17,0,4,0,4,8,4,1
0,2.9642857143,28.3928571429,4.0714285714,11,28,795,0,28,0,28,99,308,0
0,7,91,1,2,1,91,0,1,0,1,6,2,1
0,4.25,25,4.7142857143,16,28,700,0,28,0,28,95,448,0
10,0,0,0,0,0,0,8,0,8,0,0,0,1
0,0,0,0,0,0,0,2,0,2,0,0,0,1
2,0,0,0,0,0,0,5,0,5,0,0,0,1
33,0,0,0,0,0,0,2,0,2,0,0,0,1
60,0,0,0,0,0,0,2,0,2,0,0,0,1
14,0,0,0,0,0,0,2,0,2,0,0,0,1
0,4.1463414634,27.7317073171,2.2926829268,12,41,1137,0,41,0,41,95,492,0
0,1.6666666667,16.6666666667,2,1,3,50,0,3,0,3,5,3,1
0,2.7894736842,17.4736842105,1.7894736842,6,19,332,0,19,0,19,37,114,1
39,0,0,0,0,0,0,2,0,2,0,0,0,1
19,0,0,0,0,0,0,2,0,2,0,0,0,1
0,1.25,11.75,2,5,4,47,0,4,0,4,27,20,1
60,1,20.6031746032,5.9365079365,21,46,1298,0,63,0,63,302,966,0
13,0,0,0,0,0,0,5,0,5,0,0,0,1
2,0,0,0,0,0,0,5,0,5,0,0,0,1
1,0,0,0,0,0,0,5,0,5,0,0,0,1
19,0,0,0,0,0,0,11,0,11,0,0,0,1
6,0,0,0,0,0,0,6,0,6,0,0,0,1
2,0,0,0,0,0,0,22,0,22,0,0,0,1
0,2.4,19.4857142857,3.3714285714,17,35,682,0,35,0,35,171,595,0
2,0,0,0,0,0,0,3,0,3,0,0,0,1
8,0,0,0,0,0,0,6,0,6,0,0,0,1
0,0,0,0,0,0,0,4,0,4,0,0,0,1
50,1,35.6495726496,6.3760683761,51,55,4171,0,117,0,117,649,2805,0
2,0,0,0,0,0,0,9,0,9,0,0,0,1
3,0,0,0,0,0,0,10,0,10,0,0,0,1
6,0,0,0,0,0,0,12,0,12,0,0,0,1
1,0,0,0,0,0,0,11,0,11,0,0,0,1
1,0,0,0,0,0,0,9,0,9,0,0,0,1
0,2.1111111111,17,2.4444444444,4,9,153,0,9,0,9,26,36,1
23,0,0,0,0,0,0,3,0,3,0,0,0,1
0,1.8039215686,11.4705882353,2.3137254902,6,51,585,0,51,0,51,153,306,0
161,0,0,0,0,0,0,2,0,2,0,0,0,1
152,0,0,0,0,0,0,4,0,4,0,0,0,1
0,3.4,30.36,6.08,16,25,759,0,25,0,25,115,400,0
3,0,0,0,0,0,0,5,0,5,0,0,0,1
0,7.2,53.2,2.6,4,5,266,0,5,0,5,11,20,1
0,2.9285714286,14.8214285714,1.4642857143,13,28,415,0,28,0,28,55,364,1
222,0,0,0,0,0,0,6,0,6,0,0,0,1
20,0,0,0,0,0,0,6,0,6,0,0,0,1
18,0,0,0,0,0,0,5,0,5,0,0,0,1
11,0,0,0,0,0,0,6,0,6,0,0,0,1
3,0,0,0,0,0,0,3,0,3,0,0,0,1
17,0,0,0,0,0,0,7,0,7,0,0,0,1
14,0,0,0,0,0,0,7,0,7,0,0,0,1
20,0,0,0,0,0,0,3,0,3,0,0,0,1
18,0,0,0,0,0,0,3,0,3,0,0,0,1
0,2,10,1,0,2,20,0,2,0,2,2,0,1
0,2.875,22.5,3,8,16,360,0,16,0,16,63,128,1
0,1.3846153846,9,1.3076923077,6,13,117,0,13,0,13,50,78,1
11,0,0,0,0,0,0,4,0,4,0,0,0,1
2,0,0,0,0,0,0,2,0,2,0,0,0,1
2,0,0,0,0,0,0,3,0,3,0,0,0,1
1,0,0,0,0,0,0,2,0,2,0,0,0,1
0,2.6376146789,31.8577981651,7.1467889908,108,218,6945,0,218,0,218,1314,23544,0
12,0,0,0,0,0,0,4,0,4,0,0,0,1
2,0,0,0,0,0,0,3,0,3,0,0,0,1
12,0,0,0,0,0,0,23,0,23,0,0,0,1
9,0,0,0,0,0,0,5,0,5,0,0,0,1
16,0,0,0,0,0,0,15,0,15,0,0,0,1
5,0,0,0,0,0,0,16,0,16,0,0,0,1
3,0,0,0,0,0,0,3,0,3,0,0,0,1
7,0,0,0,0,0,0,9,0,9,0,0,0,1
0,0,0,0,0,0,0,8,0,8,0,0,0,1
1,0,0,0,0,0,0,6,0,6,0,0,0,1
0,0,0,0,0,0,0,6,0,6,0,0,0,1
9,0,0,0,0,0,0,39,0,39,0,0,0,1
5,0,0,0,0,0,0,12,0,12,0,0,0,1
3,0,0,0,0,0,0,2,0,2,0,0,0,1
2,0,0,0,0,0,0,1,0,1,0,0,0,1
7,0,0,0,0,0,0,31,0,31,0,0,0,1
2,0,0,0,0,0,0,18,0,18,0,0,0,1
2,0,0,0,0,0,0,8,0,8,0,0,0,1
4,0,0,0,0,0,0,5,0,5,0,0,0,1
0,1.9565217391,14.5217391304,3,8,23,334,0,23,0,23,62,184,1
0,2.2941176471,22.3529411765,3.6470588235,5,2,380,2,17,2,17,61,10,1
1,0,0,0,0,0,0,3,0,3,0,0,0,1
0,2.7692307692,25.3076923077,3.9230769231,6,3,329,5,13,5,13,43,18,1
0,6.9473684211,65.0526315789,5.4736842105,37,5,1236,0,19,0,19,192,185,0
2,0,0,0,0,0,0,2,0,2,0,0,0,1
2,5.5,126,8,19,1,252,0,2,0,2,42,19,1
0,3.3333333333,31.3333333333,6,5,3,94,0,3,0,3,27,15,1
0,4.6666666667,51.6666666667,8.6666666667,12,2,155,0,3,0,3,30,24,1
19,3.7169811321,50.5754716981,5.9339622642,92,53,5361,2,106,2,106,1116,4876,0
2,0,0,0,0,0,0,9,0,9,0,0,0,1
4,0,0,0,0,0,0,2,0,2,0,0,0,1
3,0,0,0,0,0,0,3,0,3,0,0,0,1
8,8.0555555556,96.5555555556,6.4444444444,32,5,1738,0,18,0,18,298,160,0
1,0,0,0,0,0,0,15,0,15,0,0,0,1
2,0,0,0,0,0,0,5,0,5,0,0,0,1
2,0,0,0,0,0,0,5,0,5,0,0,0,1
3,0,0,0,0,0,0,2,0,2,0,0,0,1
2,0,0,0,0,0,0,7,0,7,0,0,0,1
0,1,6.8,3.4,5,10,68,0,10,0,10,20,50,1
0,1.75,16.5,3.25,6,2,66,0,4,0,4,23,12,1
2,4,51.875,6.25,21,1,415,0,8,0,8,70,21,1
0,3.5,23,8.1666666667,7,1,276,0,12,0,12,56,7,1
3,0,0,0,0,0,0,6,0,6,0,0,0,1
0,5.04,53.2,5.4,40,1,1330,0,25,0,25,376,40,0
2,0,0,0,0,0,0,10,0,10,0,0,0,1
33,0,0,0,0,0,0,128,0,128,0,0,0,1
15,0,0,0,0,0,0,65,0,65,0,0,0,1
12,0,0,0,0,0,0,74,0,74,0,0,0,1
4,0,0,0,0,0,0,12,0,12,0,0,0,1
0,9.1428571429,107.7142857143,12,30,2,754,0,7,0,7,113,60,0
1,0,0,0,0,0,0,3,0,3,0,0,0,1
3,2.3333333333,58.6666666667,5.6666666667,12,2,176,0,3,0,3,23,24,1
0,6.75,81.25,11.25,17,3,325,0,4,0,4,51,51,1
0,5.6666666667,66.3333333333,5.8333333333,14,1,398,0,6,0,6,63,14,0
3,0,0,0,0,0,0,13,0,13,0,0,0,1
7,1,60.5333333333,6.2,21,6,908,0,15,0,15,109,126,0
3,0,0,0,0,0,0,15,0,15,0,0,0,1
0,7.4857142857,70.2857142857,5.5714285714,31,1,2460,0,35,0,35,471,31,0
1,0,0,0,0,0,0,5,0,5,0,0,0,1
1,0,0,0,0,0,0,14,0,14,0,0,0,1
1,0,0,0,0,0,0,5,0,5,0,0,0,1
1,0,0,0,0,0,0,25,0,25,0,0,0,1
1,0,0,0,0,0,0,2,0,2,0,0,0,1
1,0,0,0,0,0,0,2,0,2,0,0,0,1
8,0,0,0,0,0,0,24,0,24,0,0,0,1
0,5.0909090909,61.8636363636,7.6363636364,36,5,1361,0,22,0,22,232,180,0
6,0,0,0,0,0,0,4,0,4,0,0,0,1
2,0,0,0,0,0,0,3,0,3,0,0,0,1
1,0,0,0,0,0,0,5,0,5,0,0,0,1
25,2,37.24,5.52,33,5,931,0,25,0,25,197,165,0
4,0,0,0,0,0,0,3,0,3,0,0,0,1
2,0,0,0,0,0,0,2,0,2,0,0,0,1
0,3.9285714286,40.0357142857,4.3571428571,27,1,1121,0,28,0,28,368,27,0
1,0,0,0,0,0,0,4,0,4,0,0,0,1
0,2,28,5,6,1,28,0,1,0,1,16,6,1
0,7,60,4,13,1,120,0,2,0,2,25,13,1
5,0,0,0,0,0,0,5,0,5,0,0,0,1
0,24,151,7,9,1,151,0,1,0,1,16,9,1
0,9.6666666667,131.6666666667,13,23,2,395,0,3,0,3,59,46,1
0,2,20,5,4,1,20,0,1,0,1,6,4,1
15,1,17.5882352941,4,7,1,299,0,17,0,17,191,7,1
30,2.4807692308,31.3076923077,4.5,28,3,1628,0,52,0,52,479,84,0
2,0,0,0,0,0,0,2,0,2,0,0,0,1
2,0,0,0,0,0,0,16,0,16,0,0,0,1
1,0,0,0,0,0,0,5,0,5,0,0,0,1
1,0,0,0,0,0,0,4,0,4,0,0,0,1
1,0,0,0,0,0,0,10,0,10,0,0,0,1
3,0,0,0,0,0,0,10,0,10,0,0,0,1
2,0,0,0,0,0,0,12,0,12,0,0,0,1
11,1.2857142857,14.8571428571,3.1428571429,5,4,104,0,7,0,7,25,20,1
2,0,0,0,0,0,0,2,0,2,0,0,0,1
2,0,0,0,0,0,0,2,0,2,0,0,0,1
0,5.5384615385,58.3846153846,5.0769230769,26,2,759,0,13,0,13,145,52,0
11,0,0,0,0,0,0,31,0,31,0,0,0,1
2,0,0,0,0,0,0,8,0,8,0,0,0,1
4,0,0,0,0,0,0,5,0,5,0,0,0,1
2,0,0,0,0,0,0,5,0,5,0,0,0,1
2,0,0,0,0,0,0,2,0,2,0,0,0,1
3,3.8125,38.0625,3.0625,11,1,609,0,16,0,16,118,11,1
2,0,0,0,0,0,0,7,0,7,0,0,0,1
3,0,0,0,0,0,0,6,0,6,0,0,0,1
1,0,0,0,0,0,0,3,0,3,0,0,0,1
1,0,0,0,0,0,0,2,0,2,0,0,0,1
2,0,0,0,0,0,0,3,0,3,0,0,0,1
0,1.0588235294,20.8823529412,3.8823529412,9,1,355,0,17,0,17,210,9,1
35,1,6.9166666667,3.5,2,11,83,1,12,1,12,16,22,1
4,4,50.1052631579,5.3684210526,20,7,952,0,19,0,19,144,140,0
4,0,0,0,0,0,0,5,0,5,0,0,0,1
0,1,15,7,1,1,15,0,1,0,1,2,1,1
2,1.0625,12.3125,4.8125,6,6,197,0,16,0,16,58,36,1
2,0,0,0,0,0,0,2,0,2,0,0,0,1
4,1.2280701754,22.6140350877,7.8713450292,70,94,3867,5,171,5,171,803,6580,0
2,0,0,0,0,0,0,2,0,2,0,0,0,1
2,0,0,0,0,0,0,2,0,2,0,0,0,1
2,0,0,0,0,0,0,2,0,2,0,0,0,1
2,0,0,0,0,0,0,2,0,2,0,0,0,1
2,0,0,0,0,0,0,2,0,2,0,0,0,1
0,0,0,0,0,0,0,2,0,2,0,0,0,1
2,0,0,0,0,0,0,5,0,5,0,0,0,1
2,0,0,0,0,0,0,2,0,2,0,0,0,1
4,0,0,0,0,0,0,5,0,5,0,0,0,1
2,0,0,0,0,0,0,2,0,2,0,0,0,1
0,0,0,0,0,0,0,2,0,2,0,0,0,1
2,0,0,0,0,0,0,2,0,2,0,0,0,1
2,0,0,0,0,0,0,2,0,2,0,0,0,1
23,1.2698412698,15.5079365079,5.2063492063,24,39,977,0,63,0,63,186,936,0
2,0,0,0,0,0,0,2,0,2,0,0,0,1
0,1.1363636364,15.0454545455,6.6363636364,11,19,331,1,22,1,22,88,209,0
0,0,0,0,0,0,0,2,0,2,0,0,0,1
0,1.496,19.424,7.904,41,99,2428,0,125,0,125,514,4059,0
3,0,0,0,0,0,0,4,0,4,0,0,0,1
2,0,0,0,0,0,0,2,0,2,0,0,0,1
2,0,0,0,0,0,0,2,0,2,0,0,0,1
0,0,0,0,0,0,0,2,0,2,0,0,0,1
0,0,0,0,0,0,0,2,0,2,0,0,0,1
1,0,0,0,0,0,0,2,0,2,0,0,0,1
2,0,0,0,0,0,0,3,0,3,0,0,0,1
2,0,0,0,0,0,0,2,0,2,0,0,0,1
2,0,0,0,0,0,0,2,0,2,0,0,0,1
2,0,0,0,0,0,0,2,0,2,0,0,0,1
2,0,0,0,0,0,0,5,0,5,0,0,0,1
0,1.3829787234,17.9787234043,7.3617021277,16,36,845,0,47,0,47,212,576,0
3,0,0,0,0,0,0,5,0,5,0,0,0,1
2,0,0,0,0,0,0,2,0,2,0,0,0,1
2,2.0555555556,20.7777777778,4.0555555556,6,1,374,0,18,0,18,178,6,1
4,0,0,0,0,0,0,17,0,17,0,0,0,1
10,1.0333333333,20.3,3.4666666667,4,19,609,0,30,0,30,137,76,1
2,0,0,0,0,0,0,5,0,5,0,0,0,1
2,1,41,8.5,10,1,246,0,6,0,6,49,10,1
2,0,0,0,0,0,0,2,0,2,0,0,0,1
1,0,0,0,0,0,0,2,0,2,0,0,0,1
2,0,0,0,0,0,0,8,0,8,0,0,0,1
0,2.1739130435,30.0869565217,5.1304347826,10,2,692,0,23,0,23,163,20,0
10,1.75,57.75,3.5,5,1,231,0,4,0,4,21,5,1
2,0,0,0,0,0,0,2,0,2,0,0,0,1
21,4.1666666667,35.7916666667,3.5833333333,12,2,859,0,24,0,24,196,24,0
2,0,0,0,0,0,0,5,0,5,0,0,0,1
7,0,0,0,0,0,0,15,0,15,0,0,0,1
35,2.4642857143,28.7142857143,3.6785714286,18,11,804,0,28,0,28,236,198,0
2,0,0,0,0,0,0,3,0,3,0,0,0,1
2,0,0,0,0,0,0,9,0,9,0,0,0,1
2,0,0,0,0,0,0,9,0,9,0,0,0,1
2,0,0,0,0,0,0,12,0,12,0,0,0,1
15,1,4,1,0,1,4,0,1,0,1,1,0,1
3,1,4,1,0,1,4,0,1,0,1,1,0,1
29,1,12.9333333333,1.6,6,13,194,0,15,0,15,55,78,1
2,0,0,0,0,0,0,8,0,8,0,0,0,1
0,1,4,1,0,1,4,0,1,0,1,1,0,1
0,1,4,1,0,1,4,0,1,0,1,1,0,1
2,3.8181818182,65.5909090909,2.6363636364,19,11,1443,1,22,1,22,162,209,0
2,0,0,0,0,0,0,3,0,3,0,0,0,1
0,1,4,1,0,1,4,0,1,0,1,1,0,1
1,3.75,28.3333333333,4,4,1,340,0,12,0,12,46,4,1
1,0,0,0,0,0,0,2,0,2,0,0,0,1
2,0,0,0,0,0,0,3,0,3,0,0,0,1
4,3.3333333333,52,4,5,3,156,0,3,0,3,18,15,1
0,4.0638297872,54.5744680851,9.3404255319,34,8,2565,1,47,1,47,369,272,0
3,0,0,0,0,0,0,25,0,25,0,0,0,1
0,0,0,0,0,0,0,2,0,2,0,0,0,1
0,0,0,0,0,0,0,2,0,2,0,0,0,1
0,4.6666666667,39,4,5,1,117,0,3,0,3,19,5,1
6,2.4,75.7,4.8,11,8,757,0,10,0,10,54,88,0
5,0,0,0,0,0,0,9,0,9,0,0,0,1
6,0,0,0,0,0,0,3,0,3,0,0,0,1
5,0,0,0,0,0,0,4,0,4,0,0,0,1
5,1,244.5,4.5,5,1,489,0,2,0,2,32,5,1
0,2.5,32.5,4,4,1,65,0,2,0,2,11,4,1
4,4.5,101,3,4,1,202,0,2,0,2,25,4,1
0,2.5,29.5,4,3,1,59,0,2,0,2,10,3,1
19,4.6,46.075,4.025,26,9,1843,4,40,4,40,277,234,0
1,0,0,0,0,0,0,6,0,6,0,0,0,1
2,0,0,0,0,0,0,4,0,4,0,0,0,1
2,0,0,0,0,0,0,10,0,10,0,0,0,1
2,0,0,0,0,0,0,2,0,2,0,0,0,1
2,0,0,0,0,0,0,19,0,19,0,0,0,1
2,0,0,0,0,0,0,5,0,5,0,0,0,1
2,0,0,0,0,0,0,15,0,15,0,0,0,1
2,0,0,0,0,0,0,3,0,3,0,0,0,1
6,2.3125,24.5,4.59375,17,7,784,4,32,4,32,208,119,0
2,0,0,0,0,0,0,4,0,4,0,0,0,1
2,0,0,0,0,0,0,3,0,3,0,0,0,1
2,0,0,0,0,0,0,11,0,11,0,0,0,1
2,0,0,0,0,0,0,9,0,9,0,0,0,1
0,6.5,70.25,4.5,4,1,281,0,4,0,4,32,4,1
2,0,0,0,0,0,0,3,0,3,0,0,0,1
2,3.1666666667,30.9166666667,3.8611111111,14,16,1113,1,36,1,36,188,224,0
2,0,0,0,0,0,0,3,0,3,0,0,0,1
2,0,0,0,0,0,0,11,0,11,0,0,0,1
2,0,0,0,0,0,0,3,0,3,0,0,0,1
2,0,0,0,0,0,0,2,0,2,0,0,0,1
0,2.75,29.5,4,4,3,118,0,4,0,4,23,12,1
2,0,0,0,0,0,0,6,0,6,0,0,0,1
2,0,0,0,0,0,0,3,0,3,0,0,0,1
10,1,11,2.4,2,3,55,0,5,0,5,14,6,1
0,1,7.5714285714,2.1428571429,3,7,53,0,7,0,7,15,21,1
1,1.4247787611,11.0442477876,3.610619469,35,91,1248,5,113,5,113,437,3185,0
2,0,0,0,0,0,0,4,0,4,0,0,0,1
2,0,0,0,0,0,0,13,0,13,0,0,0,1
3,0,0,0,0,0,0,18,0,18,0,0,0,1
2,0,0,0,0,0,0,7,0,7,0,0,0,1
2,0,0,0,0,0,0,29,0,29,0,0,0,1
2,0,0,0,0,0,0,2,0,2,0,0,0,1
0,0,0,0,0,0,0,2,0,2,0,0,0,1
41,0,0,0,0,0,0,9,0,9,0,0,0,1
9,0,0,0,0,0,0,5,0,5,0,0,0,1
11,0,0,0,0,0,0,8,0,8,0,0,0,1
4,0,0,0,0,0,0,2,0,2,0,0,0,1
2,0,0,0,0,0,0,2,0,2,0,0,0,1
5,0,0,0,0,0,0,2,0,2,0,0,0,1
1,1.3333333333,6.1666666667,2,6,3,37,0,6,0,6,23,18,1
13,2,9,1,0,1,9,0,1,0,1,1,0,1
4,7.5,64.5,4,13,5,387,0,6,0,6,54,65,1
2,1,33.4,4.2,10,5,167,0,5,0,5,42,50,1
4,1,25,4.8333333333,10,5,150,0,6,0,6,41,50,1
13,1,7.6666666667,1.9166666667,7,3,92,0,12,0,12,32,21,1
2,2.4210526316,21.8421052632,2.1052631579,10,4,415,4,19,4,19,120,40,1
1,0,0,0,0,0,0,2,0,2,0,0,0,1
1,0,0,0,0,0,0,11,0,11,0,0,0,1
3,0,0,0,0,0,0,3,0,3,0,0,0,1
4,0,0,0,0,0,0,3,0,3,0,0,0,1
3,1,26,4.25,8,3,104,0,4,0,4,24,24,1
3,4.3333333333,43.8333333333,5,13,3,263,0,6,0,6,47,39,1
2,1,30,4.3333333333,5,3,90,0,3,0,3,16,15,1
3,2,26.75,4.25,10,4,107,0,4,0,4,31,40,1
5,1.6666666667,30.8333333333,5,13,5,185,0,6,0,6,47,65,1
4,1.6,29.4,4.4,9,4,147,0,5,0,5,36,36,1
4,2.25,39.75,4.25,10,4,159,0,4,0,4,30,40,1
3,1.9,46.5,4.7,7,5,465,0,10,0,10,55,35,1
4,1,32.25,3.875,10,3,258,0,8,0,8,58,30,1
2,1.6666666667,35,4.3333333333,5,3,105,0,3,0,3,14,15,1
3,3.1086956522,31.9130434783,4.5217391304,36,12,1468,0,46,0,46,408,432,0
5,0,0,0,0,0,0,7,0,7,0,0,0,1
3,2.0769230769,20.6346153846,3.4423076923,16,5,1073,0,52,0,52,340,80,0
9,1,8,2,6,13,104,0,13,0,13,57,78,1
2,3.1851851852,38.2962962963,3.4074074074,31,10,1034,2,27,2,27,199,310,0
0,1.2352941176,15.1764705882,3.7647058824,15,7,258,2,17,2,17,95,105,1
1,0,0,0,0,0,0,3,0,3,0,0,0,1
21,0,0,0,0,0,0,16,0,16,0,0,0,1
3,0,0,0,0,0,0,1,0,1,0,0,0,1
5,0,0,0,0,0,0,6,0,6,0,0,0,1
9,0,0,0,0,0,0,18,0,18,0,0,0,1
2,0,0,0,0,0,0,5,0,5,0,0,0,1
9,0,0,0,0,0,0,22,0,22,0,0,0,1
0,0,0,0,0,0,0,2,0,2,0,0,0,1
0,0,0,0,0,0,0,1,0,1,0,0,0,1
0,0,0,0,0,0,0,1,0,1,0,0,0,1
3,0,0,0,0,0,0,4,0,4,0,0,0,1
6,0,0,0,0,0,0,8,0,8,0,0,0,1
0,0,0,0,0,0,0,2,0,2,0,0,0,1
1,0,0,0,0,0,0,4,0,4,0,0,0,1
2,0,0,0,0,0,0,6,0,6,0,0,0,1
1,0,0,0,0,0,0,2,0,2,0,0,0,1
5,0,0,0,0,0,0,35,0,35,0,0,0,1
11,1.9,13,2,4,6,130,1,10,1,10,44,24,1
2,0,0,0,0,0,0,5,0,5,0,0,0,1
6,2.2777777778,16.5,2.0555555556,6,10,297,1,18,1,18,84,60,1
10,1,29,2.3333333333,1,3,87,0,3,0,3,8,3,1
2,1,37.3333333333,2.6666666667,1,3,112,0,3,0,3,6,3,1
1,2.8125,27.375,3.75,24,2,438,0,16,0,16,137,48,1
1,0,0,0,0,0,0,8,0,8,0,0,0,1
1,0,0,0,0,0,0,3,0,3,0,0,0,1
1,0,0,0,0,0,0,2,0,2,0,0,0,1
1,0,0,0,0,0,0,3,0,3,0,0,0,1
24,3,35.9210526316,4.2105263158,11,9,1365,1,38,1,38,228,99,0
2,0,0,0,0,0,0,7,0,7,0,0,0,1
18,1,10.5,1.5,1,2,21,0,2,0,2,6,2,1
2,3.4230769231,31.1923076923,4.4230769231,26,1,811,0,26,0,26,203,26,0
1,0,0,0,0,0,0,3,0,3,0,0,0,1
1,0,0,0,0,0,0,4,0,4,0,0,0,1
1,0,0,0,0,0,0,4,0,4,0,0,0,1
0,4.7058823529,45.0588235294,3.2941176471,17,12,766,1,17,1,17,133,204,1
1,0,0,0,0,0,0,5,0,5,0,0,0,1
1,1.6666666667,23.6666666667,6.6666666667,5,3,71,0,3,0,3,16,15,1
1,3.5714285714,42.8571428571,4.3928571429,27,2,1200,0,28,0,28,341,54,0
1,0,0,0,0,0,0,6,0,6,0,0,0,1
2,0,0,0,0,0,0,24,0,24,0,0,0,1
1,0,0,0,0,0,0,3,0,3,0,0,0,1
2,0,0,0,0,0,0,19,0,19,0,0,0,1
1,0,0,0,0,0,0,3,0,3,0,0,0,1
2,0,0,0,0,0,0,6,0,6,0,0,0,1
1,0,0,0,0,0,0,4,0,4,0,0,0,1
3,1.8837209302,18.0697674419,3.6279069767,31,4,777,1,43,1,43,301,124,0
1,0,0,0,0,0,0,2,0,2,0,0,0,1
1,0,0,0,0,0,0,4,0,4,0,0,0,1
1,0,0,0,0,0,0,2,0,2,0,0,0,1
1,0,0,0,0,0,0,4,0,4,0,0,0,1
1,0,0,0,0,0,0,3,0,3,0,0,0,1
1,0,0,0,0,0,0,2,0,2,0,0,0,1
1,0,0,0,0,0,0,2,0,2,0,0,0,1
1,0,0,0,0,0,0,3,0,3,0,0,0,1
1,0,0,0,0,0,0,2,0,2,0,0,0,1
1,0,0,0,0,0,0,2,0,2,0,0,0,1
9,2.7142857143,27,4.7142857143,7,1,189,0,7,0,7,36,7,1
23,0,0,0,0,0,0,3,0,3,0,0,0,1
2,2.9469026549,37.1150442478,3.6371681416,81,4,4194,2,113,2,113,1201,324,0
1,0,0,0,0,0,0,3,0,3,0,0,0,1
1,0,0,0,0,0,0,4,0,4,0,0,0,1
1,0,0,0,0,0,0,2,0,2,0,0,0,1
1,0,0,0,0,0,0,2,0,2,0,0,0,1
2,0,0,0,0,0,0,5,0,5,0,0,0,1
1,0,0,0,0,0,0,3,0,3,0,0,0,1
2,0,0,0,0,0,0,4,0,4,0,0,0,1
1,0,0,0,0,0,0,3,0,3,0,0,0,1
1,0,0,0,0,0,0,2,0,2,0,0,0,1
1,0,0,0,0,0,0,4,0,4,0,0,0,1
1,0,0,0,0,0,0,3,0,3,0,0,0,1
1,0,0,0,0,0,0,4,0,4,0,0,0,1
1,0,0,0,0,0,0,6,0,6,0,0,0,1
1,0,0,0,0,0,0,2,0,2,0,0,0,1
1,0,0,0,0,0,0,2,0,2,0,0,0,1
1,0,0,0,0,0,0,3,0,3,0,0,0,1
0,0,0,0,0,0,0,3,0,3,0,0,0,1
1,0,0,0,0,0,0,4,0,4,0,0,0,1
1,0,0,0,0,0,0,2,0,2,0,0,0,1
1,0,0,0,0,0,0,3,0,3,0,0,0,1
1,0,0,0,0,0,0,2,0,2,0,0,0,1
1,0,0,0,0,0,0,4,0,4,0,0,0,1
1,0,0,0,0,0,0,2,0,2,0,0,0,1
1,0,0,0,0,0,0,2,0,2,0,0,0,1
1,0,0,0,0,0,0,2,0,2,0,0,0,1
1,0,0,0,0,0,0,2,0,2,0,0,0,1
1,0,0,0,0,0,0,5,0,5,0,0,0,1
1,0,0,0,0,0,0,5,0,5,0,0,0,1
1,0,0,0,0,0,0,2,0,2,0,0,0,1
1,0,0,0,0,0,0,3,0,3,0,0,0,1
1,0,0,0,0,0,0,4,0,4,0,0,0,1
1,0,0,0,0,0,0,5,0,5,0,0,0,1
2,0,0,0,0,0,0,12,0,12,0,0,0,1
2,0,0,0,0,0,0,7,0,7,0,0,0,1
1,0,0,0,0,0,0,2,0,2,0,0,0,1
1,0,0,0,0,0,0,6,0,6,0,0,0,1
3,0,0,0,0,0,0,4,0,4,0,0,0,1
1,0,0,0,0,0,0,5,0,5,0,0,0,1
1,0,0,0,0,0,0,3,0,3,0,0,0,1
1,0,0,0,0,0,0,2,0,2,0,0,0,1
1,0,0,0,0,0,0,4,0,4,0,0,0,1
1,0,0,0,0,0,0,6,0,6,0,0,0,1
1,0,0,0,0,0,0,5,0,5,0,0,0,1
3,3.5348837209,38.5581395349,4.2325581395,42,5,3316,2,86,2,86,771,210,0
1,0,0,0,0,0,0,2,0,2,0,0,0,1
1,0,0,0,0,0,0,1,0,1,0,0,0,1
1,0,0,0,0,0,0,5,0,5,0,0,0,1
1,0,0,0,0,0,0,4,0,4,0,0,0,1
1,0,0,0,0,0,0,5,0,5,0,0,0,1
1,0,0,0,0,0,0,3,0,3,0,0,0,1
1,0,0,0,0,0,0,6,0,6,0,0,0,1
10,2.8214285714,49.3214285714,2.3928571429,18,2,1381,0,28,0,28,315,36,0
1,1,14.5,2.25,8,2,58,0,4,0,4,29,16,1
1,0,0,0,0,0,0,2,0,2,0,0,0,1
1,0,0,0,0,0,0,2,0,2,0,0,0,1
0,2.2,47.8,3.8,16,2,478,0,10,0,10,89,32,1
1,0,0,0,0,0,0,2,0,2,0,0,0,1
6,3.0722891566,39.2610441767,3.8835341365,68,7,9776,1,249,1,249,2408,476,0
1,0,0,0,0,0,0,2,0,2,0,0,0,1
1,0,0,0,0,0,0,3,0,3,0,0,0,1
2,0,0,0,0,0,0,8,0,8,0,0,0,1
1,0,0,0,0,0,0,2,0,2,0,0,0,1
1,0,0,0,0,0,0,12,0,12,0,0,0,1
1,0,0,0,0,0,0,8,0,8,0,0,0,1
1,0,0,0,0,0,0,2,0,2,0,0,0,1
1,0,0,0,0,0,0,2,0,2,0,0,0,1
1,0,0,0,0,0,0,3,0,3,0,0,0,1
1,0,0,0,0,0,0,4,0,4,0,0,0,1
1,0,0,0,0,0,0,6,0,6,0,0,0,1
1,0,0,0,0,0,0,3,0,3,0,0,0,1
1,0,0,0,0,0,0,5,0,5,0,0,0,1
1,0,0,0,0,0,0,5,0,5,0,0,0,1
2,0,0,0,0,0,0,5,0,5,0,0,0,1
2,1.8333333333,25.5,3.5,13,3,306,0,12,0,12,97,39,1
0,1.9090909091,31.0909090909,3.8636363636,16,22,684,0,22,0,22,128,352,0
3,0,0,0,0,0,0,2,0,2,0,0,0,1
3,0,0,0,0,0,0,2,0,2,0,0,0,1
15,1,26.5,2.5,6,6,159,0,6,0,6,14,36,1
0,1,16.3333333333,4.5,5,1,98,0,6,0,6,48,5,1
1,0,0,0,0,0,0,3,0,3,0,0,0,1
0,1,6,3,1,3,18,0,3,0,3,6,3,1
1,2.0724637681,28.7246376812,5.5942028986,42,55,1982,4,69,4,69,405,2310,0
2,0,0,0,0,0,0,4,0,4,0,0,0,1
3,0,0,0,0,0,0,3,0,3,0,0,0,1
6,0,0,0,0,0,0,39,0,39,0,0,0,1
26,0,0,0,0,0,0,5,0,5,0,0,0,1
0,1.1111111111,14.2222222222,5.4444444444,10,23,384,2,27,2,27,78,230,0
1,0,0,0,0,0,0,2,0,2,0,0,0,1
2,1,49,5,4,1,49,0,1,0,1,9,4,1
1,0,0,0,0,0,0,8,0,8,0,0,0,1
0,2.2037037037,26.1296296296,5.5,37,33,1411,2,54,2,54,412,1221,0
1,0,0,0,0,0,0,2,0,2,0,0,0,1
3,0,0,0,0,0,0,6,0,6,0,0,0,1
1,0,0,0,0,0,0,3,0,3,0,0,0,1
0,4,49,5,4,1,49,0,1,0,1,9,4,1
0,3.2,49.4,5.8,13,1,247,1,5,1,5,57,13,1
2,0,0,0,0,0,0,11,0,11,0,0,0,1
0,4.8461538462,49.6923076923,4.3846153846,28,1,646,1,13,1,13,155,28,0
2,0,0,0,0,0,0,3,0,3,0,0,0,1
2,0,0,0,0,0,0,3,0,3,0,0,0,1
4,0,0,0,0,0,0,14,0,14,0,0,0,1
4,0,0,0,0,0,0,26,0,26,0,0,0,1
1,0,0,0,0,0,0,5,0,5,0,0,0,1
2,1.8333333333,16.6666666667,3.8333333333,2,4,100,0,6,0,6,18,8,1
1,0,0,0,0,0,0,2,0,2,0,0,0,1
1,0,0,0,0,0,0,2,0,2,0,0,0,1
0,3.8780487805,49.6097560976,4,38,1,2034,0,41,0,41,540,38,0
2,0,0,0,0,0,0,15,0,15,0,0,0,1
2,0,0,0,0,0,0,9,0,9,0,0,0,1
1,0,0,0,0,0,0,5,0,5,0,0,0,1
1,0,0,0,0,0,0,14,0,14,0,0,0,1
1,0,0,0,0,0,0,17,0,17,0,0,0,1
1,0,0,0,0,0,0,7,0,7,0,0,0,1
1,0,0,0,0,0,0,2,0,2,0,0,0,1
1,0,0,0,0,0,0,2,0,2,0,0,0,1
0,9.8,92,6.7,27,1,920,0,10,0,10,120,27,0
3,0,0,0,0,0,0,5,0,5,0,0,0,1
0,2.0540540541,28,5.1351351351,26,2,1036,0,37,0,37,356,52,0
2,0,0,0,0,0,0,8,0,8,0,0,0,1
0,1.3333333333,34.3333333333,5.3333333333,8,1,103,1,3,1,3,25,8,1
2,0,0,0,0,0,0,4,0,4,0,0,0,1
0,1,26.3333333333,4.6666666667,7,1,79,1,3,1,3,21,7,1
2,0,0,0,0,0,0,2,0,2,0,0,0,1
0,1.6666666667,38.6666666667,5.3333333333,8,1,116,1,3,1,3,28,8,1
2,0,0,0,0,0,0,5,0,5,0,0,0,1
0,1.3333333333,41.6666666667,6,10,1,125,1,3,1,3,35,10,1
2,0,0,0,0,0,0,6,0,6,0,0,0,1
0,5.3333333333,53.6666666667,5,12,1,161,1,3,1,3,33,12,1
2,0,0,0,0,0,0,4,0,4,0,0,0,1
0,4.4,50.2,4.2,18,1,251,0,5,0,5,84,18,1
2,0,0,0,0,0,0,11,0,11,0,0,0,1
0,3.6363636364,43.0909090909,4.1818181818,15,2,474,1,11,1,11,113,30,1
2,0,0,0,0,0,0,9,0,9,0,0,0,1
2,0,0,0,0,0,0,2,0,2,0,0,0,1
0,7.6666666667,73.3333333333,5.8333333333,14,1,440,1,6,1,6,83,14,0
2,0,0,0,0,0,0,18,0,18,0,0,0,1
13,1.08,12.16,3.84,5,16,304,0,25,0,25,70,80,1
0,16.6666666667,131.3333333333,2.3333333333,15,1,394,0,3,0,3,58,15,1
0,10.6,107.8,5.6,20,2,539,0,5,0,5,69,40,1
2,0,0,0,0,0,0,4,0,4,0,0,0,1
2,0,0,0,0,0,0,7,0,7,0,0,0,1
2,0,0,0,0,0,0,3,0,3,0,0,0,1
0,10.1428571429,96.5238095238,7.619047619,25,2,2027,0,21,0,21,200,50,0
1,0,0,0,0,0,0,7,0,7,0,0,0,1
1,0,0,0,0,0,0,3,0,3,0,0,0,1
1,0,0,0,0,0,0,2,0,2,0,0,0,1
1,0,0,0,0,0,0,2,0,2,0,0,0,1
7,0,0,0,0,0,0,6,0,6,0,0,0,1
0,4.4,54.4,5.4,11,2,272,1,5,1,5,55,22,1
2,0,0,0,0,0,0,8,0,8,0,0,0,1
3,4.4166666667,93.6666666667,11.75,22,2,1124,0,12,0,12,140,44,1
4,0,0,0,0,0,0,10,0,10,0,0,0,1
1,4.3333333333,95.3333333333,6.6666666667,7,1,286,0,3,0,3,19,7,1
0,6.3643410853,74.4263565891,6.3100775194,60,5,9601,1,129,1,129,1474,300,0
2,0,0,0,0,0,0,3,0,3,0,0,0,1
1,0,0,0,0,0,0,28,0,28,0,0,0,1
1,0,0,0,0,0,0,4,0,4,0,0,0,1
1,0,0,0,0,0,0,8,0,8,0,0,0,1
1,0,0,0,0,0,0,5,0,5,0,0,0,1
0,0,0,0,0,0,0,6,0,6,0,0,0,1
1,0,0,0,0,0,0,6,0,6,0,0,0,1
0,0,0,0,0,0,0,5,0,5,0,0,0,1
1,0,0,0,0,0,0,3,0,3,0,0,0,1
2,0,0,0,0,0,0,9,0,9,0,0,0,1
0,0,0,0,0,0,0,8,0,8,0,0,0,1
0,3.6666666667,52.6666666667,5.6666666667,9,1,158,1,3,1,3,33,9,1
2,0,0,0,0,0,0,6,0,6,0,0,0,1
36,2.6315789474,40.1228070175,3.8421052632,14,15,2287,0,57,0,57,283,210,0
6,0,0,0,0,0,0,6,0,6,0,0,0,1
0,23,182,3,10,1,182,0,1,0,1,23,10,1
0,6.8,77.88,6.36,33,15,1947,0,25,0,25,236,495,0
2,0,0,0,0,0,0,9,0,9,0,0,0,1
0,5.2222222222,49.8888888889,3.8888888889,13,1,449,4,9,4,9,96,13,1
2,0,0,0,0,0,0,9,0,9,0,0,0,1
13,2.2258064516,32.4193548387,5.2903225806,16,4,1005,1,31,1,31,140,64,0
2,0,0,0,0,0,0,13,0,13,0,0,0,1
20,2.1022727273,42.3295454545,4.8409090909,62,59,3725,6,88,6,88,739,3658,0
7,0,0,0,0,0,0,8,0,8,0,0,0,1
19,0,0,0,0,0,0,49,0,49,0,0,0,1
8,0,0,0,0,0,0,1,0,1,0,0,0,1
3,0,0,0,0,0,0,2,0,2,0,0,0,1
5,0,0,0,0,0,0,2,0,2,0,0,0,1
6,0,0,0,0,0,0,21,0,21,0,0,0,1
6,0,0,0,0,0,0,5,0,5,0,0,0,1
6,0,0,0,0,0,0,19,0,19,0,0,0,1
2,0,0,0,0,0,0,7,0,7,0,0,0,1
2,0,0,0,0,0,0,7,0,7,0,0,0,1
0,8.5714285714,105.2857142857,4.8571428571,21,1,737,0,7,0,7,182,21,0
1,0,0,0,0,0,0,4,0,4,0,0,0,1
1,0,0,0,0,0,0,6,0,6,0,0,0,1
2,0,0,0,0,0,0,22,0,22,0,0,0,1
0,2.3333333333,21.9523809524,3.9523809524,21,1,461,0,21,0,21,137,21,1
3,0,0,0,0,0,0,24,0,24,0,0,0,1
0,16.5,166.625,9.125,20,1,1333,0,8,0,8,183,20,0
2,0,0,0,0,0,0,3,0,3,0,0,0,1
3,0,0,0,0,0,0,13,0,13,0,0,0,1
0,2.4,22.6,4,4,5,113,1,5,1,5,25,20,1
3,0,0,0,0,0,0,4,0,4,0,0,0,1
2,4.5652173913,45.4782608696,3.9130434783,27,11,1046,1,23,1,23,198,297,0
1,0,0,0,0,0,0,3,0,3,0,0,0,1
1,0,0,0,0,0,0,5,0,5,0,0,0,1
0,6.8717948718,74.3846153846,4.3076923077,40,5,2901,1,39,1,39,670,200,0
1,0,0,0,0,0,0,19,0,19,0,0,0,1
2,0,0,0,0,0,0,28,0,28,0,0,0,1
2,0,0,0,0,0,0,14,0,14,0,0,0,1
1,0,0,0,0,0,0,32,0,32,0,0,0,1
0,5.6896551724,45.5517241379,3.5862068966,30,1,1321,0,29,0,29,334,30,0
2,0,0,0,0,0,0,15,0,15,0,0,0,1
1,0,0,0,0,0,0,13,0,13,0,0,0,1
3,0,0,0,0,0,0,9,0,9,0,0,0,1
0,10.4,117.2,9.4,28,3,586,0,5,0,5,90,84,0
18,3.0166666667,37.0166666667,3.4833333333,32,4,2221,1,60,1,60,462,128,0
2,0,0,0,0,0,0,2,0,2,0,0,0,1
2,0,0,0,0,0,0,5,0,5,0,0,0,1
0,3.3225806452,26.935483871,3.1612903226,27,28,835,4,31,4,31,172,756,0
9,0,0,0,0,0,0,9,0,9,0,0,0,1
14,2.6,52.1,3.9,13,9,521,0,10,0,10,41,117,0
49,1,27.1,3.3,23,14,542,0,20,0,20,173,322,0
3,1,19,3,4,1,38,0,2,0,2,8,4,1
0,5.5,48.25,4.75,9,2,193,0,4,0,4,33,18,1
21,1.8181818182,32.6363636364,3.5,16,14,718,0,22,0,22,95,224,0
2,0,0,0,0,0,0,2,0,2,0,0,0,1
9,1.95,17.6,3.5,20,17,352,0,20,0,20,101,340,0
2,0,0,0,0,0,0,2,0,2,0,0,0,1
0,2.3333333333,14.3333333333,3.3333333333,6,3,43,0,3,0,3,13,18,1
0,6,55,3,3,1,55,0,1,0,1,6,3,1
0,3.619047619,30.8095238095,2.619047619,12,13,647,0,21,0,21,124,156,0
2,0,0,0,0,0,0,9,0,9,0,0,0,1
2,0,0,0,0,0,0,8,0,8,0,0,0,1
39,1.8214285714,16.6428571429,3.1071428571,7,11,466,0,28,0,28,90,77,1
2,0,0,0,0,0,0,7,0,7,0,0,0,1
1,0,0,0,0,0,0,5,0,5,0,0,0,1
0,0,0,0,0,0,0,5,0,5,0,0,0,1
1,2.1111111111,18.3333333333,2.5555555556,6,1,165,0,9,0,9,31,6,1
90,1.4468085106,18.8723404255,3.8510638298,18,7,887,3,47,3,47,358,126,0
2,0,0,0,0,0,0,5,0,5,0,0,0,1
0,0,0,0,0,0,0,4,0,4,0,0,0,1
2,0,0,0,0,0,0,9,0,9,0,0,0,1
1,0,0,0,0,0,0,5,0,5,0,0,0,1
0,0,0,0,0,0,0,2,0,2,0,0,0,1
0,4.6666666667,26,2.6666666667,7,2,78,0,3,0,3,23,14,1
9,2.0495049505,15.6633663366,3.0693069307,14,11,1582,1,101,1,101,497,154,0
2,0,0,0,0,0,0,3,0,3,0,0,0,1
7,1,14.7222222222,2.8333333333,13,11,265,0,18,0,18,78,143,1
5,0,0,0,0,0,0,20,0,20,0,0,0,1
4,0,0,0,0,0,0,13,0,13,0,0,0,1
0,1.5625,9.8125,2.5,6,6,157,0,16,0,16,64,36,1
2,0,0,0,0,0,0,4,0,4,0,0,0,1
0,0,0,0,0,0,0,2,0,2,0,0,0,1
0,0,0,0,0,0,0,3,0,3,0,0,0,1
15,1.5,16.75,2.5,5,1,67,9,4,9,4,21,5,1
0,5.2,61.2,6,28,1,1224,0,20,0,20,274,28,0
0,3.7894736842,36.0526315789,5.7894736842,22,16,685,0,19,0,19,143,352,0
3,0,0,0,0,0,0,5,0,5,0,0,0,1
3,0,0,0,0,0,0,4,0,4,0,0,0,1
5,2.6875,40.75,4.5,14,1,652,0,16,0,16,137,14,1
0,4.5217391304,39.8260869565,3.9565217391,18,2,916,0,23,0,23,305,36,1
6,0,0,0,0,0,0,25,0,25,0,0,0,1
2,0,0,0,0,0,0,11,0,11,0,0,0,1
0,8,74,4.5,9,1,592,0,8,0,8,68,9,1
0,1.8125,19.1875,4.375,11,2,307,0,16,0,16,133,22,1
0,4.4516129032,38.4838709677,5.064516129,22,4,1193,0,31,0,31,210,88,0
1,0,0,0,0,0,0,7,0,7,0,0,0,1
3,0,0,0,0,0,0,18,0,18,0,0,0,1
2,0,0,0,0,0,0,28,0,28,0,0,0,1
1,0,0,0,0,0,0,4,0,4,0,0,0,1
2,3.9166666667,41.5,5.5,12,12,498,0,12,0,12,78,144,0
12,0,0,0,0,0,0,11,0,11,0,0,0,1
2,6.2105263158,74.4210526316,6.5263157895,21,6,1414,0,19,0,19,141,126,0
2,0,0,0,0,0,0,4,0,4,0,0,0,1
2,0,0,0,0,0,0,5,0,5,0,0,0,1
2,1,53,3,1,1,53,0,1,0,1,2,1,1
9,1,53,4,1,1,53,0,1,0,1,2,1,1
19,1,52.3333333333,3.1111111111,9,8,471,0,9,0,9,60,72,1
2,0,0,0,0,0,0,1,0,1,0,0,0,1
2,0,0,0,0,0,0,4,0,4,0,0,0,1
2,0,0,0,0,0,0,7,0,7,0,0,0,1
21,2.1052631579,18.8947368421,2.6842105263,8,2,359,2,19,2,19,124,16,1
4,0,0,0,0,0,0,6,0,6,0,0,0,1
3,2,23.6315789474,4.2105263158,9,5,449,1,19,1,19,147,45,1
2,0,0,0,0,0,0,14,0,14,0,0,0,1
2,0,0,0,0,0,0,4,0,4,0,0,0,1
1,0,0,0,0,0,0,5,0,5,0,0,0,1
1,0,0,0,0,0,0,2,0,2,0,0,0,1
5,2.6511627907,34.8372093023,3.9534883721,13,10,1498,2,43,2,43,272,130,0
1,0,0,0,0,0,0,6,0,6,0,0,0,1
1,0,0,0,0,0,0,2,0,2,0,0,0,1
1,0,0,0,0,0,0,17,0,17,0,0,0,1
2,0,0,0,0,0,0,10,0,10,0,0,0,1
2,1,24.3333333333,4.6666666667,3,2,73,0,3,0,3,9,6,1
0,0,0,0,0,0,0,1,0,1,0,0,0,1
5,1.2,20.3,4.1,5,6,203,0,10,0,10,66,30,1
2,0,0,0,0,0,0,7,0,7,0,0,0,1
4,0,0,0,0,0,0,8,0,8,0,0,0,1
9,1,31,1,3,1,93,1,3,1,3,10,3,1
68,1.0454545455,18,2.5454545455,5,8,396,0,22,0,22,81,40,1
2,0,0,0,0,0,0,2,0,2,0,0,0,1
59,1.56,46.2,3.8,31,9,1155,2,25,2,25,169,279,0
0,15,151,5,12,1,302,0,2,0,2,32,12,1
67,2,24.1891891892,3.9189189189,11,3,895,0,37,0,37,186,33,0
2,0,0,0,0,0,0,3,0,3,0,0,0,1
2,0,0,0,0,0,0,5,0,5,0,0,0,1
3,0,0,0,0,0,0,3,0,3,0,0,0,1
5,1.3333333333,35.3333333333,5,9,1,106,0,3,0,3,24,9,1
15,2.4666666667,72.7333333333,2.7333333333,11,3,1091,0,15,0,15,107,33,1
2,0,0,0,0,0,0,10,0,10,0,0,0,1
0,5,47,3.6666666667,7,3,141,0,3,0,3,22,21,1
8,0,0,0,0,0,0,7,0,7,0,0,0,1
1,8.8333333333,83.6666666667,5.8333333333,3,6,502,0,6,0,6,23,18,1
0,0,0,0,0,0,0,1,0,1,0,0,0,1
2,1,6,2,1,1,6,3,1,3,1,4,1,1
2,7.5,62,3.75,5,1,248,3,4,3,4,21,5,1
1,0,0,0,0,0,0,4,0,4,0,0,0,1
1,0,0,0,0,0,0,3,0,3,0,0,0,1
0,0,0,0,0,0,0,2,0,2,0,0,0,1
0,2.8,18.2,2.2,2,1,91,3,5,3,5,19,2,1
252,2.7142857143,36.1587301587,2.4761904762,4,2,2278,1,63,1,63,183,8,0
6,1,12,1,1,1,12,4,1,4,1,5,1,1
3,1,35.5,2.5,0,1,71,0,2,0,2,3,0,1
424,1.4444444444,21.8148148148,2.4814814815,4,4,589,2,27,2,27,108,16,1
2,0,0,0,0,0,0,2,0,2,0,0,0,1
48,2.75,29.25,3.4375,12,8,468,0,16,0,16,55,96,0
144,1.9107142857,35.2589285714,3.8571428571,18,5,3949,2,112,2,112,573,90,0
3,0,0,0,0,0,0,2,0,2,0,0,0,1
97,1,22.6666666667,2.3333333333,2,4,136,1,6,1,6,13,8,1
3,1,47.5,3.5,4,2,95,0,2,0,2,6,8,1
0,0,0,0,0,0,0,1,0,1,0,0,0,1
3,1.25,6.75,1.75,0,3,54,1,8,1,8,14,0,1
12,1,17.3333333333,2,1,3,52,0,3,0,3,6,3,1
4,1.1578947368,19.6315789474,2.1578947368,9,5,373,2,19,2,19,89,45,1
2,0,0,0,0,0,0,2,0,2,0,0,0,1
4,0,0,0,0,0,0,3,0,3,0,0,0,1
2,0,0,0,0,0,0,2,0,2,0,0,0,1
2,0,0,0,0,0,0,2,0,2,0,0,0,1
2,0,0,0,0,0,0,4,0,4,0,0,0,1
2,1,91,1,2,1,91,0,1,0,1,6,2,1
56,2.375,33.15625,3.8125,19,11,1061,0,32,0,32,140,209,0
171,1.6904761905,23.9761904762,2.119047619,8,12,1007,3,42,3,42,113,96,0
18,1,14.5,1.75,0,1,58,0,4,0,4,8,0,1
7,2.6153846154,32.5384615385,4.5384615385,14,1,423,0,13,0,13,63,14,1
71,1.1818181818,16.5454545455,1.8636363636,5,12,364,4,22,4,22,55,60,1
2,1,88,2,1,3,264,0,3,0,3,12,3,1
1,2.3,18,2.5,6,1,180,1,10,1,10,72,6,1
2,1,9.25,1.75,1,3,37,1,4,1,4,8,3,1
11,1.75,50.0833333333,6.3333333333,12,5,601,2,12,2,12,61,60,0
2,0,0,0,0,0,0,3,0,3,0,0,0,1
2,0,0,0,0,0,0,3,0,3,0,0,0,1
1,0,0,0,0,0,0,1,0,1,0,0,0,1
32,2.2413793103,23.3448275862,2.4137931034,8,5,677,1,29,1,29,158,40,1
39,1.6,17.7,2.7,4,9,177,0,10,0,10,28,36,1
10,1.6875,28.25,3.125,8,3,452,0,16,0,16,111,24,1
2,0,0,0,0,0,0,3,0,3,0,0,0,1
2,0,0,0,0,0,0,11,0,11,0,0,0,1
2,0,0,0,0,0,0,6,0,6,0,0,0,1
2,0,0,0,0,0,0,2,0,2,0,0,0,1
16,1.5,15.9677419355,2.6451612903,12,22,990,1,62,1,62,223,264,0
2,0,0,0,0,0,0,5,0,5,0,0,0,1
2,0,0,0,0,0,0,3,0,3,0,0,0,1
2,0,0,0,0,0,0,1,0,1,0,0,0,1
2,0,0,0,0,0,0,1,0,1,0,0,0,1
2,0,0,0,0,0,0,3,0,3,0,0,0,1
6,1.4,21.8,5,5,5,109,2,5,2,5,27,25,1
2,0,0,0,0,0,0,3,0,3,0,0,0,1
1,0,0,0,0,0,0,3,0,3,0,0,0,1
10,1.1,37.3,6.5,11,6,373,2,10,2,10,52,66,0
2,0,0,0,0,0,0,3,0,3,0,0,0,1
2,0,0,0,0,0,0,3,0,3,0,0,0,1
1,0,0,0,0,0,0,3,0,3,0,0,0,1
6,2.2,31.4,4.8,8,5,157,2,5,2,5,27,40,1
2,0,0,0,0,0,0,2,0,2,0,0,0,1
134,1.4432989691,14,2.5773195876,21,3,1358,0,97,0,97,468,63,0
3,0,0,0,0,0,0,8,0,8,0,0,0,1
2,0,0,0,0,0,0,2,0,2,0,0,0,1
2,0,0,0,0,0,0,2,0,2,0,0,0,1
0,0,0,0,0,0,0,1,0,1,0,0,0,1
2,0,0,0,0,0,0,9,0,9,0,0,0,1
2,0,0,0,0,0,0,7,0,7,0,0,0,1
2,0,0,0,0,0,0,6,0,6,0,0,0,1
2,0,0,0,0,0,0,2,0,2,0,0,0,1
0,0,0,0,0,0,0,1,0,1,0,0,0,1
2,0,0,0,0,0,0,2,0,2,0,0,0,1
1,0,0,0,0,0,0,1,0,1,0,0,0,1
2,0,0,0,0,0,0,4,0,4,0,0,0,1
229,1.1549295775,14,2.4507042254,6,26,994,2,71,2,71,221,156,0
37,3.5555555556,43.5833333333,4.5277777778,17,6,1569,0,36,0,36,248,102,0
1,0,0,0,0,0,0,14,0,14,0,0,0,1
2,0,0,0,0,0,0,8,0,8,0,0,0,1
1,0,0,0,0,0,0,2,0,2,0,0,0,1
3,0,0,0,0,0,0,5,0,5,0,0,0,1
2,1,16,1,3,4,64,0,4,0,4,13,12,1
1,1,146.5,4,2,2,293,0,2,0,2,11,4,1
4,1.1666666667,19.4166666667,2.1666666667,2,9,233,0,12,0,12,22,18,1
2,0,0,0,0,0,0,3,0,3,0,0,0,1
0,0,0,0,0,0,0,4,0,4,0,0,0,1
5,1.4761904762,25.9285714286,3.2142857143,19,15,1089,0,42,0,42,253,285,0
2,0,0,0,0,0,0,6,0,6,0,0,0,1
2,0,0,0,0,0,0,3,0,3,0,0,0,1
2,0,0,0,0,0,0,2,0,2,0,0,0,1
2,0,0,0,0,0,0,5,0,5,0,0,0,1
51,1.4,35.6,2.2,4,4,178,0,5,0,5,11,16,1
69,1,15.7777777778,1.4444444444,8,17,284,0,18,0,18,36,136,1
7,1.75,11.25,1.25,2,1,45,0,4,0,4,10,2,1
7,2.2857142857,28.2857142857,5.4285714286,9,5,198,2,7,2,7,33,45,1
2,0,0,0,0,0,0,3,0,3,0,0,0,1
1,0,0,0,0,0,0,1,0,1,0,0,0,1
58,2.3333333333,25.2424242424,3.0909090909,7,1,833,8,33,8,33,203,7,0
2,0,0,0,0,0,0,5,0,5,0,0,0,1
12,3.5,32.8333333333,1.6666666667,0,1,197,2,6,2,6,16,0,1
1,3.3333333333,57,1.6666666667,1,1,171,0,3,0,3,6,1,1
0,0,0,0,0,0,0,2,0,2,0,0,0,1
14,1,29,1.5,1,2,58,0,2,0,2,3,2,1
0,0,0,0,0,0,0,0,0,0,0,0,0,1
0,0,0,0,0,0,0,0,0,0,0,0,0,1
0,0,0,0,0,0,0,0,0,0,0,0,0,1
11,4.6923076923,81.6153846154,7.1538461538,26,5,1061,0,13,0,13,130,130,0
1,0,0,0,0,0,0,2,0,2,0,0,0,1
37,1.7777777778,27.1111111111,4.5,9,6,488,2,18,2,18,85,54,1
23,3.880952381,55.1428571429,6.3333333333,33,21,2316,0,42,0,42,335,693,0
3,0,0,0,0,0,0,3,0,3,0,0,0,1
3,0,0,0,0,0,0,6,0,6,0,0,0,1
2,0,0,0,0,0,0,3,0,3,0,0,0,1
4,0,0,0,0,0,0,4,0,4,0,0,0,1
4,2.7894736842,28.2631578947,4.4210526316,11,1,537,0,19,0,19,219,11,0
4,3.5,43,4.75,9,1,172,0,4,0,4,39,9,1
0,11,102.3333333333,4,20,2,307,0,3,0,3,57,40,1
2,0,0,0,0,0,0,4,0,4,0,0,0,1
31,3.9166666667,72.3611111111,7.0833333333,26,4,2605,3,36,3,36,374,104,0
6,0,0,0,0,0,0,11,0,11,0,0,0,1
5,9.75,112,9.5,16,1,896,0,8,0,8,110,16,0
0,7.9090909091,97.2727272727,6.1818181818,42,1,2140,0,22,0,22,341,42,0
1,0,0,0,0,0,0,8,0,8,0,0,0,1
1,0,0,0,0,0,0,4,0,4,0,0,0,1
5,4.6666666667,103.3333333333,8,6,2,310,0,3,0,3,27,12,1
3,4.1481481481,57,4.9259259259,34,1,1539,0,27,0,27,394,34,0
3,6.2,95,4.8,12,1,475,0,5,0,5,68,12,1
0,9.4,91.4,6.6,21,1,457,0,5,0,5,60,21,1
2,0,0,0,0,0,0,10,0,10,0,0,0,1
8,7.9615384615,95.4615384615,5.8846153846,31,6,2482,0,26,0,26,380,186,0
1,0,0,0,0,0,0,18,0,18,0,0,0,1
1,0,0,0,0,0,0,10,0,10,0,0,0,1
1,0,0,0,0,0,0,4,0,4,0,0,0,1
1,0,0,0,0,0,0,4,0,4,0,0,0,1
2,0,0,0,0,0,0,2,0,2,0,0,0,1
2,0,0,0,0,0,0,2,0,2,0,0,0,1
19,3.652173913,64.6086956522,6.347826087,40,12,1486,0,23,0,23,312,480,0
0,7.4166666667,99.5833333333,7.8333333333,29,2,1195,0,12,0,12,249,58,0
2,4.1666666667,82.3333333333,5,17,2,494,0,6,0,6,112,34,1
4,0,0,0,0,0,0,7,0,7,0,0,0,1
0,3.625,38.5,6,21,4,308,0,8,0,8,107,84,1
0,0,0,0,0,0,0,2,0,2,0,0,0,1
43,1.5833333333,36.5555555556,6.2222222222,11,25,1316,0,36,0,36,159,275,0
6,4,45.0416666667,3.75,20,4,1081,0,24,0,24,204,80,0
6,0,0,0,0,0,0,4,0,4,0,0,0,1
14,1,42.5,5.75,11,7,340,0,8,0,8,36,77,0
31,2.25,56.75,6.125,12,5,454,0,8,0,8,53,60,0
4,3,63,5.5,7,1,126,0,2,0,2,19,7,1
0,6,72,5.6666666667,15,1,216,0,3,0,3,35,15,1
1,0,0,0,0,0,0,2,0,2,0,0,0,1
3,0,0,0,0,0,0,4,0,4,0,0,0,1
4,1,33,9,4,1,33,0,1,0,1,9,4,1
0,0,0,0,0,0,0,3,0,3,0,0,0,1
11,5.375,48,5.75,9,3,384,0,8,0,8,44,27,0
9,2,34.1818181818,3.2727272727,15,4,376,4,11,4,11,113,60,0
8,8.0243902439,107.9268292683,6.512195122,41,1,4425,0,41,0,41,831,41,0
1,0,0,0,0,0,0,3,0,3,0,0,0,1
1,0,0,0,0,0,0,3,0,3,0,0,0,1
8,2.6829268293,49,4.6341463415,34,2,2009,0,41,0,41,361,68,0
2,0,0,0,0,0,0,1,0,1,0,0,0,1
2,0,0,0,0,0,0,4,0,4,0,0,0,1
2,0,0,0,0,0,0,11,0,11,0,0,0,1
19,5.3333333333,68.696969697,6.8787878788,48,29,2267,0,33,0,33,284,1392,0
34,0,0,0,0,0,0,3,0,3,0,0,0,1
2,0,0,0,0,0,0,4,0,4,0,0,0,1
8,0,0,0,0,0,0,3,0,3,0,0,0,1
43,3.6504065041,53.7113821138,6.8617886179,57,56,13213,0,246,0,246,2746,3192,0
2,0,0,0,0,0,0,25,0,25,0,0,0,1
1,0,0,0,0,0,0,20,0,20,0,0,0,1
1,0,0,0,0,0,0,24,0,24,0,0,0,1
1,0,0,0,0,0,0,4,0,4,0,0,0,1
1,0,0,0,0,0,0,7,0,7,0,0,0,1
1,0,0,0,0,0,0,2,0,2,0,0,0,1
1,0,0,0,0,0,0,3,0,3,0,0,0,1
1,0,0,0,0,0,0,6,0,6,0,0,0,1
1,0,0,0,0,0,0,3,0,3,0,0,0,1
1,0,0,0,0,0,0,3,0,3,0,0,0,1
1,0,0,0,0,0,0,3,0,3,0,0,0,1
1,0,0,0,0,0,0,5,0,5,0,0,0,1
1,0,0,0,0,0,0,2,0,2,0,0,0,1
4,0,0,0,0,0,0,4,0,4,0,0,0,1
4,0,0,0,0,0,0,8,0,8,0,0,0,1
2,0,0,0,0,0,0,2,0,2,0,0,0,1
6,0,0,0,0,0,0,27,0,27,0,0,0,1
4,0,0,0,0,0,0,2,0,2,0,0,0,1
3,0,0,0,0,0,0,2,0,2,0,0,0,1
0,2.2857142857,37,5.0952380952,12,3,777,0,21,0,21,181,36,0
6,1.1764705882,71.9411764706,8.0588235294,20,13,1223,0,17,0,17,177,260,0
3,0,0,0,0,0,0,8,0,8,0,0,0,1
0,0,0,0,0,0,0,2,0,2,0,0,0,1
0,0,0,0,0,0,0,2,0,2,0,0,0,1
6,0,0,0,0,0,0,6,0,6,0,0,0,1
0,3.0357142857,43,7.1071428571,24,11,1204,1,28,1,28,238,264,0
4,0,0,0,0,0,0,10,0,10,0,0,0,1
1,0,0,0,0,0,0,3,0,3,0,0,0,1
0,2.3333333333,21,4,8,4,126,0,6,0,6,38,32,1
4,0,0,0,0,0,0,4,0,4,0,0,0,1
0,6.6666666667,67.5833333333,3.5833333333,19,4,811,0,12,0,12,117,76,1
19,1,18.5,5.25,6,4,74,0,4,0,4,18,24,1
18,2.2,43.6333333333,5.7333333333,18,25,1309,1,30,1,30,229,450,0
1,0,0,0,0,0,0,2,0,2,0,0,0,1
1,0,0,0,0,0,0,7,0,7,0,0,0,1
0,3.875,31,2.5,11,3,248,0,8,0,8,56,33,1
0,4,37,3.4,10,4,185,0,5,0,5,34,40,1
2,3.625,31.7083333333,4.125,11,2,761,0,24,0,24,123,22,1
1,0,0,0,0,0,0,8,0,8,0,0,0,1
1,0,0,0,0,0,0,2,0,2,0,0,0,1
0,0,0,0,0,0,0,1,0,1,0,0,0,1
18,2.6511627907,51.511627907,2.488372093,47,63,4430,6,86,6,86,622,2961,0
16,0,0,0,0,0,0,17,0,17,0,0,0,1
2,0,0,0,0,0,0,6,0,6,0,0,0,1
4,0,0,0,0,0,0,16,0,16,0,0,0,1
1,0,0,0,0,0,0,1,0,1,0,0,0,1
11,0,0,0,0,0,0,2,0,2,0,0,0,1
4,0,0,0,0,0,0,3,0,3,0,0,0,1
0,3.7777777778,36.7222222222,2.7777777778,16,7,661,1,18,1,18,122,112,1
1,0,0,0,0,0,0,7,0,7,0,0,0,1
0,0,0,0,0,0,0,1,0,1,0,0,0,1
0,7.4166666667,63.5833333333,4.0833333333,11,8,763,4,12,4,12,49,88,0
0,5.8,57.2,2.6,4,4,286,0,5,0,5,35,16,1
2,0,0,0,0,0,0,6,0,6,0,0,0,1
2,0,0,0,0,0,0,3,0,3,0,0,0,1
2,0,0,0,0,0,0,17,0,17,0,0,0,1
1,0,0,0,0,0,0,3,0,3,0,0,0,1
0,4.5,39,3,5,2,78,0,2,0,2,11,10,1
0,7,62,3,5,1,62,0,1,0,1,10,5,1
0,11,96,3,5,1,96,0,1,0,1,13,5,1
0,5.4,54.6,4,15,1,273,0,5,0,5,63,15,1
0,7.6666666667,58.6666666667,2.3333333333,11,1,176,0,3,0,3,32,11,1
0,7.5,68.5,3.5,9,1,137,0,2,0,2,24,9,1
0,7.5,87.5,3.5,13,1,175,0,2,0,2,26,13,1
0,23,186,3,18,1,186,0,1,0,1,34,18,1
3,6.296875,61.484375,2.671875,46,33,3935,5,64,5,64,642,1518,0
1,0,0,0,0,0,0,5,0,5,0,0,0,1
2,0,0,0,0,0,0,2,0,2,0,0,0,1
1,0,0,0,0,0,0,5,0,5,0,0,0,1
1,0,0,0,0,0,0,2,0,2,0,0,0,1
4,0,0,0,0,0,0,2,0,2,0,0,0,1
1,0,0,0,0,0,0,2,0,2,0,0,0,1
1,0,0,0,0,0,0,2,0,2,0,0,0,1
1,0,0,0,0,0,0,6,0,6,0,0,0,1
0,2.0784313725,36.0784313725,2.9411764706,17,27,1840,5,51,5,51,298,459,0
1,0,0,0,0,0,0,2,0,2,0,0,0,1
1,0,0,0,0,0,0,2,0,2,0,0,0,1
2,0,0,0,0,0,0,5,0,5,0,0,0,1
0,8,69,3,5,1,69,0,1,0,1,17,5,1
0,9,88.5,8.75,19,1,354,0,4,0,4,62,19,1
1,0,0,0,0,0,0,3,0,3,0,0,0,1
0,8,76,3,7,1,76,0,1,0,1,13,7,1
0,10,111,3,7,1,111,0,1,0,1,17,7,1
0,11,107,3,9,1,107,0,1,0,1,20,9,1
4,2,33.1666666667,2.5,7,2,199,5,6,5,6,55,14,1
48,2.1489361702,37.2765957447,3.4893617021,46,37,1752,39,47,39,47,286,1702,0
44,0,0,0,0,0,0,79,0,79,0,0,0,1
0,0,0,0,0,0,0,10,0,10,0,0,0,1
3,0,0,0,0,0,0,2,0,2,0,0,0,1
6,0,0,0,0,0,0,3,0,3,0,0,0,1
1,2.8571428571,17.7142857143,2.7142857143,7,7,124,7,7,7,7,36,49,1
0,5,62,3,8,1,62,0,1,0,1,15,8,1
0,1,1,2,0,1,1,0,1,0,1,1,0,1
0,1,1,2,0,1,1,0,1,0,1,1,0,1
0,4.5,62,3,13,1,124,0,2,0,2,34,13,1
1,0,0,0,0,0,0,4,0,4,0,0,0,1
6,4.6875,59.5625,3.375,23,4,953,4,16,4,16,140,92,0
0,0,0,0,0,0,0,6,0,6,0,0,0,1
1,0,0,0,0,0,0,3,0,3,0,0,0,1
0,18,143,3,10,1,143,0,1,0,1,31,10,1
0,7,54,3,6,1,54,0,1,0,1,21,6,1
0,7.8,80.2,2.2,16,1,401,0,5,0,5,82,16,1
0,10,85,3,10,1,85,0,1,0,1,27,10,1
1,5.0666666667,53.2,6.5333333333,17,4,798,1,15,1,15,107,68,1
2,0,0,0,0,0,0,12,0,12,0,0,0,1
0,8,112,3,9,1,112,0,1,0,1,18,9,1
0,2,53,3,6,1,53,0,1,0,1,11,6,1
0,6,91,3,6,1,91,0,1,0,1,19,6,1
0,17.6,123,3,22,1,615,0,5,0,5,114,22,1
0,13.3333333333,120.3333333333,6.3333333333,17,1,361,0,3,0,3,75,17,1
2,0,0,0,0,0,0,8,0,8,0,0,0,1
0,3,31.5,3.5,8,1,63,0,2,0,2,19,8,1
0,13.5,107.3333333333,5,25,1,644,0,6,0,6,139,25,0
0,15.75,133.75,7,17,1,535,1,4,1,4,73,17,1
0,6.5,71.25,6,11,1,285,0,4,0,4,39,11,1
0,8,62,3,8,1,62,0,1,0,1,23,8,1
0,9,63,3,8,1,63,0,1,0,1,24,8,1
0,40.2857142857,144.5714285714,2,10,7,1012,0,7,0,7,64,70,1
4,0,0,0,0,0,0,13,0,13,0,0,0,1
0,1,9,2,0,1,9,0,1,0,1,1,0,1
0,68,241.5,2.25,10,3,966,0,4,0,4,67,30,1
0,5,54,3,6,1,54,0,1,0,1,15,6,1
0,4,58,3,7,1,58,0,1,0,1,16,7,1
0,11.5,147,3,17,1,294,0,2,0,2,56,17,1
2,0,0,0,0,0,0,2,0,2,0,0,0,1
0,7.6,79.6,6,21,1,398,0,5,0,5,82,21,1
0,8.6666666667,90.6666666667,4.3333333333,14,1,272,0,3,0,3,56,14,1
1,0,0,0,0,0,0,2,0,2,0,0,0,1
0,5,44.6,3.4,10,3,223,0,5,0,5,36,30,1
3,0,0,0,0,0,0,2,0,2,0,0,0,1
2,0,0,0,0,0,0,5,0,5,0,0,0,1
23,3.3181818182,45.2727272727,5.5909090909,37,20,1992,0,44,0,44,296,740,0
2,0,0,0,0,0,0,3,0,3,0,0,0,1
2,0,0,0,0,0,0,6,0,6,0,0,0,1
0,13,139,3,11,1,139,0,1,0,1,29,11,1
0,6,76,3,5,1,76,0,1,0,1,9,5,1
0,15,111,3,8,1,111,0,1,0,1,23,8,1
0,5,46,3,5,1,46,0,1,0,1,12,5,1
0,4,39,3,5,1,39,0,1,0,1,11,5,1
0,5.1666666667,51.6666666667,2.8333333333,17,1,310,0,6,0,6,99,17,1
3,0,0,0,0,0,0,2,0,2,0,0,0,1
0,9.5555555556,57,4.2222222222,14,1,513,0,9,0,9,47,14,0
20,5.0975609756,59.1707317073,6.8292682927,39,2,2426,0,41,0,41,598,78,0
4,0,0,0,0,0,0,6,0,6,0,0,0,1
0,5.7777777778,62.5555555556,5.3333333333,26,8,563,1,9,1,9,120,208,0
0,26.2857142857,175.2857142857,2,31,2,1227,4,7,4,7,198,62,0
0,9,81,3.5,12,1,162,0,2,0,2,40,12,1
0,2,24,3,4,1,24,0,1,0,1,8,4,1
0,7,74,3,11,1,148,0,2,0,2,36,11,1
0,2,35,3,5,1,35,0,1,0,1,9,5,1
0,4.9756097561,40.0975609756,2.8292682927,33,2,1644,26,41,26,41,407,66,0
1,0,0,0,0,0,0,27,0,27,0,0,0,1
1,0,0,0,0,0,0,2,0,2,0,0,0,1
1,0,0,0,0,0,0,3,0,3,0,0,0,1
0,4.8076923077,46.8846153846,2.5769230769,27,10,1219,6,26,6,26,289,270,0
1,0,0,0,0,0,0,2,0,2,0,0,0,1
1,0,0,0,0,0,0,16,0,16,0,0,0,1
1,0,0,0,0,0,0,9,0,9,0,0,0,1
2,0,0,0,0,0,0,13,0,13,0,0,0,1
1,0,0,0,0,0,0,12,0,12,0,0,0,1
0,4.86,43.58,3.5,35,1,2179,20,50,20,50,494,35,0
1,0,0,0,0,0,0,24,0,24,0,0,0,1
1,0,0,0,0,0,0,17,0,17,0,0,0,1
1,0,0,0,0,0,0,4,0,4,0,0,0,1
0,7.5217391304,52.652173913,3.9130434783,29,1,1211,0,23,0,23,197,29,0
0,0,0,0,0,0,0,5,0,5,0,0,0,1
1,0,0,0,0,0,0,2,0,2,0,0,0,1
1,3.36,41.12,4.72,26,1,1028,0,25,0,25,310,26,0
2,0,0,0,0,0,0,9,0,9,0,0,0,1
1,4,41.4166666667,3.3333333333,30,1,994,0,24,0,24,299,30,1
1,0,0,0,0,0,0,4,0,4,0,0,0,1
0,3.8636363636,44.7727272727,4.4545454545,40,6,985,5,22,5,22,239,240,0
1,0,0,0,0,0,0,3,0,3,0,0,0,1
2,0,0,0,0,0,0,26,0,26,0,0,0,1
0,7,40,3,0,1,80,1,2,1,2,4,0,1
0,3.4302325581,36.2209302326,4.0930232558,47,4,3115,2,86,2,86,961,188,0
1,0,0,0,0,0,0,5,0,5,0,0,0,1
1,0,0,0,0,0,0,7,0,7,0,0,0,1
1,0,0,0,0,0,0,3,0,3,0,0,0,1
1,0,0,0,0,0,0,2,0,2,0,0,0,1
2,0,0,0,0,0,0,3,0,3,0,0,0,1
2,1,52.5,3.375,19,6,420,0,8,0,8,88,114,1
2,0,0,0,0,0,0,22,0,22,0,0,0,1
3,0,0,0,0,0,0,16,0,16,0,0,0,1
0,14,113,1.5714285714,23,1,791,1,7,1,7,85,23,1
1,0,0,0,0,0,0,3,0,3,0,0,0,1
0,0,0,0,0,0,0,0,0,0,0,0,0,1
0,4.9230769231,44.1538461538,3.5641025641,35,1,1722,8,39,8,39,363,35,0
1,0,0,0,0,0,0,11,0,11,0,0,0,1
1,0,0,0,0,0,0,9,0,9,0,0,0,1
1,2.4736842105,25.7368421053,4.2105263158,16,1,489,0,19,0,19,176,16,0
0,6.4,49.2,1.6,15,1,246,0,5,0,5,42,15,1
0,2.6,29.4,4,8,1,147,0,5,0,5,27,8,1
0,3.375,29.75,2.375,18,1,238,0,8,0,8,79,18,1
1,0,0,0,0,0,0,3,0,3,0,0,0,1
0,3.3333333333,62.3333333333,2.7777777778,25,3,561,2,9,2,9,95,75,1
1,0,0,0,0,0,0,3,0,3,0,0,0,1
1,0,0,0,0,0,0,3,0,3,0,0,0,1
0,6.5,41.5,2,3,1,83,0,2,0,2,18,3,1
0,4,41.5,2.8,9,1,415,3,10,3,10,53,9,1
0,2.8571428571,21.1428571429,2.4285714286,5,1,148,2,7,2,7,41,5,1
0,7,71,2,7,1,71,0,1,0,1,9,7,1
0,6.2,43.6,4.4,5,1,218,0,5,0,5,21,5,1
0,7,63,1,5,1,63,1,1,1,1,12,5,1
0,2.7391304348,106.347826087,2.347826087,15,1,2446,2,23,2,23,130,15,1
1,0,0,0,0,0,0,2,0,2,0,0,0,1
0,1.7272727273,61.2727272727,1.4545454545,8,1,674,10,11,10,11,108,8,1
0,3.5961538462,89.2692307692,2.5192307692,19,27,4642,1,52,1,52,405,513,0
0,2.5333333333,44.2,2.3333333333,9,1,663,1,15,1,15,151,9,1
0,4.7857142857,55.7142857143,2.1428571429,12,1,780,3,14,3,14,134,12,1
1,0,0,0,0,0,0,5,0,5,0,0,0,1
0,2.6,67.95,2.5,19,9,1359,1,20,1,20,173,171,0
1,0,0,0,0,0,0,3,0,3,0,0,0,1
1,0,0,0,0,0,0,3,0,3,0,0,0,1
0,2.35,28.4,2.15,15,2,568,4,20,4,20,164,30,0
1,0,0,0,0,0,0,4,0,4,0,0,0,1
0,3.1875,35.875,2.75,10,1,574,1,16,1,16,123,10,1
0,1,21,2.75,9,1,84,1,4,1,4,27,9,1
0,2,20.5555555556,2.1111111111,7,3,185,1,9,1,9,34,21,1
1,1.2,21.4,4.9,8,1,214,0,10,0,10,113,8,1
0,2.55,60.2,3.325,32,12,2408,1,40,1,40,334,384,0
1,0,0,0,0,0,0,3,0,3,0,0,0,1
1,0,0,0,0,0,0,2,0,2,0,0,0,1
1,0,0,0,0,0,0,2,0,2,0,0,0,1
1,0,0,0,0,0,0,2,0,2,0,0,0,1
1,0,0,0,0,0,0,5,0,5,0,0,0,1
1,0,0,0,0,0,0,4,0,4,0,0,0,1
1,0,0,0,0,0,0,2,0,2,0,0,0,1
1,0,0,0,0,0,0,5,0,5,0,0,0,1
1,0,0,0,0,0,0,4,0,4,0,0,0,1
0,16,178,1,2,1,178,1,1,1,1,4,2,1
0,3,29,2.4285714286,7,1,203,1,7,1,7,39,7,1
0,1.6666666667,26.3333333333,1,4,3,79,1,3,1,3,14,12,1
0,4.6666666667,54.6666666667,1,3,3,164,1,3,1,3,13,9,1
0,5.1428571429,30.7142857143,1.2857142857,5,1,215,9,7,9,7,49,5,1
0,5,42,2,3,2,126,1,3,1,3,18,6,1
0,3.6363636364,50.1363636364,1,6,41,2206,5,44,5,44,187,246,0
1,0,0,0,0,0,0,2,0,2,0,0,0,1
1,0,0,0,0,0,0,2,0,2,0,0,0,1
1,0,0,0,0,0,0,3,0,3,0,0,0,1
1,0,0,0,0,0,0,3,0,3,0,0,0,1
0,7.5,73.5,1,2,2,147,1,2,1,2,17,4,1
21,2.3333333333,35,1,5,1,105,4,3,4,3,20,5,1
0,6.6666666667,56.8333333333,1.3333333333,6,1,341,2,6,2,6,58,6,1
1,0,0,0,0,0,0,4,0,4,0,0,0,1
0,3.9615384615,53.0769230769,1.7307692308,11,2,1380,10,26,10,26,149,22,1
1,0,0,0,0,0,0,3,0,3,0,0,0,1
2,3.8,32.8,3.8,3,1,164,3,5,3,5,30,3,1
1,0,0,0,0,0,0,4,0,4,0,0,0,1
0,5,51,2,2,1,51,0,1,0,1,4,2,1
0,2.2142857143,39.3571428571,1.5714285714,5,1,551,3,14,3,14,96,5,1
0,7,78.5,1,6,2,157,1,2,1,2,12,12,1
0,3.6785714286,55.1428571429,1.2142857143,7,27,1544,1,28,1,28,95,189,1
0,8,85,1,2,1,85,1,1,1,1,4,2,1
0,3.9333333333,21.9666666667,1.9,8,1,659,3,30,3,30,159,8,1
1,0,0,0,0,0,0,3,0,3,0,0,0,1
0,2,34.9,1.7,2,7,349,2,10,2,10,42,14,1
0,3.0909090909,60,1.0909090909,8,9,660,1,11,1,11,95,72,1
146,2.0588235294,17,1.4705882353,6,1,578,6,34,6,34,188,6,0
0,2,33.2,1,7,4,166,1,5,1,5,29,28,1
1,0,0,0,0,0,0,4,0,4,0,0,0,1
1,0,0,0,0,0,0,4,0,4,0,0,0,1
0,4.1666666667,27.1666666667,1.1666666667,4,3,163,9,6,9,6,44,12,1
1,0,0,0,0,0,0,8,0,8,0,0,0,1
8,2,20.3636363636,1.2727272727,6,1,896,2,44,2,44,100,6,1
0,2.8333333333,40.8333333333,1.1666666667,4,4,245,2,6,2,6,22,16,1
0,1.2,47,3.1,18,5,470,1,10,1,10,106,90,1
0,1.8,75.4,1.9333333333,10,1,1131,2,15,2,15,86,10,1
0,1.6,64.2,1.8,16,1,321,3,5,3,5,51,16,1
0,1.8059701493,79.2835820896,2.3731343284,27,4,5312,1,67,1,67,609,108,0
1,0,0,0,0,0,0,9,0,9,0,0,0,1
1,0,0,0,0,0,0,4,0,4,0,0,0,1
1,0,0,0,0,0,0,3,0,3,0,0,0,1
1,0,0,0,0,0,0,2,0,2,0,0,0,1
0,1.4,48.4,3.4,11,1,242,1,5,1,5,43,11,1
6,1.1904761905,15.9523809524,2.6666666667,23,13,335,0,21,0,21,124,299,1
3,0,0,0,0,0,0,4,0,4,0,0,0,1
0,3,32,3,7,1,64,0,2,0,2,13,7,1
0,3,35.5,2.5,8,1,71,0,2,0,2,13,8,1
0,7.0909090909,48.9090909091,1.5454545455,2,5,538,3,11,3,11,49,10,1
1,0,0,0,0,0,0,16,0,16,0,0,0,1
0,2.8,38.8,1.6,11,3,194,2,5,2,5,42,33,1
1,0,0,0,0,0,0,5,0,5,0,0,0,1
0,0,0,0,0,0,0,2,0,2,0,0,0,1
10,1,9.5,1,2,2,19,2,2,2,2,4,4,1
6,0,0,0,0,0,0,3,0,3,0,0,0,1
8,0,0,0,0,0,0,5,0,5,0,0,0,1
2,0,0,0,0,0,0,2,0,2,0,0,0,1
2,0,0,0,0,0,0,2,0,2,0,0,0,1
11,1.7368421053,33.5263157895,3.4736842105,16,2,637,1,19,1,19,125,32,1
1,0,0,0,0,0,0,3,0,3,0,0,0,1
2,9.7142857143,57.4285714286,1.8571428571,10,2,402,11,7,11,7,59,20,0
0,1,9,0,1,1,9,0,1,0,1,2,1,1
0,1,9,0,1,1,9,0,1,0,1,2,1,1
0,2.1818181818,23,4.4545454545,21,1,253,0,11,0,11,68,21,1
0,6.5,56,5.5,11,1,112,0,2,0,2,32,11,1
0,11.5,84.5,3,15,1,169,0,2,0,2,56,15,1
0,16.2,131.2,1.6,28,2,656,4,5,4,5,104,56,1
0,3.4444444444,27.5555555556,1.7777777778,6,1,496,3,18,3,18,85,6,1
1,0,0,0,0,0,0,11,0,11,0,0,0,1
1,0,0,0,0,0,0,3,0,3,0,0,0,1
0,3.25,36.515625,3.375,33,1,2337,0,64,0,64,624,33,0
1,0,0,0,0,0,0,3,0,3,0,0,0,1
1,0,0,0,0,0,0,4,0,4,0,0,0,1
1,0,0,0,0,0,0,2,0,2,0,0,0,1
1,0,0,0,0,0,0,3,0,3,0,0,0,1
1,0,0,0,0,0,0,3,0,3,0,0,0,1
1,0,0,0,0,0,0,7,0,7,0,0,0,1
1,0,0,0,0,0,0,5,0,5,0,0,0,1
1,0,0,0,0,0,0,6,0,6,0,0,0,1
1,0,0,0,0,0,0,3,0,3,0,0,0,1
1,0,0,0,0,0,0,5,0,5,0,0,0,1
1,0,0,0,0,0,0,3,0,3,0,0,0,1
1,0,0,0,0,0,0,5,0,5,0,0,0,1
2,0,0,0,0,0,0,12,0,12,0,0,0,1
0,3.2222222222,29.6666666667,2,13,1,267,4,9,4,9,55,13,1
1,0,0,0,0,0,0,2,0,2,0,0,0,1
0,7.6,41.4,3.8,15,1,207,0,5,0,5,31,15,1
0,4.4,32.6,3.8,14,1,163,0,5,0,5,29,14,1
0,4.75,54.5,4,14,1,218,0,4,0,4,26,14,1
0,8.8333333333,45.1666666667,3.8333333333,20,1,271,0,6,0,6,52,20,1
0,3,16,2,0,1,16,1,1,1,1,2,0,1
0,5.1666666667,34.6666666667,3.8333333333,17,1,208,0,6,0,6,37,17,1
0,3.1515151515,36.1818181818,3.7878787879,27,1,1194,0,33,0,33,274,27,0
1,0,0,0,0,0,0,2,0,2,0,0,0,1
1,0,0,0,0,0,0,4,0,4,0,0,0,1
1,0,0,0,0,0,0,5,0,5,0,0,0,1
1,0,0,0,0,0,0,2,0,2,0,0,0,1
0,6.5833333333,43.6666666667,2.25,9,2,524,2,12,2,12,80,18,1
1,0,0,0,0,0,0,3,0,3,0,0,0,1
1,0,0,0,0,0,0,11,0,11,0,0,0,1
0,4.5,31.75,2.5,8,1,127,1,4,1,4,24,8,1
0,3.0714285714,28.7857142857,2.2857142857,19,1,403,2,14,2,14,84,19,1
1,0,0,0,0,0,0,2,0,2,0,0,0,1
1,0,0,0,0,0,0,2,0,2,0,0,0,1
0,6.5555555556,52.6666666667,3,15,3,474,5,9,5,9,83,45,0
1,0,0,0,0,0,0,9,0,9,0,0,0,1
